pair,open_date,close_date,open_rate,close_rate,leverage,is_short,stake_amount,amount,profit_ratio,profit_abs,trade_duration,exit_reason,funding_fees
BNB/USDT:USDT,2026-01-01 08:00:00+00:00,2026-01-01 20:00:00+00:00,859.91,861.81,10.0,True,99.74956,1.16,-0.03342155676023843,-3.33178531,720,b434_stop,0.07053181141647806
1000PEPE/USDT:USDT,2026-01-01 16:00:00+00:00,2026-01-01 20:00:00+00:00,0.00426,0.0046822,10.0,False,99.999666,234741.0,0.9768990248855175,97.74818995,240,b434_limit,-0.099999666
FIL/USDT:USDT,2026-01-01 16:00:00+00:00,2026-01-01 20:00:00+00:00,1.503,1.517,10.0,False,99.99459,665.3,0.08068708803774308,8.07311325,240,b434_stop,-0.035563154758576646
AAVE/USDT:USDT,2026-01-01 20:00:00+00:00,2026-01-01 20:00:00+00:00,148.57,148.57,10.0,False,99.5419,6.7,-0.011992804317409553,-1.1945028,0,b434_stop,0.0
AVAX/USDT:USDT,2026-01-01 20:00:00+00:00,2026-01-01 20:00:00+00:00,13.547,13.547,10.0,False,98.8931,73.0,-0.011992804317409553,-1.1867172,0,b434_stop,0.0
ONDO/USDT:USDT,2026-01-01 20:00:00+00:00,2026-01-01 20:00:00+00:00,0.3825,0.3825,10.0,False,99.996975,2614.3,-0.012052568467869548,-1.20594352,0,b434_stop,-0.005979819105000001
PENGU/USDT:USDT,2026-01-01 20:00:00+00:00,2026-01-01 20:00:00+00:00,0.009309,0.009309,10.0,False,99.9991398,107422.0,-0.01249245085402587,-1.24998388,0,b434_stop,-0.0499941988
NIL/USDT:USDT,2026-01-01 20:00:00+00:00,2026-01-02 00:00:00+00:00,0.07534,0.07563,10.0,False,99.9995354,13273.1,0.025451553386833685,2.5466706,240,b434_stop,-0.10022445471605002
ORCA/USDT:USDT,2026-01-01 20:00:00+00:00,2026-01-02 00:00:00+00:00,1.1,1.102,10.0,False,99.99,909.0,0.006342643358879162,0.63458143,240,b434_stop,0.017552232601199997
BTC/USDT:USDT,2026-01-02 00:00:00+00:00,2026-01-02 00:00:00+00:00,88800.0,88800.0,10.0,False,97.68,0.011,-0.012553267384368724,-1.22693888,0,b434_stop,-0.054778882311999996
SOL/USDT:USDT,2026-01-02 00:00:00+00:00,2026-01-02 00:00:00+00:00,126.84,126.84,10.0,False,99.94992,7.88,-0.012992189178726474,-1.29934741,0,b434_stop,-0.09994836659196
XLM/USDT:USDT,2026-01-02 00:00:00+00:00,2026-01-02 00:00:00+00:00,0.20848,0.20848,10.0,False,99.987008,4796.0,-0.012026184268764057,-1.20318366,0,b434_stop,-0.0033395660672
BEAMX/USDT:USDT,2026-01-02 04:00:00+00:00,2026-01-02 04:00:00+00:00,0.002856,0.002856,10.0,False,99.999984,350140.0,-0.012492198280982388,-1.24996916,0,b434_stop,-0.04996935475
UNI/USDT:USDT,2026-01-02 04:00:00+00:00,2026-01-02 04:00:00+00:00,5.808,5.808,10.0,False,99.8976,172.0,-0.011992804317409553,-1.1987712,0,b434_stop,0.0
TRUMP/USDT:USDT,2026-01-02 04:00:00+00:00,2026-01-02 04:00:00+00:00,4.875,4.875,10.0,False,99.996,205.12,-0.012052270217932443,-1.20590192,0,b434_stop,-0.00594992141700768
MUBARAK/USDT:USDT,2026-01-02 12:00:00+00:00,2026-01-02 12:00:00+00:00,0.01735,0.01735,10.0,True,99.99846,57636.0,-0.01150669311261966,-1.1499612,0,b434_stop,0.050020324776
DOGE/USDT:USDT,2026-01-01 16:00:00+00:00,2026-01-02 16:00:00+00:00,0.12464,0.13523,10.0,False,99.998672,8023.0,0.8325092962791212,83.29977395,1440,b434_limit,-0.412833846762
ENA/USDT:USDT,2026-01-01 16:00:00+00:00,2026-01-02 16:00:00+00:00,0.208,0.2317,10.0,False,99.9856,4807.0,1.1223722036480948,112.28839084,1440,b434_limit,-0.36932642231650004
1000SHIB/USDT:USDT,2026-01-01 16:00:00+00:00,2026-01-02 16:00:00+00:00,0.00718,0.007814,10.0,False,99.99945,139275.0,0.8690158225612397,86.95324496,1440,b434_limit,-0.09413143453053
DOT/USDT:USDT,2026-01-01 16:00:00+00:00,2026-01-02 20:00:00+00:00,1.893,2.111,10.0,False,99.98826,528.2,1.1340939359520865,113.46411698,1680,b434_limit,-0.4145353399870001
XRP/USDT:USDT,2026-01-01 20:00:00+00:00,2026-01-02 20:00:00+00:00,1.8733,1.9911,10.0,False,99.996754,533.8,0.6132520904522825,61.36001236,1440,b434_limit,-0.2839376030756002
SUI/USDT:USDT,2026-01-01 20:00:00+00:00,2026-01-02 20:00:00+00:00,1.45,1.588,10.0,False,99.992,689.6,0.9354942207089539,93.59806328,1440,b434_limit,-0.30973384000000004
VIRTUAL/USDT:USDT,2026-01-01 20:00:00+00:00,2026-01-02 20:00:00+00:00,0.6867,0.758,10.0,False,99.997254,1456.2,1.0217307360184356,102.23157009,1440,b434_limit,-0.3332266269777
BCH/USDT:USDT,2026-01-02 20:00:00+00:00,2026-01-02 20:00:00+00:00,611.67,611.67,10.0,False,99.946878,1.634,-0.011992804357406817,-1.19936254,0,b434_stop,0.0
QNT/USDT:USDT,2026-01-01 12:00:00+00:00,2026-01-03 00:00:00+00:00,71.5,79.11,10.0,False,99.385,13.9,1.0474798348841978,104.16624566,2160,b434_limit,-0.356666943195736
TAO/USDT:USDT,2026-01-01 12:00:00+00:00,2026-01-03 00:00:00+00:00,224.23,248.92,10.0,False,99.984157,4.459,1.0836804752250535,108.4158893,2160,b434_limit,-0.41095519072753517
WLD/USDT:USDT,2026-01-01 16:00:00+00:00,2026-01-03 00:00:00+00:00,0.5048,0.5559,10.0,False,99.9504,1980.0,0.9938491503578699,99.39522149,1920,b434_limit,-0.5226669122400001
BNB/USDT:USDT,2026-01-02 16:00:00+00:00,2026-01-03 04:00:00+00:00,878.76,879.67,10.0,False,99.29988,1.13,-0.0031969837620915297,-0.31765058,720,b434_stop,-0.15373504266181515
MUBARAK/USDT:USDT,2026-01-02 20:00:00+00:00,2026-01-03 04:00:00+00:00,0.01843,0.01882,10.0,False,99.999337,54259.0,0.19783929398513272,19.79566851,480,b434_stop,-0.1526528403195
LYN/USDT:USDT,2026-01-03 04:00:00+00:00,2026-01-03 04:00:00+00:00,0.167,0.167,10.0,True,99.9996,5988.0,-0.01137122269121456,-1.13643545,0,b434_stop,0.06355974576
LYN/USDT:USDT,2026-01-03 08:00:00+00:00,2026-01-03 12:00:00+00:00,0.1829,0.17658,10.0,False,99.99143,5467.0,-0.36734592767832264,-36.75348348,240,b434_stop,-1.022877181256315
MUBARAK/USDT:USDT,2026-01-03 12:00:00+00:00,2026-01-03 16:00:00+00:00,0.01784,0.01791,10.0,True,99.998552,56053.0,-0.050289378180190046,-5.02584768,240,b434_stop,0.100199165687
FET/USDT:USDT,2026-01-01 20:00:00+00:00,2026-01-03 20:00:00+00:00,0.2114,0.2328,10.0,False,99.9922,4730.0,0.9950774505404426,99.55968344,2880,b434_limit,-0.401676960855236
HYPE/USDT:USDT,2026-01-03 20:00:00+00:00,2026-01-03 20:00:00+00:00,24.795,24.795,10.0,False,99.998235,40.33,-0.012492702606934573,-1.24999776,0,b434_stop,-0.050018936811405006
FIL/USDT:USDT,2026-01-03 20:00:00+00:00,2026-01-03 20:00:00+00:00,1.476,1.476,10.0,True,99.999,677.5,-0.012007204322593557,-1.199988,0,b434_stop,0.0
ZRO/USDT:USDT,2026-01-01 20:00:00+00:00,2026-01-04 04:00:00+00:00,1.2678,1.3696,10.0,False,99.991386,788.7,0.8014291261502994,80.18409071,3360,b434_limit,1.1425011377233603
ZEC/USDT:USDT,2026-01-04 04:00:00+00:00,2026-01-04 04:00:00+00:00,512.06,512.06,10.0,False,99.954112,1.952,-0.011992804277415187,-1.19944934,0,b434_stop,0.0
ADA/USDT:USDT,2026-01-01 20:00:00+00:00,2026-01-04 08:00:00+00:00,0.3579,0.396,10.0,False,99.99726,2794.0,1.042878605655326,104.34757408,3600,b434_limit,-0.8399879560380001
AXS/USDT:USDT,2026-01-01 16:00:00+00:00,2026-01-04 12:00:00+00:00,0.834,0.94,10.0,False,99.9966,1199.0,1.2488159738346556,124.95227782,4080,b434_limit,-0.8655065825670001
NIL/USDT:USDT,2026-01-04 08:00:00+00:00,2026-01-04 12:00:00+00:00,0.07618,0.07606,10.0,True,99.9999624,13126.8,0.004764054723043631,0.47611945,240,b434_stop,0.09995786475240001
STRK/USDT:USDT,2026-01-01 12:00:00+00:00,2026-01-04 16:00:00+00:00,0.0798,0.0899,10.0,False,99.999774,12531.3,1.2426358934060897,124.33786649,4560,b434_limit,-0.9523265411782555
ARB/USDT:USDT,2026-01-01 16:00:00+00:00,2026-01-04 16:00:00+00:00,0.1948,0.2151,10.0,False,99.998632,5133.4,1.0186233262322237,101.92205571,4320,b434_limit,-1.0234558968517142
PUMP/USDT:USDT,2026-01-04 20:00:00+00:00,2026-01-04 20:00:00+00:00,0.0023,0.0023,10.0,True,99.99986,434782.0,-0.01150687152286808,-1.14999513,0,b434_stop,0.050003190865000005
DOT/USDT:USDT,2026-01-04 20:00:00+00:00,2026-01-04 20:00:00+00:00,2.136,2.136,10.0,True,99.98616,468.1,-0.012007204322593557,-1.19983392,0,b434_stop,0.0
NEAR/USDT:USDT,2026-01-01 16:00:00+00:00,2026-01-05 00:00:00+00:00,1.573,1.728,10.0,False,99.8855,635.0,0.9618888340321765,96.13639438,4800,b434_limit,-1.0309246171192734
GTC/USDT:USDT,2026-01-01 16:00:00+00:00,2026-01-05 00:00:00+00:00,0.136,0.149,10.0,False,99.99944,7352.9,0.8910836197904375,89.16132769,4800,b434_limit,-5.169026407773103
LINK/USDT:USDT,2026-01-01 20:00:00+00:00,2026-01-05 00:00:00+00:00,12.524,13.416,10.0,False,99.991616,79.84,0.6890008110008906,68.9356411,4560,b434_limit,-1.0390091421439251
LYN/USDT:USDT,2026-01-04 04:00:00+00:00,2026-01-05 00:00:00+00:00,0.16164,0.14191,10.0,True,99.990504,6186.0,1.2147638427677852,121.39196997,1200,b434_stop,0.46884614876972347
AIN/USDT:USDT,2026-01-01 20:00:00+00:00,2026-01-05 08:00:00+00:00,0.05097,0.05922,10.0,False,99.998043,19619.0,1.5840771015281936,158.49965288,5040,b434_limit,-2.060006557207606
SUI/USDT:USDT,2026-01-05 08:00:00+00:00,2026-01-05 12:00:00+00:00,1.6861,1.6843,10.0,True,99.98573,593.0,-0.0014131305110383137,-0.14120811,240,b434_stop,-0.009419785825937999
NEAR/USDT:USDT,2026-01-05 12:00:00+00:00,2026-01-05 12:00:00+00:00,1.718,1.718,10.0,True,99.9876,582.0,-0.012007204322593557,-1.1998512,0,b434_stop,0.0
GTC/USDT:USDT,2026-01-05 12:00:00+00:00,2026-01-05 12:00:00+00:00,0.149,0.149,10.0,True,99.99986,6711.4,-0.012007204322593557,-1.19999832,0,b434_stop,0.0
WLD/USDT:USDT,2026-01-05 12:00:00+00:00,2026-01-05 12:00:00+00:00,0.5918,0.5918,10.0,True,99.95502,1689.0,-0.012007204322593557,-1.19946024,0,b434_stop,0.0
ENA/USDT:USDT,2026-01-05 12:00:00+00:00,2026-01-05 12:00:00+00:00,0.2434,0.2434,10.0,True,99.98872,4108.0,-0.011506800468593755,-1.14985992,0,b434_stop,0.050004720376
MOVR/USDT:USDT,2026-01-05 12:00:00+00:00,2026-01-05 12:00:00+00:00,2.674,2.674,10.0,True,99.999578,373.97,-0.011506810615975142,-1.1499858,0,b434_stop,0.05000913825000001
BR/USDT:USDT,2026-01-01 04:00:00+00:00,2026-01-05 16:00:00+00:00,0.06072,0.061,10.0,False,99.999768,16469.0,-0.02385815718982134,-2.38724167,6480,b434_stop,-5.795797664441214
DOGE/USDT:USDT,2026-01-05 12:00:00+00:00,2026-01-05 16:00:00+00:00,0.14772,0.14875,10.0,True,99.991668,6769.0,-0.08144675842728218,-8.13911083,240,b434_stop,0.0370424280184098
AVAX/USDT:USDT,2026-01-05 12:00:00+00:00,2026-01-05 16:00:00+00:00,14.192,14.175,10.0,True,99.344,70.0,0.00021735037318090645,0.0215795,240,b434_stop,0.022993503291927002
1000PEPE/USDT:USDT,2026-01-05 16:00:00+00:00,2026-01-05 16:00:00+00:00,0.0067875,0.0067875,10.0,True,99.99955875,147329.0,-0.011006920891432471,-1.10002682,0,b434_stop,0.09996788301500001
TAO/USDT:USDT,2026-01-05 16:00:00+00:00,2026-01-05 16:00:00+00:00,265.36,265.36,10.0,True,99.987648,3.768,-0.011506679660084621,-1.14983552,0,b434_stop,0.050016254790959995
ONDO/USDT:USDT,2026-01-05 16:00:00+00:00,2026-01-05 16:00:00+00:00,0.4433,0.4433,10.0,True,99.999614,2255.8,-0.011506775254655583,-1.14998268,0,b434_stop,0.050012689873800004
FIL/USDT:USDT,2026-01-05 16:00:00+00:00,2026-01-05 16:00:00+00:00,1.65,1.65,10.0,False,99.99,606.0,-0.012994858650366335,-1.30013553,0,b434_stop,-0.100255525566
SAND/USDT:USDT,2026-01-01 20:00:00+00:00,2026-01-05 20:00:00+00:00,0.11498,0.12602,10.0,False,99.998106,8697.0,0.9345655220781439,93.51085501,5760,b434_limit,-1.246438785462
ZEC/USDT:USDT,2026-01-05 08:00:00+00:00,2026-01-05 20:00:00+00:00,492.73,494.19,10.0,True,99.974917,2.029,-0.04838867925757327,-4.8347516,720,b434_stop,-0.6709351913455
PUMP/USDT:USDT,2026-01-06 00:00:00+00:00,2026-01-06 00:00:00+00:00,0.002504,0.002504,10.0,False,99.9999944,399361.0,-0.012492704077564644,-1.2500199,0,b434_stop,-0.05001996524999999
BCH/USDT:USDT,2026-01-06 00:00:00+00:00,2026-01-06 00:00:00+00:00,644.95,644.95,10.0,True,99.96725,1.55,-0.011494496687008603,-1.14838378,0,b434_stop,0.0512232189
WLD/USDT:USDT,2026-01-05 20:00:00+00:00,2026-01-06 04:00:00+00:00,0.6348,0.6355,10.0,False,99.981,1575.0,-0.0015130048404979478,-0.1513625,480,b434_stop,-0.05342900264919
ONDO/USDT:USDT,2026-01-05 20:00:00+00:00,2026-01-06 04:00:00+00:00,0.4512,0.4586,10.0,False,99.999456,2216.3,0.15052748447015515,15.06169816,480,b434_stop,-0.12908800010675
AIN/USDT:USDT,2026-01-06 04:00:00+00:00,2026-01-06 04:00:00+00:00,0.05315,0.05315,10.0,True,99.99641,18814.0,-0.011315912344915378,-1.13087168,0,b434_stop,0.06908524491529501
GTC/USDT:USDT,2026-01-05 20:00:00+00:00,2026-01-06 08:00:00+00:00,0.154,0.153,10.0,False,99.9999,6493.5,-0.07883872075357184,-7.88859451,720,b434_stop,-0.198991813995
STRK/USDT:USDT,2026-01-06 08:00:00+00:00,2026-01-06 08:00:00+00:00,0.0903,0.0903,10.0,True,99.999123,11074.1,-0.011579747842161238,-1.15726985,0,b434_stop,0.0427196253456
ZRO/USDT:USDT,2026-01-06 08:00:00+00:00,2026-01-06 08:00:00+00:00,1.4025,1.4025,10.0,True,99.99825,713.0,-0.012132561629414267,-1.21250699,0,b434_stop,-0.012527993947000002
NEAR/USDT:USDT,2026-01-06 12:00:00+00:00,2026-01-06 12:00:00+00:00,1.82,1.82,10.0,False,99.918,549.0,-0.011992804317409556,-1.199016,0,b434_stop,0.0
GTC/USDT:USDT,2026-01-06 12:00:00+00:00,2026-01-06 12:00:00+00:00,0.154,0.154,10.0,True,99.9999,6493.5,-0.012007204322593555,-1.1999988,0,b434_stop,0.0
STRK/USDT:USDT,2026-01-06 12:00:00+00:00,2026-01-06 12:00:00+00:00,0.0949,0.0949,10.0,False,99.999926,10537.4,-0.009892064785648629,-0.98979927,0,b434_stop,0.21019984445199996
TRUMP/USDT:USDT,2026-01-06 12:00:00+00:00,2026-01-06 12:00:00+00:00,5.524,5.524,10.0,True,99.995448,181.02,-0.014005464725072077,-1.39964243,0,b434_stop,-0.199697055285
ZRO/USDT:USDT,2026-01-06 12:00:00+00:00,2026-01-06 12:00:00+00:00,1.4484,1.4484,10.0,False,99.997536,690.4,-0.011864313623915358,-1.18711397,0,b434_stop,0.0128564574054384
SUI/USDT:USDT,2026-01-05 20:00:00+00:00,2026-01-06 16:00:00+00:00,1.8365,1.9561,10.0,False,99.997425,544.5,0.6374154228415014,63.77814488,1200,b434_stop,-0.10501270215701759
ZEC/USDT:USDT,2026-01-06 04:00:00+00:00,2026-01-06 16:00:00+00:00,508.34,512.74,10.0,False,99.990478,1.967,0.07441541503829846,7.44529742,720,b434_stop,-0.004423965597788418
PENGU/USDT:USDT,2026-01-06 16:00:00+00:00,2026-01-06 20:00:00+00:00,0.012993,0.012552,10.0,True,99.9993252,76964.0,0.3281674615222593,32.79683479,240,b434_stop,0.035338015712786
BTC/USDT:USDT,2026-01-06 20:00:00+00:00,2026-01-06 20:00:00+00:00,92062.2,92062.2,10.0,True,92.0622,0.01,-0.012007204322593557,-1.1047464,0,b434_stop,0.0
NEAR/USDT:USDT,2026-01-06 20:00:00+00:00,2026-01-06 20:00:00+00:00,1.751,1.751,10.0,True,99.9821,571.0,-0.012007204322593557,-1.1997852,0,b434_stop,0.0
BNB/USDT:USDT,2026-01-06 20:00:00+00:00,2026-01-06 20:00:00+00:00,901.58,901.58,10.0,True,99.1738,1.1,-0.012007204322593557,-1.1900856,0,b434_stop,0.0
ADA/USDT:USDT,2026-01-06 20:00:00+00:00,2026-01-06 20:00:00+00:00,0.4072,0.4072,10.0,True,99.9676,2455.0,-0.012007204322593557,-1.1996112,0,b434_stop,0.0
PUMP/USDT:USDT,2026-01-06 20:00:00+00:00,2026-01-06 20:00:00+00:00,0.002379,0.002379,10.0,True,99.9998376,420344.0,-0.011803310043100226,-1.17962089,0,b434_stop,0.0203771593412352
SAND/USDT:USDT,2026-01-06 20:00:00+00:00,2026-01-06 20:00:00+00:00,0.12227,0.12227,10.0,True,99.992406,8178.0,-0.012007204302580031,-1.19990887,0,b434_stop,0.0
WLD/USDT:USDT,2026-01-06 20:00:00+00:00,2026-01-06 20:00:00+00:00,0.6142,0.6142,10.0,True,99.99176,1628.0,-0.012007204322593557,-1.19990112,0,b434_stop,0.0
STRK/USDT:USDT,2026-01-06 20:00:00+00:00,2026-01-06 20:00:00+00:00,0.0896,0.0896,10.0,True,99.999872,11160.7,-0.013770562353155914,-1.37622824,0,b434_stop,-0.17622977442560003
BEAMX/USDT:USDT,2026-01-06 20:00:00+00:00,2026-01-06 20:00:00+00:00,0.003152,0.003152,10.0,True,99.9997216,317258.0,-0.011507061253189049,-1.1500125,0,b434_stop,0.049984156529000005
LINK/USDT:USDT,2026-01-06 20:00:00+00:00,2026-01-06 20:00:00+00:00,13.624,13.624,10.0,True,99.986536,73.39,-0.012007204302578855,-1.19983843,0,b434_stop,0.0
ONDO/USDT:USDT,2026-01-06 20:00:00+00:00,2026-01-06 20:00:00+00:00,0.4411,0.4411,10.0,True,99.99737,2267.0,-0.011506865168076435,-1.14996586,0,b434_stop,0.050002577439
ARB/USDT:USDT,2026-01-06 20:00:00+00:00,2026-01-06 20:00:00+00:00,0.2147,0.2147,10.0,True,99.998672,4657.6,-0.01200720428256901,-1.19998406,0,b434_stop,0.0
ZRO/USDT:USDT,2026-01-06 20:00:00+00:00,2026-01-06 20:00:00+00:00,1.3969,1.3969,10.0,True,99.990102,715.8,-0.012368922094600138,-1.23602772,0,b434_stop,-0.03614649961904436
AXS/USDT:USDT,2026-01-06 20:00:00+00:00,2026-01-06 20:00:00+00:00,0.959,0.959,10.0,True,99.9278,1042.0,-0.012007204322593557,-1.1991336,0,b434_stop,0.0
FIL/USDT:USDT,2026-01-06 20:00:00+00:00,2026-01-06 20:00:00+00:00,1.534,1.534,10.0,True,99.98612,651.8,-0.012007204322593555,-1.19983344,0,b434_stop,0.0
1000SHIB/USDT:USDT,2026-01-06 20:00:00+00:00,2026-01-06 20:00:00+00:00,0.008941,0.008941,10.0,True,99.9997204,111844.0,-0.012007204274564604,-1.19999664,0,b434_stop,0.0
ORCA/USDT:USDT,2026-01-06 20:00:00+00:00,2026-01-06 20:00:00+00:00,1.196,1.196,10.0,True,99.99756,836.1,-0.016516509866959225,-1.65061972,0,b434_stop,-0.450649003896
BNB/USDT:USDT,2026-01-07 00:00:00+00:00,2026-01-07 00:00:00+00:00,918.4,918.4,10.0,False,99.1872,1.08,-0.01240611553992885,-1.23126618,0,b434_stop,-0.04101978249441706
PUMP/USDT:USDT,2026-01-07 00:00:00+00:00,2026-01-07 00:00:00+00:00,0.00265,0.00265,10.0,False,99.99987,377358.0,-0.012492679842322694,-1.25001592,0,b434_stop,-0.050017482147000004
BNB/USDT:USDT,2026-01-07 04:00:00+00:00,2026-01-07 04:00:00+00:00,910.32,910.32,10.0,True,99.22488,1.09,-0.012007204322593557,-1.19069856,0,b434_stop,0.0
FET/USDT:USDT,2026-01-07 04:00:00+00:00,2026-01-07 08:00:00+00:00,0.2866,0.2913,10.0,True,99.99474,3489.0,-0.1751787290099112,-17.50644129,240,b434_stop,0.10163457000000001
AIN/USDT:USDT,2026-01-07 08:00:00+00:00,2026-01-07 08:00:00+00:00,0.05625,0.05625,10.0,False,99.995625,17777.0,-0.015801683328442742,-1.58104726,0,b434_stop,-0.3810997569081546
TAO/USDT:USDT,2026-01-06 04:00:00+00:00,2026-01-07 12:00:00+00:00,274.07,279.35,10.0,False,99.980736,3.648,0.1856562582255422,18.57318657,1920,b434_stop,0.523072267055759
HYPE/USDT:USDT,2026-01-07 16:00:00+00:00,2026-01-07 16:00:00+00:00,26.472,26.472,10.0,True,99.984744,37.77,-0.011506844437559416,-1.14981859,0,b434_stop,0.049998334258890005
AIN/USDT:USDT,2026-01-07 16:00:00+00:00,2026-01-07 16:00:00+00:00,0.05456,0.05456,10.0,True,99.997568,18328.0,-0.011507362608708434,-1.15001785,0,b434_stop,0.04995296400000001
MUBARAK/USDT:USDT,2026-01-04 12:00:00+00:00,2026-01-08 04:00:00+00:00,0.01893,0.0186,10.0,False,99.999618,52826.0,-0.19829634993659004,-19.84145698,5280,b434_stop,-1.219341116003
ZEC/USDT:USDT,2026-01-07 08:00:00+00:00,2026-01-08 08:00:00+00:00,493.98,444.55,10.0,True,99.981552,2.024,0.9912371408942321,99.04596449,1440,b434_limit,0.13939531796872004
TAO/USDT:USDT,2026-01-07 12:00:00+00:00,2026-01-08 12:00:00+00:00,279.35,268.96,10.0,True,99.979365,3.579,0.36251528661834703,36.22230173,1440,b434_stop,0.21393262506683577
SOL/USDT:USDT,2026-01-07 08:00:00+00:00,2026-01-09 00:00:00+00:00,139.31,138.29,10.0,True,99.88527,7.17,0.06288198580709935,6.27721554,2400,b434_stop,0.1580507388418522
LYN/USDT:USDT,2026-01-08 16:00:00+00:00,2026-01-09 08:00:00+00:00,0.13385,0.14227,10.0,False,99.999335,7471.0,0.5920371788021861,59.23884617,960,b434_stop,-2.4292383204924812
ZRO/USDT:USDT,2026-01-09 08:00:00+00:00,2026-01-09 08:00:00+00:00,1.456,1.456,10.0,False,99.99808,686.8,-0.012079762812917125,-1.20867786,0,b434_stop,-0.0087008970164928
MUBARAK/USDT:USDT,2026-01-09 16:00:00+00:00,2026-01-09 16:00:00+00:00,0.02002,0.02002,10.0,False,99.9999,49950.0,-0.012492420647527583,-1.24999036,0,b434_stop,-0.049991558400000004
NIL/USDT:USDT,2026-01-10 00:00:00+00:00,2026-01-10 04:00:00+00:00,0.06942,0.06903,10.0,False,99.99951,14405.0,-0.06750388273784413,-6.75440541,240,b434_stop,0.060167939586484004
BR/USDT:USDT,2026-01-10 04:00:00+00:00,2026-01-10 04:00:00+00:00,0.05325,0.05325,10.0,False,99.998175,18779.0,-0.01798055370976641,-1.79910137,0,b434_stop,-0.5991232665952017
BNB/USDT:USDT,2026-01-10 04:00:00+00:00,2026-01-10 08:00:00+00:00,907.96,905.97,10.0,False,99.8756,1.1,-0.03514365944791187,-3.51210007,240,b434_stop,-0.12590627478000002
BEAMX/USDT:USDT,2026-01-10 12:00:00+00:00,2026-01-10 12:00:00+00:00,0.003138,0.003138,10.0,False,99.9999012,318674.0,-0.012492405806418583,-1.24998889,0,b434_stop,-0.049990071706
GTC/USDT:USDT,2026-01-10 12:00:00+00:00,2026-01-10 16:00:00+00:00,0.146,0.146,10.0,False,99.99978,6849.3,-0.011160232927487454,-1.11669045,240,b434_stop,0.0833069075189208
SAND/USDT:USDT,2026-01-10 12:00:00+00:00,2026-01-10 16:00:00+00:00,0.12085,0.12005,10.0,False,99.99129,8274.0,-0.07910404766792864,-7.9144616,240,b434_stop,-0.099337644
AXS/USDT:USDT,2026-01-10 16:00:00+00:00,2026-01-10 16:00:00+00:00,0.967,0.967,10.0,False,99.9878,1034.0,-0.012992204677193685,-1.2998414,0,b434_stop,-0.0999878
ARB/USDT:USDT,2026-01-10 16:00:00+00:00,2026-01-10 20:00:00+00:00,0.2106,0.2104,10.0,False,99.999198,4748.3,-0.02199559395413383,-2.20086148,240,b434_stop,-0.05178090257138064
NEAR/USDT:USDT,2026-01-10 20:00:00+00:00,2026-01-10 20:00:00+00:00,1.714,1.714,10.0,False,99.9262,583.0,-0.011992804317409556,-1.1991144,0,b434_stop,0.0
DOT/USDT:USDT,2026-01-10 20:00:00+00:00,2026-01-10 20:00:00+00:00,2.128,2.128,10.0,False,99.99472,469.9,-0.011992804317409556,-1.19993664,0,b434_stop,0.0
AIN/USDT:USDT,2026-01-10 20:00:00+00:00,2026-01-11 00:00:00+00:00,0.05598,0.05582,10.0,False,99.997074,17863.0,-0.04153762744374734,-4.15613339,240,b434_stop,-0.099803349765
GTC/USDT:USDT,2026-01-11 00:00:00+00:00,2026-01-11 00:00:00+00:00,0.142,0.142,10.0,True,99.99924,7042.2,-0.01100070657915427,-1.09940226,0,b434_stop,0.10058861580240001
LYN/USDT:USDT,2026-01-11 00:00:00+00:00,2026-01-11 00:00:00+00:00,0.09903,0.10351,10.0,True,99.990591,10097.0,-0.4432277073974505,-44.29200925,0,liquidation,2.169578576378807
DOT/USDT:USDT,2026-01-11 00:00:00+00:00,2026-01-11 04:00:00+00:00,2.091,2.099,10.0,True,99.99162,478.2,-0.05110872687769218,-5.10737813,240,b434_stop,-0.079583330358
NEAR/USDT:USDT,2026-01-11 00:00:00+00:00,2026-01-11 12:00:00+00:00,1.688,1.704,10.0,True,99.9296,592.0,-0.10642384484023963,-10.62851131,720,b434_stop,0.04832709059527201
ARB/USDT:USDT,2026-01-11 00:00:00+00:00,2026-01-11 12:00:00+00:00,0.2069,0.2084,10.0,True,99.998908,4833.2,-0.08470812143053674,-8.46563721,720,b434_stop,-0.011500438546270794
ARB/USDT:USDT,2026-01-11 12:00:00+00:00,2026-01-11 12:00:00+00:00,0.2084,0.2084,10.0,False,99.998656,4798.4,-0.01199280429742128,-1.19998387,0,b434_stop,0.0
DOT/USDT:USDT,2026-01-11 08:00:00+00:00,2026-01-11 12:00:00+00:00,2.115,2.11,10.0,False,99.9972,472.8,-0.03646230017686548,-3.6483156,240,b434_stop,-0.08576759844000001
PENGU/USDT:USDT,2026-01-11 12:00:00+00:00,2026-01-11 12:00:00+00:00,0.012163,0.012163,10.0,False,99.9993208,82216.0,-0.012492463421667845,-1.2499874,0,b434_stop,-0.049995549599999994
AXS/USDT:USDT,2026-01-11 12:00:00+00:00,2026-01-11 12:00:00+00:00,0.958,0.958,10.0,True,99.9194,1043.0,-0.012007204322593555,-1.1990328,0,b434_stop,0.0
FIL/USDT:USDT,2026-01-11 12:00:00+00:00,2026-01-11 12:00:00+00:00,1.506,1.506,10.0,False,99.9984,664.0,-0.011992804317409556,-1.1999808,0,b434_stop,0.0
TRUMP/USDT:USDT,2026-01-11 12:00:00+00:00,2026-01-11 16:00:00+00:00,5.542,5.523,10.0,False,99.999848,180.44,-0.046549521085074166,-4.657738,240,b434_stop,-0.031436837816800005
AIN/USDT:USDT,2026-01-11 16:00:00+00:00,2026-01-11 16:00:00+00:00,0.05303,0.05303,10.0,True,99.998671,18857.0,-0.011507028353661974,-1.14999713,0,b434_stop,0.04998691816550001
PENGU/USDT:USDT,2026-01-11 16:00:00+00:00,2026-01-11 16:00:00+00:00,0.012003,0.012003,10.0,True,99.9993936,83312.0,-0.011973584114718216,-1.19663274,0,b434_stop,0.00335997962496
ARB/USDT:USDT,2026-01-11 16:00:00+00:00,2026-01-11 16:00:00+00:00,0.2067,0.2067,10.0,True,99.999393,4837.9,-0.012957431763477925,-1.29495787,0,b434_stop,-0.09496515446318998
FIL/USDT:USDT,2026-01-11 16:00:00+00:00,2026-01-11 16:00:00+00:00,1.477,1.477,10.0,True,99.9929,677.0,-0.011213517392474509,-1.12059936,0,b434_stop,0.07931543743983241
DOT/USDT:USDT,2026-01-11 16:00:00+00:00,2026-01-11 16:00:00+00:00,2.077,2.077,10.0,True,99.98678,481.4,-0.011922542339805147,-1.19138136,0,b434_stop,0.00846000058766544
LTC/USDT:USDT,2026-01-01 20:00:00+00:00,2026-01-11 20:00:00+00:00,79.41,80.25,10.0,False,99.993072,12.592,0.07639038177198136,7.64309205,14400,b434_stop,-1.7279247171303576
BTC/USDT:USDT,2026-01-11 04:00:00+00:00,2026-01-11 20:00:00+00:00,90696.4,90644.7,10.0,False,99.76604,0.011,-0.0183197151930332,-1.82878205,960,b434_stop,-0.06323078685222087
LINK/USDT:USDT,2026-01-11 04:00:00+00:00,2026-01-11 20:00:00+00:00,13.228,13.249,10.0,False,99.990452,75.59,0.0019389990472820427,0.19399772,960,b434_stop,-0.1925544223452447
ONDO/USDT:USDT,2026-01-11 04:00:00+00:00,2026-01-11 20:00:00+00:00,0.4003,0.3993,10.0,False,99.998943,2498.1,-0.038340260943146215,-3.83628596,960,b434_stop,-0.13969749931387537
ZEC/USDT:USDT,2026-01-11 16:00:00+00:00,2026-01-11 20:00:00+00:00,394.2,387.66,10.0,False,99.96912,2.536,-0.17727741876161676,-17.73290091,240,b434_stop,0.04221727072553992
ADA/USDT:USDT,2026-01-11 16:00:00+00:00,2026-01-11 20:00:00+00:00,0.3902,0.3922,10.0,False,99.96924,2562.0,0.03820209155900617,3.82132548,240,b434_stop,-0.09996924
ENA/USDT:USDT,2026-01-11 16:00:00+00:00,2026-01-11 20:00:00+00:00,0.2322,0.231,10.0,False,99.98532,4306.0,-0.06456237671752575,-6.45916307,240,b434_stop,-0.095239552526
AVAX/USDT:USDT,2026-01-11 16:00:00+00:00,2026-01-11 20:00:00+00:00,13.799,13.828,10.0,False,99.3528,72.0,0.00859847594032335,0.85479523,240,b434_stop,-0.03971837088
SOL/USDT:USDT,2026-01-11 20:00:00+00:00,2026-01-11 20:00:00+00:00,139.39,139.39,10.0,False,99.94263,7.17,-0.011992804317409553,-1.19931156,0,b434_stop,0.0
NEAR/USDT:USDT,2026-01-11 20:00:00+00:00,2026-01-11 20:00:00+00:00,1.719,1.719,10.0,False,99.8739,581.0,-0.011992804317409553,-1.1984868,0,b434_stop,0.0
STRK/USDT:USDT,2026-01-11 20:00:00+00:00,2026-01-11 20:00:00+00:00,0.0816,0.0816,10.0,False,99.999984,12254.9,-0.011638983273390632,-1.16459648,0,b434_stop,0.0354033276688
FET/USDT:USDT,2026-01-11 20:00:00+00:00,2026-01-11 20:00:00+00:00,0.3047,0.3047,10.0,False,99.97207,3281.0,-0.011992804317409556,-1.19966484,0,b434_stop,0.0
TAO/USDT:USDT,2026-01-11 20:00:00+00:00,2026-01-11 20:00:00+00:00,290.78,290.78,10.0,False,99.999242,3.439,-0.012478022826467193,-1.2485415,0,b434_stop,-0.04855059913076649
AXS/USDT:USDT,2026-01-11 20:00:00+00:00,2026-01-11 20:00:00+00:00,0.965,0.965,10.0,False,99.974,1036.0,-0.011992804317409556,-1.199688,0,b434_stop,0.0
FIL/USDT:USDT,2026-01-11 20:00:00+00:00,2026-01-11 20:00:00+00:00,1.489,1.489,10.0,False,99.98635,671.5,-0.011992804317409556,-1.1998362,0,b434_stop,0.0
BNB/USDT:USDT,2026-01-12 00:00:00+00:00,2026-01-12 00:00:00+00:00,904.75,904.75,10.0,True,99.5225,1.1,-0.012007204322593555,-1.19427,0,b434_stop,0.0
AVAX/USDT:USDT,2026-01-12 00:00:00+00:00,2026-01-12 00:00:00+00:00,13.689,13.689,10.0,True,99.9297,73.0,-0.012896637979485369,-1.28798391,0,b434_stop,-0.08882751033
ZRO/USDT:USDT,2026-01-12 00:00:00+00:00,2026-01-12 00:00:00+00:00,1.4854,1.4854,10.0,True,99.997128,673.2,-0.01150690412247291,-1.14996697,0,b434_stop,0.04999856400000001
AXS/USDT:USDT,2026-01-12 00:00:00+00:00,2026-01-12 00:00:00+00:00,0.956,0.956,10.0,True,99.9976,1046.0,-0.013665825178123267,-1.36572979,0,b434_stop,-0.1657585897922988
FIL/USDT:USDT,2026-01-12 00:00:00+00:00,2026-01-12 00:00:00+00:00,1.455,1.455,10.0,True,99.9876,687.2,-0.015012260859950397,-1.50013931,0,b434_stop,-0.3002881123136589
BCH/USDT:USDT,2026-01-10 08:00:00+00:00,2026-01-12 04:00:00+00:00,637.87,647.14,10.0,False,99.954229,1.567,0.14068964900687836,14.07096291,2640,b434_stop,0.7530393154922018
DOGE/USDT:USDT,2026-01-12 04:00:00+00:00,2026-01-12 04:00:00+00:00,0.14036,0.14036,10.0,False,99.992464,7124.0,-0.01199280433739907,-1.19990957,0,b434_stop,0.0
WLD/USDT:USDT,2026-01-12 04:00:00+00:00,2026-01-12 04:00:00+00:00,0.5813,0.5813,10.0,False,99.9836,1720.0,-0.011992804317409556,-1.1998032,0,b434_stop,0.0
AVAX/USDT:USDT,2026-01-12 04:00:00+00:00,2026-01-12 04:00:00+00:00,13.983,13.983,10.0,False,99.2793,71.0,-0.011992804317409553,-1.1913516,0,b434_stop,0.0
PENGU/USDT:USDT,2026-01-12 04:00:00+00:00,2026-01-12 04:00:00+00:00,0.012273,0.012273,10.0,False,99.9991767,81479.0,-0.011994303426293791,-1.20014012,0,b434_stop,-0.00014999876504999998
ZRO/USDT:USDT,2026-01-12 04:00:00+00:00,2026-01-12 04:00:00+00:00,1.53,1.53,10.0,False,99.9855,653.5,-0.012492537182432728,-1.24982202,0,b434_stop,-0.0499960175
AXS/USDT:USDT,2026-01-12 04:00:00+00:00,2026-01-12 04:00:00+00:00,0.969,0.969,10.0,False,99.9039,1031.0,-0.011992804317409556,-1.1988468,0,b434_stop,0.0
DOT/USDT:USDT,2026-01-12 04:00:00+00:00,2026-01-12 04:00:00+00:00,2.114,2.114,10.0,False,99.9922,473.0,-0.011992804317409553,-1.1999064,0,b434_stop,0.0
HYPE/USDT:USDT,2026-01-12 00:00:00+00:00,2026-01-12 08:00:00+00:00,24.432,24.731,10.0,False,99.975744,40.92,0.10948067226188582,10.95197891,480,b434_stop,-0.07605111012576
BCH/USDT:USDT,2026-01-12 08:00:00+00:00,2026-01-12 08:00:00+00:00,618.01,618.01,10.0,True,99.994018,1.618,-0.013254291170677217,-1.32455462,0,b434_stop,-0.124626408741
TAO/USDT:USDT,2026-01-12 08:00:00+00:00,2026-01-12 12:00:00+00:00,283.0,281.17,10.0,True,99.9839,3.533,0.049459079681890825,4.94214461,240,b434_stop,-0.3273178274167669
DOT/USDT:USDT,2026-01-12 08:00:00+00:00,2026-01-12 12:00:00+00:00,2.063,2.056,10.0,True,99.99361,484.7,0.021874051344036173,2.185953,240,b434_stop,-0.009059421065999999
DOGE/USDT:USDT,2026-01-12 12:00:00+00:00,2026-01-12 12:00:00+00:00,0.13661,0.13661,10.0,True,99.99852,7320.0,-0.012007204322593555,-1.19998224,0,b434_stop,0.0
AVAX/USDT:USDT,2026-01-12 12:00:00+00:00,2026-01-12 12:00:00+00:00,13.637,13.637,10.0,True,99.5501,73.0,-0.012007204322593555,-1.1946012,0,b434_stop,0.0
PUMP/USDT:USDT,2026-01-07 12:00:00+00:00,2026-01-12 16:00:00+00:00,0.002472,0.002482,10.0,True,99.999816,404530.0,-0.043240177920942785,-4.32141543,7440,b434_stop,0.9263095396407091
TRUMP/USDT:USDT,2026-01-12 12:00:00+00:00,2026-01-12 16:00:00+00:00,5.369,5.374,10.0,True,99.997625,186.25,-0.024399890483990952,-2.43846714,240,b434_stop,-0.3066868927633115
HYPE/USDT:USDT,2026-01-12 16:00:00+00:00,2026-01-12 16:00:00+00:00,23.582,23.582,10.0,True,99.98768,42.4,-0.011506759437845794,-1.14984386,0,b434_stop,0.05000829638600001
1000PEPE/USDT:USDT,2026-01-12 16:00:00+00:00,2026-01-12 16:00:00+00:00,0.0059085,0.0059085,10.0,False,99.99958995,169247.0,-0.012430451930492485,-1.24378592,0,b434_stop,-0.043790841844749996
AVAX/USDT:USDT,2026-01-12 16:00:00+00:00,2026-01-12 16:00:00+00:00,13.866,13.866,10.0,False,99.8352,72.0,-0.009898660784297728,-0.98882772,0,b434_stop,0.20919467808
DOGE/USDT:USDT,2026-01-12 20:00:00+00:00,2026-01-12 20:00:00+00:00,0.13825,0.13825,10.0,False,99.996225,7233.0,-0.011992804317409553,-1.1999547,0,b434_stop,0.0
NEAR/USDT:USDT,2026-01-13 00:00:00+00:00,2026-01-13 00:00:00+00:00,1.673,1.673,10.0,True,99.8781,597.0,-0.01344556735292701,-1.34211197,0,b434_stop,-0.14357476875
MUBARAK/USDT:USDT,2026-01-12 20:00:00+00:00,2026-01-13 04:00:00+00:00,0.02159,0.02156,10.0,True,99.998403,46317.0,0.0033988500571018915,0.33967565,480,b434_stop,0.1493127844965
DOGE/USDT:USDT,2026-01-13 00:00:00+00:00,2026-01-13 04:00:00+00:00,0.13653,0.13704,10.0,True,99.994572,7324.0,-0.04942669779010142,-4.93943605,240,b434_stop,-0.0020200382992000003
1000PEPE/USDT:USDT,2026-01-13 00:00:00+00:00,2026-01-13 04:00:00+00:00,0.0057298,0.0057485,10.0,True,99.99990748,174526.0,-0.04402911227866044,-4.40026541,240,b434_stop,0.06532786112655001
AVAX/USDT:USDT,2026-01-13 00:00:00+00:00,2026-01-13 04:00:00+00:00,13.506,13.574,10.0,True,99.9444,74.0,-0.06214177686355751,-6.20699617,240,b434_stop,0.027355830449270403
LINK/USDT:USDT,2026-01-13 00:00:00+00:00,2026-01-13 04:00:00+00:00,13.068,13.109,10.0,True,99.996336,76.52,-0.04345987073668401,-4.34322034,240,b434_stop,-0.004061911553970871
ONDO/USDT:USDT,2026-01-13 00:00:00+00:00,2026-01-13 04:00:00+00:00,0.3865,0.3897,10.0,True,99.999145,2587.3,-0.0952836405706642,-9.52256562,240,b434_stop,-0.038248268162091995
PENGU/USDT:USDT,2026-01-13 00:00:00+00:00,2026-01-13 04:00:00+00:00,0.011781,0.011795,10.0,True,99.9994842,84882.0,-0.02403542955809567,-2.40208844,240,b434_stop,-0.013033618741180808
ADA/USDT:USDT,2026-01-13 04:00:00+00:00,2026-01-13 04:00:00+00:00,0.3865,0.3865,10.0,True,99.98755,2587.0,-0.012007204322593557,-1.1998506,0,b434_stop,0.0
AXS/USDT:USDT,2026-01-12 08:00:00+00:00,2026-01-13 08:00:00+00:00,0.95,0.936,10.0,True,99.94,1052.0,0.13792636568533076,13.77609037,1440,b434_stop,0.23853357103910525
SAND/USDT:USDT,2026-01-11 20:00:00+00:00,2026-01-13 12:00:00+00:00,0.11841,0.11716,10.0,True,99.997245,8445.0,0.09152441343275115,9.14669788,2400,b434_stop,-0.21591893033891701
BEAMX/USDT:USDT,2026-01-11 20:00:00+00:00,2026-01-13 12:00:00+00:00,0.003092,0.003064,10.0,True,99.999918,323415.0,0.08404178184201777,8.39912879,2400,b434_stop,0.5380744294125
WLD/USDT:USDT,2026-01-12 08:00:00+00:00,2026-01-13 12:00:00+00:00,0.5705,0.5721,10.0,True,99.9516,1752.0,-0.03927913457521886,-3.92365674,1680,b434_stop,0.08064438129599999
ZRO/USDT:USDT,2026-01-12 08:00:00+00:00,2026-01-13 12:00:00+00:00,1.4832,1.4933,10.0,True,99.997344,674.2,-0.07889947349677212,-7.88500395,1680,b434_stop,0.12846983398439882
FET/USDT:USDT,2026-01-12 20:00:00+00:00,2026-01-13 12:00:00+00:00,0.2844,0.2821,10.0,True,99.99504,3516.0,0.05537345674959046,5.53374878,960,b434_stop,-1.357962820328316
LYN/USDT:USDT,2026-01-13 12:00:00+00:00,2026-01-13 12:00:00+00:00,0.09057,0.08604,10.0,False,99.998337,11041.0,-0.5120582833685488,-51.23569977,0,liquidation,-0.049999168499999996
ENA/USDT:USDT,2026-01-12 12:00:00+00:00,2026-01-13 16:00:00+00:00,0.2243,0.2258,10.0,True,99.99294,4458.0,-0.08029581056923721,-8.02419676,1680,b434_stop,-0.1332692750175186
WLD/USDT:USDT,2026-01-13 16:00:00+00:00,2026-01-13 16:00:00+00:00,0.6074,0.6074,10.0,False,99.97804,1646.0,-0.012964615668417495,-1.29695457,0,b434_stop,-0.0972180886178564
TRUMP/USDT:USDT,2026-01-13 16:00:00+00:00,2026-01-13 16:00:00+00:00,5.559,5.559,10.0,False,99.995292,179.88,-0.0124924276397955,-1.24993346,0,b434_stop,-0.04998995873826
AAVE/USDT:USDT,2026-01-07 08:00:00+00:00,2026-01-13 20:00:00+00:00,173.41,174.97,10.0,True,98.8437,5.7,-0.0969747929145008,-9.57959613,9360,b434_stop,0.5038634712537959
ETH/USDT:USDT,2026-01-07 12:00:00+00:00,2026-01-13 20:00:00+00:00,3218.74,3214.46,10.0,True,99.78094,0.31,0.012712166764208693,1.26767089,9120,b434_stop,1.1374460926181293
SUI/USDT:USDT,2026-01-07 12:00:00+00:00,2026-01-13 20:00:00+00:00,1.909,1.8428,10.0,True,99.99342,523.8,0.335238966868907,33.5015778,9120,b434_stop,0.005133506685489169
BEAMX/USDT:USDT,2026-01-13 16:00:00+00:00,2026-01-13 20:00:00+00:00,0.003158,0.003146,10.0,False,99.9999648,316656.0,-0.050943232303394946,-5.09737803,240,b434_stop,-0.09978638032800002
ENA/USDT:USDT,2026-01-13 20:00:00+00:00,2026-01-13 20:00:00+00:00,0.2284,0.2284,10.0,False,99.99352,4378.0,-0.012492280717060104,-1.24989661,0,b434_stop,-0.04997437309700001
TAO/USDT:USDT,2026-01-13 20:00:00+00:00,2026-01-13 20:00:00+00:00,289.7,289.7,10.0,False,99.97547,3.451,-0.012455610628126976,-1.24600268,0,b434_stop,-0.0462970419989
ZRO/USDT:USDT,2026-01-13 20:00:00+00:00,2026-01-13 20:00:00+00:00,1.5642,1.5642,10.0,False,99.999306,639.3,-0.01201819523917522,-1.20253227,0,b434_stop,-0.0025405979633201996
XLM/USDT:USDT,2026-01-07 00:00:00+00:00,2026-01-14 04:00:00+00:00,0.24365,0.24403,10.0,True,99.99396,4104.0,-0.01838625021332317,-1.83741086,10320,b434_stop,0.9229723751602872
AXS/USDT:USDT,2026-01-13 16:00:00+00:00,2026-01-14 04:00:00+00:00,1.039,1.161,10.0,False,99.9518,962.0,1.1788015166304362,117.89402743,720,b434_limit,1.799867428610714
AIN/USDT:USDT,2026-01-14 04:00:00+00:00,2026-01-14 04:00:00+00:00,0.05271,0.05271,10.0,False,99.996141,18971.0,-0.016342662544219056,-1.63518371,0,b434_stop,-0.435230018168064
MUBARAK/USDT:USDT,2026-01-14 04:00:00+00:00,2026-01-14 04:00:00+00:00,0.02287,0.02287,10.0,False,99.999075,43725.0,-0.012492504522286861,-1.24998844,0,b434_stop,-0.0499995375
MUBARAK/USDT:USDT,2026-01-14 08:00:00+00:00,2026-01-14 08:00:00+00:00,0.0223,0.0223,10.0,True,99.99989,44843.0,-0.011507069691997194,-1.15001528,0,b434_stop,0.049983397933
GTC/USDT:USDT,2026-01-13 16:00:00+00:00,2026-01-14 16:00:00+00:00,0.145,0.146,10.0,False,99.99925,6896.5,0.059039802882471244,5.90747837,1440,b434_stop,0.21510727164336282
LTC/USDT:USDT,2026-01-14 00:00:00+00:00,2026-01-14 16:00:00+00:00,78.14,79.7,10.0,False,99.995758,12.797,0.18449904991561789,18.46019182,960,b434_stop,-0.29120108866701505
FET/USDT:USDT,2026-01-14 08:00:00+00:00,2026-01-14 16:00:00+00:00,0.2913,0.2953,10.0,False,99.97416,3432.0,0.12513320379823445,12.51759299,480,b434_stop,-0.002480285808000013
ONDO/USDT:USDT,2026-01-13 12:00:00+00:00,2026-01-15 00:00:00+00:00,0.3981,0.401,10.0,False,99.998739,2511.9,0.057096498519726605,5.7130036,2160,b434_stop,-0.3671508235734
MOVR/USDT:USDT,2026-01-13 12:00:00+00:00,2026-01-15 00:00:00+00:00,2.677,2.717,10.0,False,99.999335,373.55,0.13215943272790703,13.2237849,2160,b434_stop,-0.5092578771406501
1000SHIB/USDT:USDT,2026-01-13 12:00:00+00:00,2026-01-15 00:00:00+00:00,0.008586,0.00873,10.0,False,99.9994248,116468.0,0.1527285325021144,15.28192906,2160,b434_stop,-0.2794070115232
ORCA/USDT:USDT,2026-01-13 12:00:00+00:00,2026-01-15 00:00:00+00:00,1.188,1.21,10.0,False,99.99396,841.7,0.16989048025368608,16.9982147,2160,b434_stop,-0.30814734005925004
PENGU/USDT:USDT,2026-01-13 16:00:00+00:00,2026-01-15 00:00:00+00:00,0.012495,0.012817,10.0,False,99.999984,80032.0,0.2425318241338946,24.26773044,1920,b434_stop,-0.2871115738140416
SUI/USDT:USDT,2026-01-15 04:00:00+00:00,2026-01-15 04:00:00+00:00,1.7841,1.7841,10.0,True,99.998805,560.5,-0.012007204322593557,-1.19998566,0,b434_stop,0.0
TAO/USDT:USDT,2026-01-15 04:00:00+00:00,2026-01-15 04:00:00+00:00,281.26,281.26,10.0,True,99.98793,3.555,-0.012401430112570562,-1.23924933,0,b434_stop,-0.03939416917316068
ONDO/USDT:USDT,2026-01-15 04:00:00+00:00,2026-01-15 04:00:00+00:00,0.384,0.384,10.0,True,99.99744,2604.1,-0.012528452707576828,-1.25206151,0,b434_stop,-0.052092228904799996
TRUMP/USDT:USDT,2026-01-15 04:00:00+00:00,2026-01-15 04:00:00+00:00,5.436,5.436,10.0,True,99.99522,183.95,-0.012576450463917928,-1.25683038,0,b434_stop,-0.05688774421199999
1000SHIB/USDT:USDT,2026-01-15 04:00:00+00:00,2026-01-15 04:00:00+00:00,0.008493,0.008493,10.0,True,99.9999792,117744.0,-0.012007204318591152,-1.19999975,0,b434_stop,0.0
ORCA/USDT:USDT,2026-01-15 04:00:00+00:00,2026-01-15 04:00:00+00:00,1.161,1.161,10.0,True,99.99693,861.3,-0.013214559679377593,-1.32062255,0,b434_stop,-0.12065938613597287
LTC/USDT:USDT,2026-01-15 04:00:00+00:00,2026-01-15 08:00:00+00:00,73.9,74.5,10.0,True,99.99409,13.531,-0.09398787847789462,-9.39259344,240,b434_stop,-0.06919320408
AIN/USDT:USDT,2026-01-15 08:00:00+00:00,2026-01-15 08:00:00+00:00,0.05189,0.05189,10.0,True,99.997219,19271.0,-0.01150690685919102,-1.14996829,0,b434_stop,0.049998339706
SAND/USDT:USDT,2026-01-13 16:00:00+00:00,2026-01-15 12:00:00+00:00,0.12187,0.12357,10.0,False,99.994335,8205.0,0.1214637348082443,12.1529728,2640,b434_stop,-0.5872260827055
GTC/USDT:USDT,2026-01-15 12:00:00+00:00,2026-01-15 12:00:00+00:00,0.142,0.142,10.0,True,99.99924,7042.2,-0.012007204322593557,-1.19999088,0,b434_stop,0.0
AIN/USDT:USDT,2026-01-15 12:00:00+00:00,2026-01-15 12:00:00+00:00,0.05348,0.05348,10.0,False,99.996904,18698.0,-0.014773973692451382,-1.47823804,0,b434_stop,-0.27827519136400003
AAVE/USDT:USDT,2026-01-15 12:00:00+00:00,2026-01-15 12:00:00+00:00,174.55,174.55,10.0,True,99.4935,5.7,-0.012007204322593557,-1.193922,0,b434_stop,0.0
BCH/USDT:USDT,2026-01-15 12:00:00+00:00,2026-01-15 12:00:00+00:00,621.62,621.62,10.0,False,99.956496,1.608,-0.011992804297412847,-1.19947795,0,b434_stop,0.0
XLM/USDT:USDT,2026-01-15 12:00:00+00:00,2026-01-15 12:00:00+00:00,0.23113,0.23113,10.0,True,99.986838,4326.0,-0.012007204362622838,-1.19984206,0,b434_stop,0.0
NEAR/USDT:USDT,2026-01-13 08:00:00+00:00,2026-01-15 16:00:00+00:00,1.74,1.744,10.0,False,99.876,574.0,0.0054411560881165244,0.54376697,3360,b434_stop,-0.5523434326375728
FIL/USDT:USDT,2026-01-13 08:00:00+00:00,2026-01-15 16:00:00+00:00,1.485,1.529,10.0,False,99.9999,673.4,0.2827695246244117,28.29389034,3360,b434_stop,-0.11793310081338063
AVAX/USDT:USDT,2026-01-13 12:00:00+00:00,2026-01-15 20:00:00+00:00,13.762,13.736,10.0,False,99.0864,72.0,-0.037179615703425886,-3.68620467,3360,b434_stop,-0.6262910665920001
BCH/USDT:USDT,2026-01-15 20:00:00+00:00,2026-01-15 20:00:00+00:00,581.63,581.63,10.0,True,99.982197,1.719,-0.012007204282562417,-1.19978636,0,b434_stop,0.0
AXS/USDT:USDT,2026-01-15 12:00:00+00:00,2026-01-16 00:00:00+00:00,1.111,1.083,10.0,True,99.99,900.0,0.21040210264772724,21.02548338,720,b434_stop,-2.9897566200000005
FIL/USDT:USDT,2026-01-15 16:00:00+00:00,2026-01-16 00:00:00+00:00,1.529,1.502,10.0,True,99.9966,654.0,0.16063951067272045,16.05376685,480,b434_stop,-0.41486875290045533
ZRO/USDT:USDT,2026-01-15 16:00:00+00:00,2026-01-16 00:00:00+00:00,1.6185,1.632,10.0,True,99.99093,617.8,-0.09595708833893095,-9.5890816,480,b434_stop,-0.04388625981837852
PUMP/USDT:USDT,2026-01-15 20:00:00+00:00,2026-01-16 00:00:00+00:00,0.002732,0.002717,10.0,True,99.9999424,366032.0,0.04311629809894608,4.30904035,240,b434_stop,0.015265370599528
AIN/USDT:USDT,2026-01-16 00:00:00+00:00,2026-01-16 00:00:00+00:00,0.05154,0.05154,10.0,True,99.997908,19402.0,-0.00988451026604402,-0.98783729,0,b434_stop,0.2121376097803664
1000PEPE/USDT:USDT,2026-01-13 08:00:00+00:00,2026-01-16 04:00:00+00:00,0.0058655,0.0058238,10.0,False,99.9997364,170488.0,-0.08741657412387312,-8.74687935,4080,b434_stop,-0.4417985193645456
NIL/USDT:USDT,2026-01-15 20:00:00+00:00,2026-01-16 08:00:00+00:00,0.07139,0.07189,10.0,True,99.9995425,14007.5,-0.08013020649963709,-8.0081762,720,b434_stop,0.19977055964125
ZEC/USDT:USDT,2026-01-16 04:00:00+00:00,2026-01-16 08:00:00+00:00,404.29,408.46,10.0,True,99.980917,2.473,-0.11915456476149099,-11.90603474,240,b434_stop,-0.38766628875590003
DOGE/USDT:USDT,2026-01-13 08:00:00+00:00,2026-01-16 12:00:00+00:00,0.13858,0.13797,10.0,False,99.999328,7216.0,-0.061377965128324635,-6.14143792,4560,b434_stop,-0.5423270413236192
ADA/USDT:USDT,2026-01-13 08:00:00+00:00,2026-01-16 12:00:00+00:00,0.3898,0.3926,10.0,False,99.9837,2565.0,0.05383239740714155,5.38559169,4560,b434_stop,-0.5922947133304876
ARB/USDT:USDT,2026-01-13 12:00:00+00:00,2026-01-16 12:00:00+00:00,0.2064,0.2096,10.0,False,99.998736,4844.9,0.13780595493942713,13.78868956,4320,b434_stop,-0.5057033979794152
DOT/USDT:USDT,2026-01-13 12:00:00+00:00,2026-01-16 12:00:00+00:00,2.087,2.129,10.0,False,99.98817,479.1,0.18388598477336188,18.39745496,4320,b434_stop,-0.5128136827781299
NIL/USDT:USDT,2026-01-16 12:00:00+00:00,2026-01-16 12:00:00+00:00,0.07405,0.07405,10.0,False,99.9993415,13504.3,-0.012493279949639634,-1.25006936,0,b434_stop,-0.050077266457799995
AXS/USDT:USDT,2026-01-16 12:00:00+00:00,2026-01-16 16:00:00+00:00,1.246,1.231,10.0,False,99.9292,802.0,-0.09302195258660481,-9.30118667,240,b434_stop,3.9207457293812844
SAND/USDT:USDT,2026-01-15 16:00:00+00:00,2026-01-16 20:00:00+00:00,0.12129,0.12131,10.0,True,99.991476,8244.0,-0.014046728161599591,-1.40371035,1680,b434_stop,-0.03883371228673563
LTC/USDT:USDT,2026-01-17 00:00:00+00:00,2026-01-17 00:00:00+00:00,75.17,75.17,10.0,False,99.998651,13.303,-0.012512561658738208,-1.25199003,0,b434_stop,-0.05200621608
QNT/USDT:USDT,2026-01-04 16:00:00+00:00,2026-01-17 04:00:00+00:00,79.66,79.77,10.0,True,99.575,12.5,-0.012240070831351434,-1.21807377,18000,b434_stop,1.3526512323701214
BCH/USDT:USDT,2026-01-16 12:00:00+00:00,2026-01-17 04:00:00+00:00,599.46,595.94,10.0,False,99.989928,1.668,-0.0665660965020608,-6.65993276,960,b434_stop,0.4077835631245295
BEAMX/USDT:USDT,2026-01-15 08:00:00+00:00,2026-01-17 08:00:00+00:00,0.003139,0.003164,10.0,True,99.9997508,318572.0,-0.0853911375495677,-8.53396902,2880,b434_stop,0.635106572774
STRK/USDT:USDT,2026-01-15 16:00:00+00:00,2026-01-17 08:00:00+00:00,0.0858,0.0863,10.0,True,99.9999,11655.0,-0.06876169413691927,-6.87203684,2400,b434_stop,0.1589584573455795
BR/USDT:USDT,2026-01-15 20:00:00+00:00,2026-01-17 08:00:00+00:00,0.05403,0.05437,10.0,True,99.998724,18508.0,-0.06510890253264215,-6.50690069,2160,b434_stop,0.9895796343537329
ONDO/USDT:USDT,2026-01-17 08:00:00+00:00,2026-01-17 08:00:00+00:00,0.3886,0.3886,10.0,False,99.998438,2573.3,-0.011950040947067135,-1.19570242,0,b434_stop,0.004278831774
PUMP/USDT:USDT,2026-01-17 00:00:00+00:00,2026-01-17 12:00:00+00:00,0.002952,0.003016,10.0,False,99.9998856,338753.0,0.20530234499980232,20.54252914,720,b434_stop,0.075343886367471
SAND/USDT:USDT,2026-01-17 04:00:00+00:00,2026-01-17 12:00:00+00:00,0.13098,0.13545,10.0,False,99.990132,7634.0,0.3302809182253479,33.04464751,480,b434_limit,0.14102348184155
MUBARAK/USDT:USDT,2026-01-17 12:00:00+00:00,2026-01-17 16:00:00+00:00,0.02168,0.02175,10.0,False,99.999,46125.0,0.019254821670743192,1.92661819,240,b434_stop,-0.10020656250000001
STRK/USDT:USDT,2026-01-17 16:00:00+00:00,2026-01-17 16:00:00+00:00,0.087,0.087,10.0,False,99.99954,11494.2,-0.012492504497301618,-1.24999425,0,b434_stop,-0.04999977
AAVE/USDT:USDT,2026-01-17 16:00:00+00:00,2026-01-17 16:00:00+00:00,176.39,176.39,10.0,False,98.7784,5.6,-0.012012195709956533,-1.1872574,0,b434_stop,-0.00191659721541344
ZRO/USDT:USDT,2026-01-17 16:00:00+00:00,2026-01-17 16:00:00+00:00,1.7073,1.7073,10.0,False,99.996561,585.7,-0.011971412096622145,-1.1978183,0,b434_stop,0.0021404277646
FIL/USDT:USDT,2026-01-17 16:00:00+00:00,2026-01-17 16:00:00+00:00,1.579,1.579,10.0,False,99.99807,633.3,-0.012992204677193685,-1.29997491,0,b434_stop,-0.09999807000000001
ORCA/USDT:USDT,2026-01-17 16:00:00+00:00,2026-01-17 16:00:00+00:00,1.176,1.176,10.0,False,99.99528,850.3,-0.012492675402829884,-1.2499581,0,b434_stop,-0.050014736982099996
BR/USDT:USDT,2026-01-17 12:00:00+00:00,2026-01-17 20:00:00+00:00,0.05558,0.05565,10.0,False,99.999536,17992.0,-0.0038415228216676913,-0.38438099,480,b434_stop,-0.443070898729472
NEAR/USDT:USDT,2026-01-17 16:00:00+00:00,2026-01-17 20:00:00+00:00,1.788,1.784,10.0,False,99.9492,559.0,-0.03533664219952618,-3.53398824,240,b434_stop,-0.099939438183
SUI/USDT:USDT,2026-01-17 16:00:00+00:00,2026-01-17 20:00:00+00:00,1.8093,1.7932,10.0,False,99.981918,552.6,-0.10187034304172103,-10.1913034,240,b434_stop,-0.09999849600000002
ADA/USDT:USDT,2026-01-17 16:00:00+00:00,2026-01-17 20:00:00+00:00,0.4023,0.4001,10.0,False,99.97155,2485.0,-0.06658258965861076,-6.66035851,240,b434_stop,0.0030198912799999996
XLM/USDT:USDT,2026-01-17 16:00:00+00:00,2026-01-17 20:00:00+00:00,0.23199,0.23505,10.0,False,99.98769,4310.0,0.11918267508508432,11.92395045,240,b434_stop,-0.056884112482345
DOT/USDT:USDT,2026-01-17 16:00:00+00:00,2026-01-17 20:00:00+00:00,2.207,2.198,10.0,False,99.99917,453.1,-0.053723396833636056,-5.37551847,240,b434_stop,-0.10007517299400001
1000SHIB/USDT:USDT,2026-01-17 08:00:00+00:00,2026-01-18 00:00:00+00:00,0.008512,0.008478,10.0,False,99.9998272,117481.0,-0.054890635826433457,-5.49234753,960,b434_stop,-0.300392220583
AVAX/USDT:USDT,2026-01-18 00:00:00+00:00,2026-01-18 04:00:00+00:00,13.735,13.666,10.0,False,98.892,72.0,-0.06275896558089092,-6.21008344,240,b434_stop,-0.0583602440256
MUBARAK/USDT:USDT,2026-01-17 20:00:00+00:00,2026-01-18 12:00:00+00:00,0.02133,0.02152,10.0,True,99.999306,46882.0,-0.09868914687986566,-9.86292489,960,b434_stop,0.24999132646400002
STRK/USDT:USDT,2026-01-18 00:00:00+00:00,2026-01-18 12:00:00+00:00,0.0845,0.0849,10.0,True,99.999835,11834.3,-0.058318600027971415,-5.82835127,720,b434_stop,0.1082069825351073
ETH/USDT:USDT,2026-01-16 00:00:00+00:00,2026-01-18 16:00:00+00:00,3317.0,3332.31,10.0,True,99.8417,0.301,-0.054265728343384834,-5.41473178,3840,b434_stop,0.3944436073956672
AAVE/USDT:USDT,2026-01-18 00:00:00+00:00,2026-01-18 16:00:00+00:00,173.72,174.33,10.0,True,99.0204,5.7,-0.046139891015170284,-4.56604919,960,b434_stop,0.10128180996174828
NEAR/USDT:USDT,2026-01-18 08:00:00+00:00,2026-01-18 16:00:00+00:00,1.707,1.719,10.0,True,99.8595,585.0,-0.08465661995748412,-8.44869548,480,b434_stop,-0.226169479595943
BR/USDT:USDT,2026-01-18 08:00:00+00:00,2026-01-18 16:00:00+00:00,0.05395,0.05431,10.0,True,99.996325,18535.0,-0.07589980752885325,-7.585148,480,b434_stop,0.29141145776453703
SUI/USDT:USDT,2026-01-18 12:00:00+00:00,2026-01-18 16:00:00+00:00,1.7732,1.7733,10.0,True,99.990748,563.9,-0.012840425038349885,-1.28315335,240,b434_stop,-0.0268405437784
XLM/USDT:USDT,2026-01-18 16:00:00+00:00,2026-01-18 16:00:00+00:00,0.22456,0.22456,10.0,True,99.996568,4453.0,-0.012909031190842203,-1.2900843,0,b434_stop,-0.0901254829557732
FIL/USDT:USDT,2026-01-18 16:00:00+00:00,2026-01-18 16:00:00+00:00,1.536,1.536,10.0,True,99.9936,651.0,-0.011846204725043167,-1.18383393,0,b434_stop,0.0160892735841264
BEAMX/USDT:USDT,2026-01-17 08:00:00+00:00,2026-01-18 20:00:00+00:00,0.003164,0.003265,10.0,False,99.999802,316055.0,0.3017326361074134,30.19130779,2160,b434_stop,-0.511096649215
ARB/USDT:USDT,2026-01-17 12:00:00+00:00,2026-01-18 20:00:00+00:00,0.2132,0.2181,10.0,False,99.999328,4690.4,0.2159243745576695,21.60524773,1920,b434_stop,-0.16393055836376647
AIN/USDT:USDT,2026-01-17 16:00:00+00:00,2026-01-18 20:00:00+00:00,0.05181,0.05183,10.0,False,99.998481,19301.0,-0.021747643858603078,-2.17603619,1680,b434_stop,-1.3618428010353698
AVAX/USDT:USDT,2026-01-18 08:00:00+00:00,2026-01-18 20:00:00+00:00,13.619,13.659,10.0,True,99.4187,73.0,-0.04403627715567186,-4.37540261,720,b434_stop,-0.2606262121516808
AVAX/USDT:USDT,2026-01-18 20:00:00+00:00,2026-01-18 20:00:00+00:00,13.659,13.659,10.0,False,99.7107,73.0,-0.011992804317409556,-1.1965284,0,b434_stop,0.0
ADA/USDT:USDT,2026-01-18 12:00:00+00:00,2026-01-18 20:00:00+00:00,0.3926,0.3923,10.0,True,99.99522,2547.0,-0.004729007815635024,-0.47259445,480,b434_stop,-0.037210269149999996
STRK/USDT:USDT,2026-01-18 20:00:00+00:00,2026-01-18 20:00:00+00:00,0.0873,0.0873,10.0,False,99.999531,11454.7,-0.012492504522286747,-1.24999414,0,b434_stop,-0.04999976550000001
MUBARAK/USDT:USDT,2026-01-18 20:00:00+00:00,2026-01-18 20:00:00+00:00,0.0217,0.0217,10.0,False,99.99794,46082.0,-0.012492541775702972,-1.24997798,0,b434_stop,-0.050002702642000005
XRP/USDT:USDT,2026-01-07 04:00:00+00:00,2026-01-19 00:00:00+00:00,2.2659,1.9904,10.0,True,99.994167,441.3,1.2099458866298591,120.91493853,17040,b434_limit,0.4637716439688217
VIRTUAL/USDT:USDT,2026-01-07 04:00:00+00:00,2026-01-19 00:00:00+00:00,1.1323,0.8697,10.0,True,99.993413,883.1,2.3048719678040515,230.33373138,17040,b434_limit,-0.507548897897878
UNI/USDT:USDT,2026-01-07 12:00:00+00:00,2026-01-19 00:00:00+00:00,5.923,5.093,10.0,True,99.5064,168.0,1.400271018918081,139.25232656,16560,b434_limit,0.922739355014736
HYPE/USDT:USDT,2026-01-13 04:00:00+00:00,2026-01-19 00:00:00+00:00,24.226,24.455,10.0,False,99.980702,41.27,0.06386093721566467,6.38869225,8400,b434_stop,-1.8566988259599602
LINK/USDT:USDT,2026-01-13 12:00:00+00:00,2026-01-19 00:00:00+00:00,13.261,13.301,10.0,False,99.98794,75.4,0.008480975933820746,0.84850411,7920,b434_stop,-0.9658310068076994
BNB/USDT:USDT,2026-01-13 16:00:00+00:00,2026-01-19 00:00:00+00:00,917.08,932.73,10.0,False,99.96172,1.09,0.15172930574397936,15.17622265,7680,b434_stop,-0.6725016124082728
FET/USDT:USDT,2026-01-15 00:00:00+00:00,2026-01-19 00:00:00+00:00,0.2891,0.252,10.0,True,99.99969,3459.0,1.26113681136522,126.03762221,5760,b434_limit,-1.168278850043812
WLD/USDT:USDT,2026-01-15 08:00:00+00:00,2026-01-19 00:00:00+00:00,0.5921,0.5141,10.0,True,99.94648,1688.0,1.309691903180226,130.82055615,5280,b434_limit,0.276915512258856
PENGU/USDT:USDT,2026-01-15 08:00:00+00:00,2026-01-19 00:00:00+00:00,0.012675,0.010696,10.0,True,99.9994125,78895.0,1.5524475470852126,155.15069634,5280,b434_limit,0.123804364321615
MOVR/USDT:USDT,2026-01-15 08:00:00+00:00,2026-01-19 00:00:00+00:00,2.683,2.475,10.0,True,99.998093,372.71,0.7749701268892452,77.4490375,5280,b434_limit,1.07882040429659
ENA/USDT:USDT,2026-01-15 16:00:00+00:00,2026-01-19 00:00:00+00:00,0.2279,0.2042,10.0,True,99.97973,4387.0,1.0287202366209804,102.7894608,4800,b434_limit,-0.04506558423165598
GTC/USDT:USDT,2026-01-17 04:00:00+00:00,2026-01-19 00:00:00+00:00,0.141,0.138,10.0,False,99.99861,7092.1,-0.22833697770169945,-22.84708041,2640,b434_stop,-0.38356287407570006
GTC/USDT:USDT,2026-01-19 00:00:00+00:00,2026-01-19 00:00:00+00:00,0.138,0.138,10.0,True,99.99894,7246.3,-0.011004846989581011,-1.09981275,0,b434_stop,0.10017452509530002
1000SHIB/USDT:USDT,2026-01-18 12:00:00+00:00,2026-01-19 00:00:00+00:00,0.008388,0.008091,10.0,True,99.9992196,119217.0,0.3404409204591382,34.02340007,720,b434_limit,-0.20530276559202898
ONDO/USDT:USDT,2026-01-18 16:00:00+00:00,2026-01-19 00:00:00+00:00,0.3717,0.3546,10.0,True,99.998451,2690.3,0.4470369398113232,44.67617972,480,b434_limit,-0.15557134102297046
NIL/USDT:USDT,2026-01-18 16:00:00+00:00,2026-01-19 00:00:00+00:00,0.07593,0.06948,10.0,True,99.99981,13170.0,0.8399352794871972,83.94297234,480,b434_limit,0.14550216
QNT/USDT:USDT,2026-01-19 00:00:00+00:00,2026-01-19 04:00:00+00:00,79.2,77.3,10.0,True,99.792,12.6,0.2282424906282554,22.76310856,240,b434_stop,0.0062485567199999995
STRK/USDT:USDT,2026-01-19 00:00:00+00:00,2026-01-19 04:00:00+00:00,0.0824,0.0812,10.0,True,99.999816,12135.9,0.13090695049456436,13.08281656,240,b434_stop,-0.2890034929522547
SAND/USDT:USDT,2026-01-19 04:00:00+00:00,2026-01-19 08:00:00+00:00,0.13805,0.13663,10.0,True,99.989615,7243.0,0.0903475701076632,9.02839846,240,b434_stop,-0.06295719680968409
LTC/USDT:USDT,2026-01-19 04:00:00+00:00,2026-01-19 08:00:00+00:00,70.18,70.53,10.0,True,99.999482,14.249,-0.06207522208997462,-6.20376556,240,b434_stop,-0.013629487677600003
BEAMX/USDT:USDT,2026-01-19 04:00:00+00:00,2026-01-19 16:00:00+00:00,0.003,0.002988,10.0,True,99.9999,333333.0,0.030031113681303796,3.0013065,720,b434_stop,0.1989093010905
ZRO/USDT:USDT,2026-01-19 00:00:00+00:00,2026-01-19 20:00:00+00:00,1.721,1.6925,10.0,True,99.9901,581.0,0.14805454062946027,14.79510593,1200,b434_stop,-0.5734479661566944
AXS/USDT:USDT,2026-01-19 08:00:00+00:00,2026-01-20 00:00:00+00:00,1.749,1.643,10.0,True,99.8679,571.0,0.4211806607214542,42.03719065,960,b434_stop,-17.32671015411836
SOL/USDT:USDT,2026-01-15 12:00:00+00:00,2026-01-20 08:00:00+00:00,144.76,130.57,10.0,True,99.8844,6.9,0.9713500135955042,96.96449967,6960,b434_limit,0.19336586763886085
AIN/USDT:USDT,2026-01-19 00:00:00+00:00,2026-01-20 08:00:00+00:00,0.05022,0.05004,10.0,True,99.998064,19912.0,0.02828142315372748,2.82639071,1920,b434_stop,0.440056982124
HYPE/USDT:USDT,2026-01-19 00:00:00+00:00,2026-01-20 16:00:00+00:00,24.455,22.072,10.0,True,99.996495,40.89,0.968296796217156,96.76818997,2400,b434_limit,0.46881338871697503
BTC/USDT:USDT,2026-01-16 00:00:00+00:00,2026-01-20 20:00:00+00:00,95567.4,89694.1,10.0,True,95.5674,0.01,0.6104491646073474,58.30403607,6960,b434_limit,0.6826050684633066
BNB/USDT:USDT,2026-01-19 00:00:00+00:00,2026-01-21 00:00:00+00:00,932.73,884.71,10.0,True,99.80211,1.07,0.503576214784124,50.227814,2880,b434_limit,0.013210480224000001
BCH/USDT:USDT,2026-01-20 04:00:00+00:00,2026-01-21 00:00:00+00:00,581.51,572.62,10.0,True,99.961569,1.719,0.13763680714852355,13.75013616,1200,b434_stop,-0.3414041588298588
TRUMP/USDT:USDT,2026-01-21 08:00:00+00:00,2026-01-21 08:00:00+00:00,4.928,4.928,10.0,False,99.998976,202.92,-0.011898529996054095,-1.19055472,0,b434_stop,0.009432993681981862
1000SHIB/USDT:USDT,2026-01-21 08:00:00+00:00,2026-01-21 08:00:00+00:00,0.007931,0.007931,10.0,False,99.9995997,126087.0,-0.012992364720808555,-1.30001081,0,b434_stop,-0.100015612749
BCH/USDT:USDT,2026-01-21 04:00:00+00:00,2026-01-21 12:00:00+00:00,589.32,592.6,10.0,False,99.948672,1.696,0.045182328003226746,4.51862323,480,b434_stop,0.15846502512320002
SAND/USDT:USDT,2026-01-21 12:00:00+00:00,2026-01-21 16:00:00+00:00,0.14624,0.14523,10.0,False,99.998912,6838.0,-0.0808490503352491,-8.08966796,240,b434_stop,0.0125551588032
ZEC/USDT:USDT,2026-01-21 16:00:00+00:00,2026-01-21 16:00:00+00:00,369.56,369.56,10.0,False,99.96598,2.705,-0.010313087664932104,-1.03157649,0,b434_stop,0.16801527158371662
XRP/USDT:USDT,2026-01-21 16:00:00+00:00,2026-01-21 16:00:00+00:00,1.9569,1.9569,10.0,False,99.99759,511.0,-0.012780231849280153,-1.27875918,0,b434_stop,-0.07878810116099999
NEAR/USDT:USDT,2026-01-21 16:00:00+00:00,2026-01-21 16:00:00+00:00,1.552,1.552,10.0,False,99.9488,644.0,-0.012421547119752737,-1.24226364,0,b434_stop,-0.042878035200000005
DOGE/USDT:USDT,2026-01-21 16:00:00+00:00,2026-01-21 16:00:00+00:00,0.12631,0.12631,10.0,False,99.999627,7917.0,-0.011714763764028063,-1.17217489,0,b434_stop,0.027820638477067804
ADA/USDT:USDT,2026-01-21 16:00:00+00:00,2026-01-21 16:00:00+00:00,0.3622,0.3622,10.0,False,99.9672,2760.0,-0.01167426819654652,-1.16774413,0,b434_stop,0.031862271965568
WLD/USDT:USDT,2026-01-21 16:00:00+00:00,2026-01-21 16:00:00+00:00,0.4853,0.4853,10.0,False,99.9718,2060.0,-0.011690785508289272,-1.16945012,0,b434_stop,0.03021147796
STRK/USDT:USDT,2026-01-21 16:00:00+00:00,2026-01-21 16:00:00+00:00,0.081,0.081,10.0,False,99.99936,12345.6,-0.012402920374093154,-1.24102827,0,b434_stop,-0.04103595292871424
1000PEPE/USDT:USDT,2026-01-21 16:00:00+00:00,2026-01-21 16:00:00+00:00,0.0051473,0.0051473,10.0,False,99.99968548,194276.0,-0.012076955433970513,-1.20841636,0,b434_stop,-0.008420137097808
FET/USDT:USDT,2026-01-21 16:00:00+00:00,2026-01-21 16:00:00+00:00,0.2451,0.2451,10.0,False,99.97629,4079.0,-0.010934139556245732,-1.0938106,0,b434_stop,0.105904883997
UNI/USDT:USDT,2026-01-21 16:00:00+00:00,2026-01-21 16:00:00+00:00,4.969,4.969,10.0,False,99.8769,201.0,-0.01218302848936163,-1.2175332,0,b434_stop,-0.0190103991
ONDO/USDT:USDT,2026-01-21 16:00:00+00:00,2026-01-21 16:00:00+00:00,0.3401,0.3401,10.0,False,99.999603,2940.3,-0.011719167652419185,-1.17261526,0,b434_stop,0.027379978247247118
LTC/USDT:USDT,2026-01-21 16:00:00+00:00,2026-01-21 16:00:00+00:00,69.08,69.08,10.0,False,99.9933,14.475,-0.011560201177492483,-1.15663623,0,b434_stop,0.04328336502
PENGU/USDT:USDT,2026-01-21 16:00:00+00:00,2026-01-21 16:00:00+00:00,0.010107,0.010107,10.0,False,99.9996687,98941.0,-0.01165607299594221,-1.1663028,0,b434_stop,0.03369322170732
MOVR/USDT:USDT,2026-01-21 16:00:00+00:00,2026-01-21 16:00:00+00:00,2.376,2.376,10.0,False,99.998712,420.87,-0.012492403856389134,-1.24997383,0,b434_stop,-0.04998928815829501
XLM/USDT:USDT,2026-01-21 16:00:00+00:00,2026-01-21 16:00:00+00:00,0.21495,0.21495,10.0,False,99.99474,4652.0,-0.012829202499441436,-1.28362248,0,b434_stop,-0.083685597906
FIL/USDT:USDT,2026-01-21 16:00:00+00:00,2026-01-21 16:00:00+00:00,1.351,1.351,10.0,False,99.98751,740.1,-0.0125172896737217,-1.25232357,0,b434_stop,-0.052473445247999996
VIRTUAL/USDT:USDT,2026-01-21 16:00:00+00:00,2026-01-21 16:00:00+00:00,0.8462,0.8462,10.0,False,99.995454,1181.7,-0.012045066757221692,-1.20517459,0,b434_stop,-0.0052291442151
SOL/USDT:USDT,2026-01-21 20:00:00+00:00,2026-01-21 20:00:00+00:00,131.46,131.46,10.0,False,99.9096,7.6,-0.011992804317409556,-1.1989152,0,b434_stop,0.0
SUI/USDT:USDT,2026-01-21 20:00:00+00:00,2026-01-21 20:00:00+00:00,1.5404,1.5404,10.0,False,99.987364,649.1,-0.011992804337400088,-1.19984837,0,b434_stop,0.0
AIN/USDT:USDT,2026-01-21 20:00:00+00:00,2026-01-21 20:00:00+00:00,0.04799,0.04799,10.0,False,99.996763,20837.0,-0.012492192099621848,-1.24992828,0,b434_stop,-0.049967126
ENA/USDT:USDT,2026-01-21 20:00:00+00:00,2026-01-21 20:00:00+00:00,0.1827,0.1827,10.0,False,99.99171,5473.0,-0.010752348595363156,-1.07579081,0,b434_stop,0.12410971045199999
TAO/USDT:USDT,2026-01-21 20:00:00+00:00,2026-01-21 20:00:00+00:00,245.58,245.58,10.0,False,99.975618,4.071,-0.01197082018450191,-1.19750822,0,b434_stop,0.00219919491
AAVE/USDT:USDT,2026-01-21 20:00:00+00:00,2026-01-21 20:00:00+00:00,162.02,162.02,10.0,False,98.8322,6.1,-0.011992804317409553,-1.1859864,0,b434_stop,0.0
LINK/USDT:USDT,2026-01-21 20:00:00+00:00,2026-01-21 20:00:00+00:00,12.601,12.601,10.0,False,99.988935,79.35,-0.011992804317409553,-1.19986722,0,b434_stop,0.0
NIL/USDT:USDT,2026-01-21 20:00:00+00:00,2026-01-22 04:00:00+00:00,0.06993,0.06927,10.0,False,99.9999,14300.0,-0.10716444066434072,-10.72286321,480,b434_stop,-0.09052720901224
AIN/USDT:USDT,2026-01-22 00:00:00+00:00,2026-01-22 04:00:00+00:00,0.0468,0.04665,10.0,True,99.99756,21367.0,0.021081305158310543,2.10681423,240,b434_stop,0.099811923504
GTC/USDT:USDT,2026-01-22 04:00:00+00:00,2026-01-22 12:00:00+00:00,0.131,0.13,10.0,False,99.99885,7633.5,-0.08923858840646905,-8.92911047,480,b434_stop,-0.1002043667205
BEAMX/USDT:USDT,2026-01-22 04:00:00+00:00,2026-01-22 12:00:00+00:00,0.002975,0.002942,10.0,False,99.999865,336134.0,-0.12428005714445732,-12.43544573,480,b434_stop,-0.149680806334
BTC/USDT:USDT,2026-01-22 08:00:00+00:00,2026-01-22 12:00:00+00:00,89772.6,89909.7,10.0,False,98.74986,0.011,0.0027501077606205447,0.2717357,240,b434_stop,-0.050461122250000004
HYPE/USDT:USDT,2026-01-22 08:00:00+00:00,2026-01-22 12:00:00+00:00,21.932,21.808,10.0,False,99.987988,45.59,-0.06874256977003323,-6.8775553,240,b434_stop,-0.027931339450700005
ETH/USDT:USDT,2026-01-22 12:00:00+00:00,2026-01-22 12:00:00+00:00,2984.79,2984.79,10.0,False,99.990465,0.335,-0.011992804317409553,-1.19988558,0,b434_stop,0.0
BNB/USDT:USDT,2026-01-22 12:00:00+00:00,2026-01-22 12:00:00+00:00,893.16,893.16,10.0,False,99.14076,1.11,-0.011992804317409553,-1.18968912,0,b434_stop,0.0
QNT/USDT:USDT,2026-01-22 16:00:00+00:00,2026-01-22 20:00:00+00:00,80.83,80.11,10.0,False,99.4209,12.3,-0.10087944471322495,-10.0355429,240,b434_stop,0.008194301847925922
ZRO/USDT:USDT,2026-01-21 00:00:00+00:00,2026-01-23 00:00:00+00:00,1.8081,2.1842,10.0,False,99.98793,553.0,2.0860225940404327,208.70222736,2880,b434_limit,2.0435725007140872
ETH/USDT:USDT,2026-01-22 16:00:00+00:00,2026-01-23 04:00:00+00:00,2940.73,2963.18,10.0,True,99.98482,0.34,-0.088565919091389,-8.84993433,720,b434_stop,-0.012536688652444943
BR/USDT:USDT,2026-01-21 20:00:00+00:00,2026-01-23 16:00:00+00:00,0.04809,0.05237,10.0,False,99.998346,20794.0,0.8679179056319973,86.84242924,2640,b434_limit,-0.9025116195097224
QNT/USDT:USDT,2026-01-23 16:00:00+00:00,2026-01-23 16:00:00+00:00,79.64,79.64,10.0,True,99.55,12.5,-0.011826996247974801,-1.17667105,0,b434_stop,0.017928954999999996
AIN/USDT:USDT,2026-01-22 08:00:00+00:00,2026-01-24 16:00:00+00:00,0.04773,0.04848,10.0,False,99.999123,20951.0,0.1373193695916908,13.74005562,3360,b434_stop,-0.7637769492185
AIN/USDT:USDT,2026-01-24 20:00:00+00:00,2026-01-24 20:00:00+00:00,0.04722,0.04722,10.0,True,99.997794,21177.0,-0.010594549505235768,-1.05879592,0,b434_stop,0.14117760664604997
ORCA/USDT:USDT,2026-01-19 00:00:00+00:00,2026-01-25 00:00:00+00:00,1.115,1.062,10.0,True,99.9932,896.8,0.45990937159592377,45.96021709,8640,b434_stop,-0.39878274693888704
LYN/USDT:USDT,2026-01-23 12:00:00+00:00,2026-01-25 04:00:00+00:00,0.09926,0.09598,10.0,True,99.994524,10074.0,0.3239433020729842,32.37312076,2400,b434_stop,0.5105094195600001
AIN/USDT:USDT,2026-01-25 04:00:00+00:00,2026-01-25 04:00:00+00:00,0.04823,0.04823,10.0,False,99.995259,20733.0,-0.012492022588585849,-1.24989252,0,b434_stop,-0.04994941490850001
FET/USDT:USDT,2026-01-25 08:00:00+00:00,2026-01-25 08:00:00+00:00,0.2264,0.2264,10.0,True,99.97824,4416.0,-0.01333771507447281,-1.33268119,0,b434_stop,-0.132942306624
FET/USDT:USDT,2026-01-25 12:00:00+00:00,2026-01-25 12:00:00+00:00,0.2285,0.2285,10.0,False,99.9916,4376.0,-0.011992804317409553,-1.1998992,0,b434_stop,0.0
LYN/USDT:USDT,2026-01-25 12:00:00+00:00,2026-01-25 12:00:00+00:00,0.10228,0.10228,10.0,False,99.999156,9777.0,-0.012492651110571818,-1.25000412,0,b434_stop,-0.05001424350000001
AVAX/USDT:USDT,2026-01-19 00:00:00+00:00,2026-01-25 16:00:00+00:00,12.976,11.843,10.0,True,99.9152,77.0,0.849276724485057,84.80474039,9600,b434_limit,-1.289621812621296
ARB/USDT:USDT,2026-01-19 00:00:00+00:00,2026-01-25 16:00:00+00:00,0.2059,0.1732,10.0,True,99.999453,4856.7,1.5784798012847132,157.75240843,9600,b434_limit,0.04302340929203831
BTC/USDT:USDT,2026-01-25 20:00:00+00:00,2026-01-25 20:00:00+00:00,86459.4,86459.4,10.0,True,95.10534,0.011,-0.012007204322593557,-1.14126408,0,b434_stop,0.0
SOL/USDT:USDT,2026-01-25 20:00:00+00:00,2026-01-25 20:00:00+00:00,117.87,117.87,10.0,True,99.95376,8.48,-0.012007204322593557,-1.19944512,0,b434_stop,0.0
XRP/USDT:USDT,2026-01-25 20:00:00+00:00,2026-01-25 20:00:00+00:00,1.817,1.817,10.0,True,99.98951,550.3,-0.012007204322593557,-1.19987412,0,b434_stop,0.0
NEAR/USDT:USDT,2026-01-25 20:00:00+00:00,2026-01-25 20:00:00+00:00,1.417,1.417,10.0,True,99.8985,705.0,-0.012007204322593557,-1.198782,0,b434_stop,0.0
SUI/USDT:USDT,2026-01-25 20:00:00+00:00,2026-01-25 20:00:00+00:00,1.3772,1.3772,10.0,True,99.998492,726.1,-0.01200720428256894,-1.1999819,0,b434_stop,0.0
HYPE/USDT:USDT,2026-01-25 20:00:00+00:00,2026-01-25 20:00:00+00:00,21.797,21.797,10.0,True,99.982839,45.87,-0.01162875987003643,-1.16197882,0,b434_stop,0.037815244513199994
GTC/USDT:USDT,2026-01-25 20:00:00+00:00,2026-01-25 20:00:00+00:00,0.123,0.123,10.0,True,99.999,8130.0,-0.012007204322593557,-1.199988,0,b434_stop,0.0
WLD/USDT:USDT,2026-01-25 20:00:00+00:00,2026-01-25 20:00:00+00:00,0.4357,0.4357,10.0,True,99.99315,2295.0,-0.012007204322593557,-1.1999178,0,b434_stop,0.0
ENA/USDT:USDT,2026-01-25 20:00:00+00:00,2026-01-25 20:00:00+00:00,0.16,0.16,10.0,True,100.0,6250.0,-0.011506800180108065,-1.14998961,0,b434_stop,0.05001039062499999
1000PEPE/USDT:USDT,2026-01-25 20:00:00+00:00,2026-01-25 20:00:00+00:00,0.0046353,0.0046353,10.0,True,99.99964455,215735.0,-0.012007204276565776,-1.19999573,0,b434_stop,0.0
UNI/USDT:USDT,2026-01-25 20:00:00+00:00,2026-01-25 20:00:00+00:00,4.579,4.579,10.0,True,99.8222,218.0,-0.012007204322593558,-1.1978664,0,b434_stop,0.0
AVAX/USDT:USDT,2026-01-25 20:00:00+00:00,2026-01-25 20:00:00+00:00,11.304,11.304,10.0,True,99.4752,88.0,-0.012007204322593557,-1.1937024,0,b434_stop,0.0
LINK/USDT:USDT,2026-01-25 20:00:00+00:00,2026-01-25 20:00:00+00:00,11.428,11.428,10.0,True,99.995,87.5,-0.012007204322593557,-1.19994,0,b434_stop,0.0
NIL/USDT:USDT,2026-01-25 20:00:00+00:00,2026-01-25 20:00:00+00:00,0.06729,0.06729,10.0,True,99.999669,14861.0,-0.011506978452317207,-1.15000362,0,b434_stop,0.049992404000000004
PENGU/USDT:USDT,2026-01-25 20:00:00+00:00,2026-01-25 20:00:00+00:00,0.009012,0.009012,10.0,True,99.9998556,110963.0,-0.01153602166101708,-1.15290834,0,b434_stop,0.047089932002039994
ARB/USDT:USDT,2026-01-25 20:00:00+00:00,2026-01-25 20:00:00+00:00,0.1643,0.1643,10.0,True,99.999552,6086.4,-0.01200720428256936,-1.19999462,0,b434_stop,0.0
TRUMP/USDT:USDT,2026-01-25 20:00:00+00:00,2026-01-25 20:00:00+00:00,4.705,4.705,10.0,True,99.995365,212.53,-0.015064240052621495,-1.50545037,0,b434_stop,-0.30550599164907155
FIL/USDT:USDT,2026-01-25 20:00:00+00:00,2026-01-25 20:00:00+00:00,1.223,1.223,10.0,True,99.99248,817.6,-0.012007204322593557,-1.19990976,0,b434_stop,0.0
AXS/USDT:USDT,2026-01-21 00:00:00+00:00,2026-01-26 00:00:00+00:00,2.067,2.036,10.0,False,99.8361,483.0,1.1232432527370084,112.20750984,7200,b434_stop,128.36955924163215
ETH/USDT:USDT,2026-01-25 20:00:00+00:00,2026-01-26 00:00:00+00:00,2810.91,2815.49,10.0,True,99.787305,0.355,-0.029686426816680433,-2.96055113,240,b434_stop,-0.136227927041526
DOGE/USDT:USDT,2026-01-25 20:00:00+00:00,2026-01-26 00:00:00+00:00,0.1187,0.11938,10.0,True,99.99288,8424.0,-0.07039054852908849,-7.03433054,240,b434_stop,-0.10265898367295999
TAO/USDT:USDT,2026-01-25 20:00:00+00:00,2026-01-26 00:00:00+00:00,222.29,224.21,10.0,True,99.986042,4.498,-0.09812355169871412,-9.80509897,240,b434_stop,0.036075228436
BEAMX/USDT:USDT,2026-01-26 00:00:00+00:00,2026-01-26 00:00:00+00:00,0.002803,0.002803,10.0,True,99.999828,356760.0,-0.011506920232166958,-1.14999963,0,b434_stop,0.04999830858
MOVR/USDT:USDT,2026-01-26 00:00:00+00:00,2026-01-26 00:00:00+00:00,2.218,2.218,10.0,True,99.99853,450.85,-0.011507017362080577,-1.14999441,0,b434_stop,0.049987952722650005
ORCA/USDT:USDT,2026-01-26 00:00:00+00:00,2026-01-26 00:00:00+00:00,1.033,1.033,10.0,True,99.9944,968.0,-0.016744246563138734,-1.67332629,0,b434_stop,-0.47339348848
BEAMX/USDT:USDT,2026-01-26 04:00:00+00:00,2026-01-26 04:00:00+00:00,0.003203,0.003203,10.0,False,99.9999021,312207.0,-0.010764028027489736,-1.07704759,0,b434_stop,0.122951238669021
LTC/USDT:USDT,2026-01-26 04:00:00+00:00,2026-01-26 04:00:00+00:00,67.37,67.37,10.0,True,99.997291,14.843,-0.012007204302581006,-1.19996749,0,b434_stop,0.0
XLM/USDT:USDT,2026-01-25 16:00:00+00:00,2026-01-26 08:00:00+00:00,0.20757,0.20746,10.0,True,99.986469,4817.0,-0.007120479381610855,-0.71152442,960,b434_stop,-0.04187471835754478
VIRTUAL/USDT:USDT,2026-01-25 04:00:00+00:00,2026-01-26 12:00:00+00:00,0.8087,0.792,10.0,True,99.995755,1236.5,0.19519185133335265,19.50664553,1920,b434_stop,0.044654855332543146
ZEC/USDT:USDT,2026-01-25 08:00:00+00:00,2026-01-26 12:00:00+00:00,357.54,352.95,10.0,True,99.968184,2.796,0.11809382668426929,11.79854202,1680,b434_stop,0.15682004392297527
ADA/USDT:USDT,2026-01-25 16:00:00+00:00,2026-01-26 12:00:00+00:00,0.352,0.3469,10.0,True,99.968,2840.0,0.13273840274475185,13.26163089,1200,b434_stop,-0.0314435144
AAVE/USDT:USDT,2026-01-25 16:00:00+00:00,2026-01-26 12:00:00+00:00,153.27,151.56,10.0,True,99.6255,6.5,0.10054540937821348,10.01087655,1200,b434_stop,0.0847135536536965
ARB/USDT:USDT,2026-01-26 12:00:00+00:00,2026-01-26 16:00:00+00:00,0.1704,0.1703,10.0,False,99.99924,5868.5,-0.018312564320401886,-1.83234126,240,b434_stop,-0.045852488190976495
NEAR/USDT:USDT,2026-01-26 16:00:00+00:00,2026-01-26 16:00:00+00:00,1.462,1.462,10.0,False,99.8546,683.0,-0.010969918480539262,-1.09605406,0,b434_stop,0.10220114212
AVAX/USDT:USDT,2026-01-26 16:00:00+00:00,2026-01-26 16:00:00+00:00,11.748,11.748,10.0,False,99.858,85.0,-0.01138287025181194,-1.13735266,0,b434_stop,0.0609433374
XLM/USDT:USDT,2026-01-26 16:00:00+00:00,2026-01-26 16:00:00+00:00,0.20907,0.20907,10.0,False,99.998181,4783.0,-0.012859259994288687,-1.28667415,0,b434_stop,-0.0866959807272
VIRTUAL/USDT:USDT,2026-01-26 16:00:00+00:00,2026-01-26 16:00:00+00:00,0.8117,0.8117,10.0,False,99.993323,1231.9,-0.011415051009659893,-1.14211374,0,b434_stop,0.0578061400263
BNB/USDT:USDT,2026-01-25 16:00:00+00:00,2026-01-26 20:00:00+00:00,878.05,874.85,10.0,True,99.21965,1.13,0.02514419098129472,2.49330095,1680,b434_stop,0.06576715246120549
WLD/USDT:USDT,2026-01-26 16:00:00+00:00,2026-01-26 20:00:00+00:00,0.4611,0.4598,10.0,False,99.96648,2168.0,-0.04085047550993261,-4.08612845,240,b434_stop,-0.069821732128
FIL/USDT:USDT,2026-01-26 16:00:00+00:00,2026-01-26 20:00:00+00:00,1.273,1.267,10.0,False,99.99415,785.5,-0.059003775326693104,-5.90357238,240,b434_stop,0.0065296179950000005
BCH/USDT:USDT,2026-01-25 00:00:00+00:00,2026-01-27 00:00:00+00:00,593.2,578.17,10.0,True,99.9542,1.685,0.23948196340764175,23.92286573,2880,b434_stop,-0.21842920371280308
PUMP/USDT:USDT,2026-01-17 16:00:00+00:00,2026-01-27 04:00:00+00:00,0.002912,0.002892,10.0,True,99.9998272,343406.0,0.06542074622695743,6.53813808,13680,b434_stop,0.8658951347058964
ORCA/USDT:USDT,2026-01-26 16:00:00+00:00,2026-01-27 04:00:00+00:00,1.07,1.064,10.0,False,99.9915,934.5,-0.061015085842560456,-6.10465055,720,b434_stop,0.69888324852822
GTC/USDT:USDT,2026-01-27 00:00:00+00:00,2026-01-27 04:00:00+00:00,0.13,0.13,10.0,False,99.9999,7692.3,-0.012992470817775634,-1.30002533,240,b434_stop,-0.1000265307426
BCH/USDT:USDT,2026-01-27 04:00:00+00:00,2026-01-27 04:00:00+00:00,592.72,592.72,10.0,False,99.991864,1.687,-0.011992804337399188,-1.19990237,0,b434_stop,0.0
TRUMP/USDT:USDT,2026-01-27 04:00:00+00:00,2026-01-27 04:00:00+00:00,4.802,4.802,10.0,False,99.996848,208.24,-0.011474115511812316,-1.14806381,0,b434_stop,0.051898364111999995
AIN/USDT:USDT,2026-01-25 08:00:00+00:00,2026-01-27 08:00:00+00:00,0.04763,0.04001,10.0,True,99.999185,20995.0,1.6009039137867491,159.99303319,2880,b434_limit,1.115134270809
UNI/USDT:USDT,2026-01-27 00:00:00+00:00,2026-01-27 08:00:00+00:00,4.708,4.687,10.0,False,99.8096,212.0,-0.0577821882838941,-5.77067743,480,b434_stop,-0.12363342851244401
AXS/USDT:USDT,2026-01-27 04:00:00+00:00,2026-01-27 08:00:00+00:00,2.588,2.584,10.0,False,99.8968,386.0,0.09382225460873103,9.37816653,240,b434_stop,12.12000173115845
MOVR/USDT:USDT,2026-01-26 04:00:00+00:00,2026-01-27 12:00:00+00:00,2.296,2.268,10.0,False,99.999984,435.54,-0.1364849591751909,-13.65668283,1920,b434_stop,-0.26888009191733175
XRP/USDT:USDT,2026-01-26 12:00:00+00:00,2026-01-27 12:00:00+00:00,1.8907,1.888,10.0,False,99.999123,528.9,-0.027324999084575374,-2.73411543,1440,b434_stop,-0.10695277418180879
PENGU/USDT:USDT,2026-01-26 16:00:00+00:00,2026-01-27 12:00:00+00:00,0.009613,0.0095,10.0,False,99.9992325,104025.0,-0.13095487415721202,-13.10324414,1200,b434_stop,-0.15548124358065
SOL/USDT:USDT,2026-01-26 20:00:00+00:00,2026-01-27 12:00:00+00:00,124.26,124.08,10.0,False,99.90504,8.04,-0.028052277659335424,-2.80424546,960,b434_stop,-0.1590533022158762
ADA/USDT:USDT,2026-01-26 20:00:00+00:00,2026-01-27 12:00:00+00:00,0.3519,0.3503,10.0,False,99.97479,2841.0,-0.05940444447928192,-5.94251023,960,b434_stop,-0.199940105265
BEAMX/USDT:USDT,2026-01-27 08:00:00+00:00,2026-01-27 12:00:00+00:00,0.002931,0.002946,10.0,True,99.999858,341180.0,-0.06224268674363059,-6.22052528,240,b434_stop,0.10024363111000001
1000SHIB/USDT:USDT,2026-01-25 04:00:00+00:00,2026-01-27 16:00:00+00:00,0.007756,0.007697,10.0,True,99.9996592,128932.0,0.06459013867432328,6.45511646,3600,b434_stop,0.0435601806851296
1000PEPE/USDT:USDT,2026-01-26 16:00:00+00:00,2026-01-27 16:00:00+00:00,0.0049196,0.0049979,10.0,False,99.99972528,203268.0,0.14465616074139961,14.47425568,1440,b434_stop,-0.23208248657767683
BTC/USDT:USDT,2026-01-26 20:00:00+00:00,2026-01-27 16:00:00+00:00,87965.5,88000.1,10.0,False,96.76205,0.011,-0.00984712026537176,-0.95339924,1200,b434_stop,-0.17262627570128566
HYPE/USDT:USDT,2026-01-26 20:00:00+00:00,2026-01-27 16:00:00+00:00,24.116,28.152,10.0,False,99.984936,41.46,1.6562949309124062,165.70390539,1200,b434_limit,-0.32843583889431005
TRUMP/USDT:USDT,2026-01-27 08:00:00+00:00,2026-01-27 16:00:00+00:00,4.763,4.779,10.0,True,99.999185,209.95,-0.04945748993065421,-4.94274126,480,b434_stop,-0.38153552375396604
FET/USDT:USDT,2026-01-25 16:00:00+00:00,2026-01-27 20:00:00+00:00,0.2253,0.2239,10.0,True,99.98814,4438.0,0.03823737986019558,3.82099052,3120,b434_stop,-1.1960797152160865
ZRO/USDT:USDT,2026-01-24 12:00:00+00:00,2026-01-28 00:00:00+00:00,2.0692,1.9982,10.0,True,99.983744,483.2,0.3294808774016245,32.92296606,5040,b434_stop,-0.20501332961472193
TRUMP/USDT:USDT,2026-01-27 20:00:00+00:00,2026-01-28 00:00:00+00:00,4.79,4.8,10.0,False,99.99604,208.76,0.009444053276934313,0.94493455,240,b434_stop,0.058539590161261604
ONDO/USDT:USDT,2026-01-25 04:00:00+00:00,2026-01-28 08:00:00+00:00,0.3385,0.3403,10.0,True,99.99967,2954.2,-0.06117248864127575,-6.11355834,4560,b434_stop,0.407188231651063
SUI/USDT:USDT,2026-01-26 12:00:00+00:00,2026-01-28 08:00:00+00:00,1.4339,1.4275,10.0,False,99.985847,697.3,-0.06046594441311199,-6.04936611,2640,b434_stop,-0.38949357980630983
LINK/USDT:USDT,2026-01-26 16:00:00+00:00,2026-01-28 12:00:00+00:00,11.914,12.032,10.0,False,99.994202,83.93,0.08237716439509137,8.24218116,2640,b434_stop,-0.455686175773253
BEAMX/USDT:USDT,2026-01-27 16:00:00+00:00,2026-01-28 12:00:00+00:00,0.003185,0.003192,10.0,False,99.9997635,313971.0,0.006903065396307328,0.69071909,1200,b434_stop,-0.3057620712195
QNT/USDT:USDT,2026-01-27 20:00:00+00:00,2026-01-28 16:00:00+00:00,78.14,77.32,10.0,False,99.2378,12.7,-0.11955198728989794,-11.87119465,1200,b434_stop,-0.2725894477588
LYN/USDT:USDT,2026-01-28 12:00:00+00:00,2026-01-29 00:00:00+00:00,0.11103,0.10951,10.0,True,99.993618,9006.0,0.12701705099505461,12.69327394,720,b434_stop,0.195863879427
TAO/USDT:USDT,2026-01-26 12:00:00+00:00,2026-01-29 04:00:00+00:00,230.4,229.49,10.0,False,99.9936,4.34,-0.05466143916760543,-5.46907356,3840,b434_stop,-0.32212000200460467
GTC/USDT:USDT,2026-01-29 04:00:00+00:00,2026-01-29 04:00:00+00:00,0.127,0.127,10.0,True,99.9998,7874.0,-0.012007204322593558,-1.1999976,0,b434_stop,0.0
MOVR/USDT:USDT,2026-01-29 04:00:00+00:00,2026-01-29 04:00:00+00:00,2.21,2.21,10.0,True,99.99808,452.48,-0.01150667780233828,-1.1499553,0,b434_stop,0.050021664
ZRO/USDT:USDT,2026-01-29 04:00:00+00:00,2026-01-29 04:00:00+00:00,1.9294,1.9294,10.0,True,99.981508,518.2,-0.011820556980070358,-1.18112801,0,b434_stop,0.0186500844609637
LTC/USDT:USDT,2026-01-26 08:00:00+00:00,2026-01-29 08:00:00+00:00,68.36,68.13,10.0,False,99.997008,14.628,-0.05044396530982625,-5.04727215,4320,b434_stop,-0.4848867174165131
ENA/USDT:USDT,2026-01-26 12:00:00+00:00,2026-01-29 08:00:00+00:00,0.1656,0.1657,10.0,False,99.98928,6038.0,-0.014655438142721047,-1.46626594,4080,b434_stop,-0.8698322952610961
DOGE/USDT:USDT,2026-01-26 16:00:00+00:00,2026-01-29 08:00:00+00:00,0.12219,0.12194,10.0,False,99.988077,8183.0,-0.035680283642529315,-3.56974351,3840,b434_stop,-0.32536403289894983
AIN/USDT:USDT,2026-01-29 08:00:00+00:00,2026-01-29 08:00:00+00:00,0.03799,0.03799,10.0,False,99.997278,26322.0,-0.012491921581174797,-1.24990765,0,b434_stop,-0.04994030944800001
MUBARAK/USDT:USDT,2026-01-19 00:00:00+00:00,2026-01-29 12:00:00+00:00,0.02122,0.01772,10.0,True,99.99925,47125.0,1.6604040558921362,165.93953679,15120,b434_limit,2.1030652858034626
DOT/USDT:USDT,2026-01-19 00:00:00+00:00,2026-01-29 12:00:00+00:00,2.063,1.786,10.0,True,99.99361,484.7,1.3263951017540663,132.55145589,15120,b434_limit,-0.5910779333558516
ETH/USDT:USDT,2026-01-26 12:00:00+00:00,2026-01-29 12:00:00+00:00,2890.91,2928.09,10.0,False,99.736395,0.345,0.11047278554207472,11.02476827,4320,b434_stop,-0.5977987324636035
AAVE/USDT:USDT,2026-01-26 16:00:00+00:00,2026-01-29 12:00:00+00:00,152.57,153.87,10.0,False,99.1705,6.5,0.07215620280198261,7.16006017,4080,b434_stop,-0.09482382768805053
BNB/USDT:USDT,2026-01-26 20:00:00+00:00,2026-01-29 12:00:00+00:00,874.85,894.73,10.0,False,99.7329,1.14,0.21212558012890168,21.16859281,3840,b434_stop,-0.28421447280931983
ZEC/USDT:USDT,2026-01-26 20:00:00+00:00,2026-01-29 12:00:00+00:00,362.81,361.63,10.0,False,99.990436,2.756,-0.04769776339314348,-4.77218175,3840,b434_stop,-0.32216776384653684
VIRTUAL/USDT:USDT,2026-01-29 12:00:00+00:00,2026-01-29 12:00:00+00:00,0.789,0.789,10.0,True,99.99786,1267.4,-0.01388564826353924,-1.38770199,0,b434_stop,-0.1877276718498336
BNB/USDT:USDT,2026-01-29 16:00:00+00:00,2026-01-29 16:00:00+00:00,864.35,864.35,10.0,True,99.40025,1.15,-0.011779078181288214,-1.17014081,0,b434_stop,0.022662190033735197
FET/USDT:USDT,2026-01-29 16:00:00+00:00,2026-01-29 16:00:00+00:00,0.2116,0.2116,10.0,True,99.981,4725.0,-0.019154692823695738,-1.91395628,0,b434_stop,-0.7141842792
MUBARAK/USDT:USDT,2026-01-29 16:00:00+00:00,2026-01-29 16:00:00+00:00,0.01695,0.01695,10.0,True,99.999915,58997.0,-0.012289540063879717,-1.22821559,0,b434_stop,-0.028216613184
STRK/USDT:USDT,2026-01-22 20:00:00+00:00,2026-01-30 00:00:00+00:00,0.0765,0.0634,10.0,True,99.99927,13071.8,1.6927075584862095,169.16795846,10320,b434_limit,-0.9753746498241892
BTC/USDT:USDT,2026-01-29 12:00:00+00:00,2026-01-30 00:00:00+00:00,87795.1,84604.7,10.0,True,96.57461,0.011,0.35264181545727685,34.03581205,720,b434_limit,0.07925073154734438
ZRO/USDT:USDT,2026-01-30 00:00:00+00:00,2026-01-30 00:00:00+00:00,2.1272,2.1272,10.0,False,99.999672,470.1,-0.012168524022293072,-1.21757852,0,b434_stop,-0.01758245205783744
WLD/USDT:USDT,2026-01-30 04:00:00+00:00,2026-01-30 04:00:00+00:00,0.4528,0.4528,10.0,True,99.97824,2208.0,-0.012007204322593555,-1.19973888,0,b434_stop,0.0
MUBARAK/USDT:USDT,2026-01-30 08:00:00+00:00,2026-01-30 08:00:00+00:00,0.01787,0.01787,10.0,False,99.998733,55959.0,-0.01249248828182533,-1.24998254,0,b434_stop,-0.049997743689
ETH/USDT:USDT,2026-01-29 12:00:00+00:00,2026-01-30 16:00:00+00:00,2928.09,2727.63,10.0,True,99.847869,0.341,0.6733238983181133,67.18961842,1680,b434_limit,-0.010081264825339482
AAVE/USDT:USDT,2026-01-29 12:00:00+00:00,2026-01-30 16:00:00+00:00,153.87,139.7,10.0,True,98.4768,6.4,0.9079499150187129,89.35835499,1680,b434_limit,-0.20233620954896453
ZRO/USDT:USDT,2026-01-30 12:00:00+00:00,2026-01-30 16:00:00+00:00,1.9824,1.959,10.0,True,99.992256,504.4,0.10560055163107292,10.55290185,240,b434_stop,-0.05723285433183968
LYN/USDT:USDT,2026-01-30 20:00:00+00:00,2026-01-30 20:00:00+00:00,0.11735,0.11735,10.0,False,99.993935,8521.0,-0.012492539003691851,-1.24992764,0,b434_stop,-0.050000418505000005
ZRO/USDT:USDT,2026-01-30 20:00:00+00:00,2026-01-30 20:00:00+00:00,2.06,2.06,10.0,False,99.9924,485.4,-0.011786338196242191,-1.17925137,0,b434_stop,0.020657427003599994
NIL/USDT:USDT,2026-01-31 00:00:00+00:00,2026-01-31 04:00:00+00:00,0.06242,0.06148,10.0,False,99.999961,16020.5,-0.16339666346485468,-16.34946377,240,b434_stop,-0.09922979949325
LYN/USDT:USDT,2026-01-31 04:00:00+00:00,2026-01-31 04:00:00+00:00,0.1066,0.1066,10.0,True,99.9908,9380.0,-0.01150657561516272,-1.14986137,0,b434_stop,0.05002823000000001
LINK/USDT:USDT,2026-01-29 04:00:00+00:00,2026-01-31 08:00:00+00:00,11.637,10.613,10.0,True,99.996741,85.93,0.86976886477871,86.92186747,3120,b434_limit,0.07671296852202844
XRP/USDT:USDT,2026-01-29 08:00:00+00:00,2026-01-31 08:00:00+00:00,1.8845,1.7182,10.0,True,99.99157,530.6,0.8637780440256333,86.31870044,2880,b434_limit,-0.7731239843701718
SUI/USDT:USDT,2026-01-29 04:00:00+00:00,2026-01-31 12:00:00+00:00,1.3655,1.2238,10.0,True,99.995565,732.3,1.0295948048149646,102.89314128,3360,b434_limit,0.2639179114023497
BCH/USDT:USDT,2026-01-29 04:00:00+00:00,2026-01-31 12:00:00+00:00,581.4,534.04,10.0,True,99.94266,1.719,0.8051241601946564,80.41797045,3360,b434_limit,0.15659526188008185
TRUMP/USDT:USDT,2026-01-29 04:00:00+00:00,2026-01-31 12:00:00+00:00,4.698,4.424,10.0,True,99.99693,212.85,0.5332377274124401,53.29014242,3360,b434_limit,-3.8657869619082925
DOGE/USDT:USDT,2026-01-29 08:00:00+00:00,2026-01-31 12:00:00+00:00,0.12194,0.1118,10.0,True,99.9908,8200.0,0.816644647817505,81.60795748,3120,b434_limit,-0.39004171682796
SOL/USDT:USDT,2026-01-29 08:00:00+00:00,2026-01-31 12:00:00+00:00,123.72,115.97,10.0,True,99.96576,8.08,0.6090475580960193,60.84737168,3120,b434_limit,-0.6106112030865904
TAO/USDT:USDT,2026-01-29 08:00:00+00:00,2026-01-31 12:00:00+00:00,229.08,208.43,10.0,True,99.99342,4.365,0.8870545282840188,88.64639624,3120,b434_limit,-0.34501506917418534
1000SHIB/USDT:USDT,2026-01-29 08:00:00+00:00,2026-01-31 12:00:00+00:00,0.007598,0.007038,10.0,True,99.9995574,131613.0,0.726048492658129,72.5609652,3120,b434_limit,0.01345792000855442
NEAR/USDT:USDT,2026-01-29 12:00:00+00:00,2026-01-31 12:00:00+00:00,1.418,1.279,10.0,True,99.969,705.0,0.9713045993227282,97.04208928,2880,b434_limit,0.18792027530238598
ADA/USDT:USDT,2026-01-29 12:00:00+00:00,2026-01-31 12:00:00+00:00,0.3464,0.3101,10.0,True,99.97104,2886.0,1.035746745133116,103.48255248,2880,b434_limit,-0.1424521209237828
ENA/USDT:USDT,2026-01-29 12:00:00+00:00,2026-01-31 12:00:00+00:00,0.1633,0.1462,10.0,True,99.98859,6123.0,1.0390079098179192,103.82660254,2880,b434_limit,0.2603436365764533
UNI/USDT:USDT,2026-01-29 12:00:00+00:00,2026-01-31 12:00:00+00:00,4.649,4.139,10.0,True,99.9535,215.0,1.0855797159207148,108.44238764,2880,b434_limit,-0.073960364938377
AVAX/USDT:USDT,2026-01-29 12:00:00+00:00,2026-01-31 12:00:00+00:00,11.652,10.584,10.0,True,99.042,85.0,0.8955738393259094,88.64620454,2880,b434_limit,-0.9997594618273811
ARB/USDT:USDT,2026-01-29 12:00:00+00:00,2026-01-31 12:00:00+00:00,0.1636,0.1494,10.0,True,99.998864,6112.4,0.8583920255979695,85.78672449,2880,b434_limit,0.13855320579643032
XLM/USDT:USDT,2026-01-29 12:00:00+00:00,2026-01-31 12:00:00+00:00,0.20376,0.18586,10.0,True,99.985032,4907.0,0.8638380014933964,86.3190477,2880,b434_limit,-0.36913309759421553
FIL/USDT:USDT,2026-01-29 12:00:00+00:00,2026-01-31 12:00:00+00:00,1.226,1.139,10.0,True,99.99256,815.6,0.6855013245925261,68.50390531,2880,b434_limit,-1.2959582896034307
ORCA/USDT:USDT,2026-01-29 12:00:00+00:00,2026-01-31 12:00:00+00:00,1.049,0.962,10.0,True,99.99068,953.2,0.8169734857351543,81.64072054,2880,b434_limit,-0.13754833848966802
LYN/USDT:USDT,2026-01-31 12:00:00+00:00,2026-01-31 12:00:00+00:00,0.11618,0.11618,10.0,False,99.996126,8607.0,-0.012492502548395418,-1.24995138,0,b434_stop,-0.04999786934250001
SAND/USDT:USDT,2026-01-24 00:00:00+00:00,2026-01-31 16:00:00+00:00,0.15882,0.10633,10.0,True,99.993072,6296.0,3.2777461811147433,327.55525874,11040,b434_limit,-1.9201506181343262
BEAMX/USDT:USDT,2026-01-29 00:00:00+00:00,2026-01-31 16:00:00+00:00,0.003097,0.002683,10.0,True,99.9999621,322893.0,1.3342642847536044,133.34632208,3840,b434_limit,0.788413004388
1000PEPE/USDT:USDT,2026-01-29 04:00:00+00:00,2026-01-31 16:00:00+00:00,0.0048185,0.0042401,10.0,True,99.99977605,207533.0,1.190783785731671,119.00666503,3600,b434_limit,0.09755288672853421
ONDO/USDT:USDT,2026-01-29 12:00:00+00:00,2026-01-31 16:00:00+00:00,0.3291,0.2881,10.0,True,99.997035,3038.5,1.233700757734571,123.292398,3120,b434_limit,-0.1608846780240872
PENGU/USDT:USDT,2026-01-29 12:00:00+00:00,2026-01-31 16:00:00+00:00,0.00956,0.007905,10.0,True,99.999512,104602.0,1.7204359380527732,171.93952858,3120,b434_limit,-0.08065705774100981
MUBARAK/USDT:USDT,2026-01-31 16:00:00+00:00,2026-01-31 16:00:00+00:00,0.01611,0.01611,10.0,True,99.999603,62073.0,-0.011507030573845937,-1.15000807,0,b434_stop,0.0499871696445
US/USDT:USDT,2026-01-31 16:00:00+00:00,2026-01-31 16:00:00+00:00,0.00652,0.00652,10.0,True,99.999848,153374.0,-0.011507293156484837,-1.15003713,0,b434_stop,0.049961043691000004
SAND/USDT:USDT,2026-01-31 20:00:00+00:00,2026-01-31 20:00:00+00:00,0.09928,0.09928,10.0,True,99.994816,10072.0,-0.012007204302580511,-1.19993779,0,b434_stop,0.0
US/USDT:USDT,2026-02-01 16:00:00+00:00,2026-02-01 20:00:00+00:00,0.00672,0.00671,10.0,False,99.999648,148809.0,-0.027854975223208567,-2.78715901,240,b434_stop,-0.0999660915705
BCH/USDT:USDT,2026-02-01 20:00:00+00:00,2026-02-01 20:00:00+00:00,520.19,520.19,10.0,False,99.980518,1.922,-0.011992804357393359,-1.19976622,0,b434_stop,0.0
LYN/USDT:USDT,2026-02-01 12:00:00+00:00,2026-02-02 00:00:00+00:00,0.11409,0.10931,10.0,True,99.999885,8765.0,0.4094079715195875,40.91618562,720,b434_stop,0.19434622229
SAND/USDT:USDT,2026-02-02 04:00:00+00:00,2026-02-02 04:00:00+00:00,0.10007,0.10007,10.0,False,99.999951,9993.0,-0.011992804297421536,-1.19999941,0,b434_stop,0.0
HYPE/USDT:USDT,2026-01-29 20:00:00+00:00,2026-02-02 12:00:00+00:00,32.127,30.923,10.0,True,99.979224,31.12,0.3645172270960997,36.42228301,5280,b434_stop,0.13107261332783368
ZEC/USDT:USDT,2026-02-02 08:00:00+00:00,2026-02-02 16:00:00+00:00,298.88,300.26,10.0,False,99.97536,3.345,0.03290729554530975,3.29189267,480,b434_stop,-0.121733352702
HYPE/USDT:USDT,2026-02-02 16:00:00+00:00,2026-02-02 16:00:00+00:00,32.725,32.725,10.0,False,99.974875,30.55,-0.012026475079807036,-1.20306675,0,b434_stop,-0.003368248767905515
FET/USDT:USDT,2026-02-02 16:00:00+00:00,2026-02-02 16:00:00+00:00,0.1884,0.1884,10.0,False,99.98388,5307.0,-0.009124625196997306,-0.91286282,0,b434_stop,0.286943737212
LTC/USDT:USDT,2026-02-02 16:00:00+00:00,2026-02-02 16:00:00+00:00,61.01,61.01,10.0,False,99.99539,16.39,-0.01167343170906347,-1.16798973,0,b434_stop,0.03195494964917095
MOVR/USDT:USDT,2026-02-02 16:00:00+00:00,2026-02-02 16:00:00+00:00,1.859,1.859,10.0,False,99.999328,537.92,-0.012492689387610641,-1.2500101,0,b434_stop,-0.05001816118608
BTC/USDT:USDT,2026-02-02 16:00:00+00:00,2026-02-02 20:00:00+00:00,78800.5,78299.1,10.0,False,94.5606,0.012,-0.07497457498707374,-7.09389458,240,b434_stop,0.05402253933600001
XRP/USDT:USDT,2026-02-02 16:00:00+00:00,2026-02-02 20:00:00+00:00,1.6416,1.6249,10.0,False,99.989856,609.1,-0.11348848129013092,-11.35450552,240,b434_stop,0.011239568541719681
TAO/USDT:USDT,2026-02-02 16:00:00+00:00,2026-02-02 20:00:00+00:00,201.4,198.04,10.0,False,99.9951,4.965,-0.17504740022886744,-17.51438462,240,b434_stop,0.3579471431873939
LINK/USDT:USDT,2026-02-02 16:00:00+00:00,2026-02-02 20:00:00+00:00,9.926,9.789,10.0,False,99.994524,100.74,-0.1488388419000914,-14.89199899,240,b434_stop,0.1010344670496
ONDO/USDT:USDT,2026-02-02 16:00:00+00:00,2026-02-02 20:00:00+00:00,0.2874,0.2832,10.0,False,99.997956,3479.4,-0.15788424834132372,-15.79757498,240,b434_stop,0.007112401739578623
PENGU/USDT:USDT,2026-02-02 16:00:00+00:00,2026-02-02 20:00:00+00:00,0.00795,0.007791,10.0,False,99.99987,125786.0,-0.21171549749678675,-21.18422514,240,b434_stop,0.0037473121096200032
BEAMX/USDT:USDT,2026-02-02 12:00:00+00:00,2026-02-03 00:00:00+00:00,0.002579,0.002564,10.0,False,99.9999513,387747.0,-0.072087395090571,-7.21306124,720,b434_stop,-0.200346548418
UNI/USDT:USDT,2026-02-02 12:00:00+00:00,2026-02-03 00:00:00+00:00,3.909,3.924,10.0,False,99.6795,255.0,0.02668821351764807,2.66186394,720,b434_stop,0.03531293804999999
SOL/USDT:USDT,2026-02-02 16:00:00+00:00,2026-02-03 00:00:00+00:00,104.62,104.47,10.0,False,99.9121,9.55,-0.02448074713959799,-2.44739041,480,b434_stop,0.1831952927839076
BNB/USDT:USDT,2026-02-02 16:00:00+00:00,2026-02-03 00:00:00+00:00,777.83,774.22,10.0,False,99.56224,1.28,-0.058348313845730845,-5.8127744,480,b434_stop,0.0
ARB/USDT:USDT,2026-02-02 16:00:00+00:00,2026-02-03 00:00:00+00:00,0.1392,0.1371,10.0,False,99.999888,7183.9,-0.16450215935734955,-16.46006763,480,b434_stop,-0.18293069130417788
ORCA/USDT:USDT,2026-02-02 16:00:00+00:00,2026-02-03 00:00:00+00:00,0.904,0.903,10.0,False,99.99144,1106.1,-0.024537028612703418,-2.45496492,480,b434_stop,-0.1496312988714
US/USDT:USDT,2026-02-02 08:00:00+00:00,2026-02-03 08:00:00+00:00,0.00655,0.00626,10.0,True,99.999505,152671.0,0.43467550225410234,43.44125466,1440,b434_stop,0.3400939653815
ETH/USDT:USDT,2026-02-02 20:00:00+00:00,2026-02-03 08:00:00+00:00,2329.75,2322.0,10.0,False,99.946275,0.429,-0.04376107949864544,-4.37638114,720,b434_stop,0.145729313946897
XLM/USDT:USDT,2026-02-02 12:00:00+00:00,2026-02-03 12:00:00+00:00,0.17732,0.17585,10.0,False,99.990748,5639.0,-0.09523942958120735,-9.52877564,1440,b434_stop,-0.04453026535086861
MUBARAK/USDT:USDT,2026-02-02 16:00:00+00:00,2026-02-03 12:00:00+00:00,0.01639,0.01623,10.0,False,99.998668,61012.0,-0.1095144020658351,-10.95786511,1200,b434_stop,-0.0018182425287040054
TRUMP/USDT:USDT,2026-02-02 16:00:00+00:00,2026-02-03 12:00:00+00:00,4.241,4.22,10.0,False,99.998539,235.79,-0.04767782699479935,-4.77057367,1200,b434_stop,1.3780278439585005
ENA/USDT:USDT,2026-02-02 08:00:00+00:00,2026-02-03 16:00:00+00:00,0.1359,0.1409,10.0,False,99.99522,7358.0,0.3516978642260691,35.18920617,1920,b434_stop,-0.37877719462508125
NEAR/USDT:USDT,2026-02-02 12:00:00+00:00,2026-02-03 16:00:00+00:00,1.181,1.204,10.0,False,99.9126,846.0,0.18062046602506324,18.05708813,1680,b434_stop,-0.1902858681211236
SUI/USDT:USDT,2026-02-02 12:00:00+00:00,2026-02-03 16:00:00+00:00,1.12,1.1534,10.0,False,99.9936,892.8,0.2860152552061953,28.61685484,1680,b434_stop,0.015149749996799997
DOGE/USDT:USDT,2026-02-02 12:00:00+00:00,2026-02-03 16:00:00+00:00,0.10484,0.11012,10.0,False,99.996392,9538.0,0.4937099749587548,49.39883772,1680,b434_stop,0.2683708050960048
ADA/USDT:USDT,2026-02-02 12:00:00+00:00,2026-02-03 16:00:00+00:00,0.2922,0.3038,10.0,False,99.99084,3422.0,0.38946964463791767,38.96676296,1680,b434_stop,0.49527015613400005
GTC/USDT:USDT,2026-02-02 12:00:00+00:00,2026-02-03 16:00:00+00:00,0.109,0.111,10.0,False,99.99987,9174.3,0.16717658061158558,16.72766691,1680,b434_stop,-0.4099254854448
1000PEPE/USDT:USDT,2026-02-02 12:00:00+00:00,2026-02-03 16:00:00+00:00,0.0041688,0.0043703,10.0,False,99.99992376,239877.0,0.46941066779274465,46.96919561,1680,b434_stop,-0.1370196729540837
AAVE/USDT:USDT,2026-02-02 12:00:00+00:00,2026-02-03 16:00:00+00:00,127.0,128.94,10.0,False,99.06,7.8,0.1415995165670636,14.03526422,1680,b434_stop,0.10106342375999999
AVAX/USDT:USDT,2026-02-02 12:00:00+00:00,2026-02-03 16:00:00+00:00,9.979,10.151,10.0,False,99.79,100.0,0.16506110833950577,16.48133087,1680,b434_stop,0.48913087223420004
FIL/USDT:USDT,2026-02-02 12:00:00+00:00,2026-02-03 16:00:00+00:00,1.048,1.092,10.0,False,99.98968,954.1,0.4084418309890828,40.86447196,1680,b434_stop,0.10913636320799831
DOT/USDT:USDT,2026-02-02 12:00:00+00:00,2026-02-03 16:00:00+00:00,1.513,1.526,10.0,False,99.99417,660.9,0.07611086930445599,7.61520959,1680,b434_stop,0.22859465101028548
VIRTUAL/USDT:USDT,2026-02-02 12:00:00+00:00,2026-02-03 16:00:00+00:00,0.6363,0.6609,10.0,False,99.994545,1571.5,0.3794893825369827,37.96963626,1680,b434_stop,0.533866137828021
1000SHIB/USDT:USDT,2026-02-02 12:00:00+00:00,2026-02-03 16:00:00+00:00,0.006733,0.006999,10.0,False,99.9998626,148522.0,0.3877811322516115,38.80132678,1680,b434_stop,0.5181772433034538
AIN/USDT:USDT,2026-02-01 04:00:00+00:00,2026-02-03 20:00:00+00:00,0.04028,0.04047,10.0,True,99.999128,24826.0,-0.045632106036839565,-4.56043291,3840,b434_stop,1.3593267910556
ZEC/USDT:USDT,2026-02-04 00:00:00+00:00,2026-02-04 00:00:00+00:00,270.64,270.64,10.0,True,99.974416,3.694,-0.011006723004239938,-1.09973047,0,b434_stop,0.09996252154902799
US/USDT:USDT,2026-02-03 20:00:00+00:00,2026-02-04 08:00:00+00:00,0.00659,0.00655,10.0,False,99.999955,151745.0,-0.07486483830640689,-7.49097235,720,b434_stop,-0.22481476984999998
ZEC/USDT:USDT,2026-02-04 04:00:00+00:00,2026-02-04 12:00:00+00:00,280.29,278.39,10.0,False,99.979443,3.567,-0.08069449242437314,-8.07263108,480,b434_stop,-0.09964414500000002
HYPE/USDT:USDT,2026-02-04 04:00:00+00:00,2026-02-04 16:00:00+00:00,33.671,34.038,10.0,True,99.969199,29.69,-0.12132222387142258,-12.12120845,720,b434_stop,-0.01881031976456686
QNT/USDT:USDT,2026-01-29 12:00:00+00:00,2026-02-05 04:00:00+00:00,74.47,63.92,10.0,True,99.7898,13.4,1.4051468522234978,140.13519176,9600,b434_limit,-0.12215264041679734
STRK/USDT:USDT,2026-02-02 08:00:00+00:00,2026-02-05 08:00:00+00:00,0.0543,0.0537,10.0,False,99.999966,18416.2,-0.12149478786029663,-12.15676434,4320,b434_stop,0.0863254159366414
WLD/USDT:USDT,2026-02-02 20:00:00+00:00,2026-02-05 08:00:00+00:00,0.3993,0.3989,10.0,False,99.98472,2504.0,-0.017067926787927967,-1.7075558,3600,b434_stop,0.493259876318992
ETH/USDT:USDT,2026-02-05 08:00:00+00:00,2026-02-05 08:00:00+00:00,2090.56,2090.56,10.0,True,99.928768,0.478,-0.0120576276125349,-1.20418093,0,b434_stop,-0.005035714826813496
AAVE/USDT:USDT,2026-02-05 08:00:00+00:00,2026-02-05 08:00:00+00:00,119.99,119.99,10.0,True,99.5917,8.3,-0.012490694422276323,-1.24322311,0,b434_stop,-0.04812270944
AVAX/USDT:USDT,2026-02-05 08:00:00+00:00,2026-02-05 08:00:00+00:00,9.5,9.5,10.0,True,99.75,105.0,-0.011920744727538277,-1.18838083,0,b434_stop,0.008619168334896002
LINK/USDT:USDT,2026-02-05 08:00:00+00:00,2026-02-05 08:00:00+00:00,9.052,9.052,10.0,True,99.997444,110.47,-0.011219931968573384,-1.12129134,0,b434_stop,0.0786779889392
PENGU/USDT:USDT,2026-02-05 08:00:00+00:00,2026-02-05 08:00:00+00:00,0.007021,0.007021,10.0,True,99.9994009,142429.0,-0.011781769103690167,-1.17746295,0,b434_stop,0.02252986502277
ARB/USDT:USDT,2026-02-05 08:00:00+00:00,2026-02-05 08:00:00+00:00,0.1247,0.1247,10.0,True,99.999424,8019.2,-0.011007118434021992,-1.10004508,0,b434_stop,0.0999480129088
FIL/USDT:USDT,2026-02-05 08:00:00+00:00,2026-02-05 08:00:00+00:00,1.029,1.029,10.0,True,99.99822,971.8,-0.012317852537743153,-1.23102427,0,b434_stop,-0.031045629282918357
PUMP/USDT:USDT,2026-01-29 04:00:00+00:00,2026-02-05 12:00:00+00:00,0.002988,0.002267,10.0,True,99.9999936,334672.0,2.4122237992692552,241.07763107,10560,b434_limit,0.83433988217788
NEAR/USDT:USDT,2026-02-05 12:00:00+00:00,2026-02-05 12:00:00+00:00,1.107,1.107,10.0,True,99.9621,903.0,-0.012007204322593555,-1.1995452,0,b434_stop,0.0
FET/USDT:USDT,2026-02-05 12:00:00+00:00,2026-02-05 12:00:00+00:00,0.1675,0.1675,10.0,True,99.9975,5970.0,-0.012007204322593557,-1.19997,0,b434_stop,0.0
UNI/USDT:USDT,2026-02-05 12:00:00+00:00,2026-02-05 12:00:00+00:00,3.637,3.637,10.0,True,99.6538,274.0,-0.012007204322593555,-1.1958456,0,b434_stop,0.0
TRUMP/USDT:USDT,2026-02-05 12:00:00+00:00,2026-02-05 12:00:00+00:00,4.023,4.023,10.0,True,99.999711,248.57,-0.014870826146589505,-1.48618607,0,b434_limit,-0.28618953998354035
XRP/USDT:USDT,2026-02-05 00:00:00+00:00,2026-02-05 16:00:00+00:00,1.5111,1.296,10.0,True,99.989487,661.7,1.4127567186311398,141.17606306,960,b434_limit,-0.041132099318547256
WLD/USDT:USDT,2026-02-05 16:00:00+00:00,2026-02-05 16:00:00+00:00,0.3699,0.3699,10.0,True,99.98397,2703.0,-0.013006828340590602,-1.29969405,0,b434_stop,-0.099886408196409
NIL/USDT:USDT,2026-01-31 16:00:00+00:00,2026-02-05 20:00:00+00:00,0.05617,0.04273,10.0,True,99.999451,17803.0,2.397824308041843,239.63724573,7440,b434_limit,1.4213557537730002
BTC/USDT:USDT,2026-02-04 16:00:00+00:00,2026-02-05 20:00:00+00:00,74107.0,65237.5,10.0,True,96.3391,0.013,1.1872254423008417,114.30760487,1680,b434_limit,0.09099196712507941
AXS/USDT:USDT,2026-01-28 12:00:00+00:00,2026-02-06 00:00:00+00:00,2.373,1.298,10.0,True,99.9033,421.0,3.9180117606985916,391.18745095,12240,b434_limit,-60.4602544471471
SOL/USDT:USDT,2026-02-04 12:00:00+00:00,2026-02-06 00:00:00+00:00,96.04,78.29,10.0,True,99.97764,10.41,1.833482722189954,183.19729118,2160,b434_limit,-0.49134364460900076
MUBARAK/USDT:USDT,2026-02-04 16:00:00+00:00,2026-02-06 00:00:00+00:00,0.01526,0.01243,10.0,True,99.99878,65530.0,1.8474005688052506,184.62696037,1920,b434_limit,0.265775794193
BNB/USDT:USDT,2026-02-04 20:00:00+00:00,2026-02-06 00:00:00+00:00,718.28,608.54,10.0,True,99.84092,1.39,1.5177903977027083,151.44666712,1680,b434_limit,0.014635004200000001
1000SHIB/USDT:USDT,2026-02-05 04:00:00+00:00,2026-02-06 00:00:00+00:00,0.006543,0.005623,10.0,True,99.9999405,152835.0,1.395825583167813,139.49872578,1200,b434_limit,0.006160147595599494
ORCA/USDT:USDT,2026-02-05 04:00:00+00:00,2026-02-06 00:00:00+00:00,0.838,0.725,10.0,True,99.99854,1193.3,1.3365671061351028,133.57456637,1200,b434_limit,-0.14925689200717876
DOT/USDT:USDT,2026-02-05 08:00:00+00:00,2026-02-06 00:00:00+00:00,1.423,1.245,10.0,True,99.99421,702.7,1.2414635085138088,124.06467928,960,b434_limit,0.10896143887855796
SAND/USDT:USDT,2026-02-05 12:00:00+00:00,2026-02-06 00:00:00+00:00,0.09184,0.0786,10.0,True,99.995392,10888.0,1.4306839952601067,142.97596985,720,b434_limit,-0.0676997189313296
LTC/USDT:USDT,2026-02-05 12:00:00+00:00,2026-02-06 00:00:00+00:00,56.44,50.74,10.0,True,99.994748,17.717,0.9983296374956951,99.76782389,720,b434_limit,-0.07973127124722872
US/USDT:USDT,2026-02-04 12:00:00+00:00,2026-02-06 12:00:00+00:00,0.00635,0.00495,10.0,True,99.9998,157480.0,2.2019300440441985,220.06044848,2880,b434_limit,0.656162876648
XLM/USDT:USDT,2026-02-05 04:00:00+00:00,2026-02-06 16:00:00+00:00,0.16528,0.16549,10.0,True,99.9944,6050.0,-0.028142613008541807,-2.81241524,2160,b434_stop,-0.34122013776939003
VIRTUAL/USDT:USDT,2026-02-05 12:00:00+00:00,2026-02-06 16:00:00+00:00,0.5995,0.5806,10.0,True,99.9966,1668.0,0.29039639869268463,29.02122933,1680,b434_stop,-1.32292658668146
XRP/USDT:USDT,2026-02-06 16:00:00+00:00,2026-02-06 16:00:00+00:00,1.5118,1.5118,10.0,False,99.990452,661.4,-0.007573433585154481,-0.75772541,0,b434_stop,0.44216001096900004
BCH/USDT:USDT,2026-02-05 12:00:00+00:00,2026-02-06 20:00:00+00:00,511.39,501.41,10.0,True,99.976745,1.955,0.18294409998425162,18.27918154,1920,b434_stop,-0.0437040611287042
XLM/USDT:USDT,2026-02-06 16:00:00+00:00,2026-02-06 20:00:00+00:00,0.16549,0.16389,10.0,False,99.989058,6042.0,-0.10442906174686498,-10.44802857,240,b434_stop,0.4132398034296
QNT/USDT:USDT,2026-02-06 16:00:00+00:00,2026-02-07 00:00:00+00:00,65.45,65.71,10.0,False,99.484,15.2,0.028613219668215152,2.84826548,480,b434_stop,0.09244467647525886
PUMP/USDT:USDT,2026-02-06 20:00:00+00:00,2026-02-07 00:00:00+00:00,0.002146,0.002112,10.0,False,99.9999518,465983.0,-0.17122878880851045,-17.13314435,240,b434_stop,-0.09922898292650001
AXS/USDT:USDT,2026-02-06 20:00:00+00:00,2026-02-07 00:00:00+00:00,1.406,1.373,10.0,False,99.9666,711.0,-0.24457866498867747,-24.46436739,240,b434_stop,0.18415400602266452
BEAMX/USDT:USDT,2026-02-05 08:00:00+00:00,2026-02-07 04:00:00+00:00,0.002417,0.002434,10.0,True,99.9999912,413736.0,-0.07673850895430959,-7.66924591,2640,b434_stop,0.568486089816
BTC/USDT:USDT,2026-02-06 20:00:00+00:00,2026-02-07 04:00:00+00:00,70675.5,70887.2,10.0,False,98.9457,0.014,0.019439151754076952,1.92457453,480,b434_stop,0.14990120644799998
ETH/USDT:USDT,2026-02-06 20:00:00+00:00,2026-02-07 04:00:00+00:00,2065.14,2079.61,10.0,False,99.952776,0.484,0.05699290653485921,5.70001718,480,b434_stop,-0.09982742000000001
SOL/USDT:USDT,2026-02-06 20:00:00+00:00,2026-02-07 04:00:00+00:00,86.97,88.01,10.0,False,99.92853,11.49,0.11278152470385697,11.27685403,480,b434_stop,0.533566146534
NEAR/USDT:USDT,2026-02-06 20:00:00+00:00,2026-02-07 04:00:00+00:00,1.089,1.09,10.0,False,99.9702,918.0,-0.0038186454518473493,-0.3819798,480,b434_stop,-0.0997866
WLD/USDT:USDT,2026-02-06 20:00:00+00:00,2026-02-07 04:00:00+00:00,0.4059,0.4118,10.0,False,99.97317,2463.0,0.13311535626523685,13.31594892,480,b434_stop,-0.0073540150359423
FET/USDT:USDT,2026-02-06 20:00:00+00:00,2026-02-07 04:00:00+00:00,0.1664,0.1692,10.0,False,99.98976,6009.0,0.16469292302023833,16.47748641,480,b434_stop,0.862258648797
MUBARAK/USDT:USDT,2026-02-06 20:00:00+00:00,2026-02-07 04:00:00+00:00,0.01369,0.01357,10.0,False,99.999974,73046.0,-0.10055936754059845,-10.0619677,480,b434_stop,-0.1017073219856
UNI/USDT:USDT,2026-02-06 20:00:00+00:00,2026-02-07 04:00:00+00:00,3.545,3.567,10.0,False,99.969,282.0,0.04899119766503991,4.9005396,480,b434_stop,-0.10011
AVAX/USDT:USDT,2026-02-06 20:00:00+00:00,2026-02-07 04:00:00+00:00,9.242,9.281,10.0,False,99.8136,108.0,0.0313839602255462,3.13442558,480,b434_stop,0.12271597806396241
LINK/USDT:USDT,2026-02-06 20:00:00+00:00,2026-02-07 04:00:00+00:00,8.839,8.927,10.0,False,99.995607,113.13,0.08769692058488582,8.77456839,480,b434_stop,0.025048941411599995
PENGU/USDT:USDT,2026-02-06 20:00:00+00:00,2026-02-07 04:00:00+00:00,0.006667,0.006687,10.0,False,99.9996664,149992.0,0.01708745476509229,1.70976502,480,b434_stop,-0.0882790808412368
ARB/USDT:USDT,2026-02-06 20:00:00+00:00,2026-02-07 04:00:00+00:00,0.1192,0.1208,10.0,False,99.999264,8389.2,0.12179373839671771,12.18659177,480,b434_stop,-0.028083434244
DOT/USDT:USDT,2026-02-06 20:00:00+00:00,2026-02-07 04:00:00+00:00,1.363,1.375,10.0,False,99.98968,733.6,0.07573491188528114,7.57725323,480,b434_stop,-0.020788690776
VIRTUAL/USDT:USDT,2026-02-06 20:00:00+00:00,2026-02-07 04:00:00+00:00,0.5936,0.6001,10.0,False,99.997856,1684.6,0.10027883666624533,10.03368527,480,b434_stop,0.2903294829408021
1000SHIB/USDT:USDT,2026-02-06 20:00:00+00:00,2026-02-07 04:00:00+00:00,0.006278,0.006289,10.0,False,99.9997508,159286.0,0.005832642957892483,0.5836128,480,b434_stop,0.032515095174793195
BNB/USDT:USDT,2026-02-07 00:00:00+00:00,2026-02-07 04:00:00+00:00,656.99,659.12,10.0,False,99.86248,1.52,0.020388899097869093,2.03730768,240,b434_stop,0.0
AAVE/USDT:USDT,2026-02-07 00:00:00+00:00,2026-02-07 04:00:00+00:00,113.94,114.55,10.0,False,99.1278,8.7,0.04139968731320147,4.10632224,240,b434_stop,-0.007959962339999998
LTC/USDT:USDT,2026-02-07 00:00:00+00:00,2026-02-07 04:00:00+00:00,55.0,54.86,10.0,False,99.9955,18.181,-0.03747607628951338,-3.74968745,240,b434_stop,-0.0059286550167000004
FIL/USDT:USDT,2026-02-07 00:00:00+00:00,2026-02-07 04:00:00+00:00,0.975,0.989,10.0,False,99.996,1025.6,0.13225203153638837,13.23260895,240,b434_stop,0.08277598506938111
ORCA/USDT:USDT,2026-02-07 00:00:00+00:00,2026-02-07 04:00:00+00:00,0.801,0.803,10.0,False,99.99684,1248.4,0.011945160097480829,1.19519495,240,b434_stop,-0.10014488525920001
AIN/USDT:USDT,2026-02-05 00:00:00+00:00,2026-02-07 08:00:00+00:00,0.03939,0.02864,10.0,True,99.999393,25387.0,2.7267917667551016,272.513915,3360,b434_limit,0.6399115637965
TRUMP/USDT:USDT,2026-02-07 20:00:00+00:00,2026-02-08 08:00:00+00:00,3.432,3.385,10.0,False,99.998184,291.37,-0.14230768144921008,-14.23904802,720,b434_stop,0.647103555019831
LYN/USDT:USDT,2026-02-04 00:00:00+00:00,2026-02-08 12:00:00+00:00,0.11517,0.13324,10.0,False,99.990594,8682.0,1.5176432671151514,151.84110179,6480,b434_limit,-3.748620837063345
US/USDT:USDT,2026-02-08 12:00:00+00:00,2026-02-08 12:00:00+00:00,0.00407,0.00407,10.0,False,99.9999,245700.0,-0.012491646311354484,-1.24991288,0,b434_stop,-0.04991407785
HYPE/USDT:USDT,2026-02-09 04:00:00+00:00,2026-02-09 04:00:00+00:00,33.121,33.121,10.0,False,99.992299,30.19,-0.012492600372164455,-1.24991333,0,b434_stop,-0.050005745602830005
NIL/USDT:USDT,2026-02-06 16:00:00+00:00,2026-02-09 08:00:00+00:00,0.04554,0.04612,10.0,False,99.9999198,21958.7,0.1064626970161032,10.65264892,3840,b434_stop,-0.8757564122673
SAND/USDT:USDT,2026-02-07 00:00:00+00:00,2026-02-09 08:00:00+00:00,0.08587,0.08754,10.0,False,99.995615,11645.0,0.221063063893185,22.11860023,3360,b434_stop,3.883065903894435
BCH/USDT:USDT,2026-02-07 00:00:00+00:00,2026-02-09 08:00:00+00:00,522.92,521.08,10.0,False,99.982304,1.912,-0.05060036389460226,-5.06217645,3360,b434_stop,-0.34641965312235307
AIN/USDT:USDT,2026-02-08 16:00:00+00:00,2026-02-09 08:00:00+00:00,0.02801,0.02766,10.0,False,99.998501,35701.0,-0.13930925324670557,-13.93907493,960,b434_stop,-0.2512401288915
NEAR/USDT:USDT,2026-02-09 12:00:00+00:00,2026-02-09 12:00:00+00:00,0.991,0.991,10.0,True,99.9919,1009.0,-0.012007204322593557,-1.1999028,0,b434_stop,0.0
BEAMX/USDT:USDT,2026-02-09 12:00:00+00:00,2026-02-09 12:00:00+00:00,0.00234,0.00234,10.0,True,99.9999,427350.0,-0.011507220532635781,-1.15003047,0,b434_stop,0.0499683261
HYPE/USDT:USDT,2026-02-09 12:00:00+00:00,2026-02-09 16:00:00+00:00,31.37,31.271,10.0,True,99.97619,31.87,0.019879393679872917,1.98627356,240,b434_stop,0.028964759871042745
WLD/USDT:USDT,2026-02-09 12:00:00+00:00,2026-02-09 16:00:00+00:00,0.3798,0.3848,10.0,True,99.96336,2632.0,-0.14434679480930435,-14.42073298,240,b434_stop,-0.053276657112000005
FIL/USDT:USDT,2026-02-09 12:00:00+00:00,2026-02-09 16:00:00+00:00,0.906,0.919,10.0,True,99.99522,1103.7,-0.15648946758898621,-15.63880982,240,b434_stop,-0.08215832430000002
ARB/USDT:USDT,2026-02-09 16:00:00+00:00,2026-02-09 16:00:00+00:00,0.1109,0.1109,10.0,True,99.999639,9017.1,-0.01263748878723406,-1.26298607,0,b434_stop,-0.06299039732521536
ARB/USDT:USDT,2026-02-09 20:00:00+00:00,2026-02-09 20:00:00+00:00,0.1139,0.1139,10.0,False,99.999644,8779.6,-0.011992804337397632,-1.19999573,0,b434_stop,0.0
NEAR/USDT:USDT,2026-02-09 20:00:00+00:00,2026-02-10 00:00:00+00:00,1.04,1.03,10.0,False,99.944,961.0,-0.10842142437262367,-10.84257248,240,b434_stop,-0.039010483893188896
FIL/USDT:USDT,2026-02-09 20:00:00+00:00,2026-02-10 00:00:00+00:00,0.939,0.936,10.0,False,99.99411,1064.9,-0.03898119235441237,-3.90022837,240,b434_stop,0.4924841286213471
ZRO/USDT:USDT,2026-01-31 00:00:00+00:00,2026-02-10 04:00:00+00:00,1.8962,1.932,10.0,True,99.986626,527.3,-0.2205545785182604,-22.03927665,14640,b434_stop,-1.950770738268886
BCH/USDT:USDT,2026-02-10 08:00:00+00:00,2026-02-10 08:00:00+00:00,519.89,519.89,10.0,True,99.974847,1.923,-0.011819291597630281,-1.18092289,0,b434_stop,0.0187752762666
ETH/USDT:USDT,2026-02-10 12:00:00+00:00,2026-02-10 12:00:00+00:00,2001.87,2001.87,10.0,True,99.893313,0.499,-0.012007204362660315,-1.19871976,0,b434_stop,0.0
LINK/USDT:USDT,2026-02-10 12:00:00+00:00,2026-02-10 12:00:00+00:00,8.498,8.498,10.0,True,99.995966,117.67,-0.012007204302580742,-1.19995159,0,b434_stop,0.0
XLM/USDT:USDT,2026-02-10 12:00:00+00:00,2026-02-10 12:00:00+00:00,0.1557,0.1557,10.0,True,99.99054,6422.0,-0.012007204322593557,-1.19988648,0,b434_stop,0.0
1000SHIB/USDT:USDT,2026-02-10 12:00:00+00:00,2026-02-10 12:00:00+00:00,0.005971,0.005971,10.0,True,99.9999196,167476.0,-0.012007204370622412,-1.19999904,0,b434_stop,0.0
VIRTUAL/USDT:USDT,2026-02-10 08:00:00+00:00,2026-02-10 16:00:00+00:00,0.5545,0.5619,10.0,True,99.99853,1803.4,-0.14727505187542186,-14.71845232,480,b434_stop,-0.16530286617950432
AAVE/USDT:USDT,2026-02-10 12:00:00+00:00,2026-02-10 16:00:00+00:00,108.38,109.51,10.0,True,99.7096,9.2,-0.11565354791715983,-11.52484994,240,b434_stop,0.073902864
NIL/USDT:USDT,2026-02-10 12:00:00+00:00,2026-02-10 16:00:00+00:00,0.04498,0.04527,10.0,True,99.9999858,22232.1,-0.07555381371043061,-7.55084707,240,b434_stop,0.10033014360105
XLM/USDT:USDT,2026-02-10 16:00:00+00:00,2026-02-10 16:00:00+00:00,0.15922,0.15922,10.0,False,99.99016,6280.0,-0.011902152982766956,-1.19081224,0,b434_stop,0.009069677108
1000SHIB/USDT:USDT,2026-02-10 16:00:00+00:00,2026-02-10 16:00:00+00:00,0.006031,0.006031,10.0,False,99.9994079,165809.0,-0.01091095347043549,-1.09174354,0,b434_stop,0.10824935905175001
FIL/USDT:USDT,2026-02-10 20:00:00+00:00,2026-02-10 20:00:00+00:00,0.889,0.889,10.0,True,99.99472,1124.8,-0.012007204322593557,-1.19993664,0,b434_stop,0.0
AVAX/USDT:USDT,2026-02-10 12:00:00+00:00,2026-02-11 00:00:00+00:00,8.782,8.744,10.0,True,99.2366,113.0,0.030762915943417915,3.0509755,720,b434_stop,-0.0547617025828193
SOL/USDT:USDT,2026-02-11 00:00:00+00:00,2026-02-11 00:00:00+00:00,82.96,82.96,10.0,True,99.9668,12.05,-0.011647188359431068,-1.16363355,0,b434_stop,0.03596805464
VIRTUAL/USDT:USDT,2026-02-10 20:00:00+00:00,2026-02-11 04:00:00+00:00,0.5607,0.565,10.0,False,99.995238,1783.4,0.06827889155674638,6.83166055,480,b434_stop,0.3675845763897303
NIL/USDT:USDT,2026-02-10 20:00:00+00:00,2026-02-11 08:00:00+00:00,0.04703,0.04854,10.0,False,99.999889,21263.0,0.30664483367978296,30.682848,720,b434_limit,-0.205019057991
ARB/USDT:USDT,2026-02-10 04:00:00+00:00,2026-02-11 12:00:00+00:00,0.1102,0.1071,10.0,True,99.999888,9074.4,0.2709112581934729,27.07484082,1920,b434_stop,0.12732109152
FET/USDT:USDT,2026-02-10 12:00:00+00:00,2026-02-11 12:00:00+00:00,0.1565,0.1523,10.0,True,99.98785,6389.0,0.2541787908679774,25.39954194,1440,b434_stop,-0.2505041435407574
UNI/USDT:USDT,2026-02-10 12:00:00+00:00,2026-02-11 12:00:00+00:00,3.351,3.263,10.0,True,99.8598,298.0,0.2527942066512291,25.22883253,1440,b434_stop,0.18741572831999997
PENGU/USDT:USDT,2026-02-10 12:00:00+00:00,2026-02-11 12:00:00+00:00,0.006134,0.005919,10.0,True,99.999535,163025.0,0.33910199267377567,33.88969556,1440,b434_stop,0.018284754558150013
BNB/USDT:USDT,2026-02-11 08:00:00+00:00,2026-02-11 12:00:00+00:00,600.43,592.58,10.0,True,99.67138,1.66,0.11888941402414521,11.84276204,240,b434_stop,0.0
SAND/USDT:USDT,2026-02-11 08:00:00+00:00,2026-02-11 12:00:00+00:00,0.08102,0.08182,10.0,True,99.994884,12342.0,-0.11220658539585301,-11.21335244,240,b434_stop,-0.13388967416880002
XLM/USDT:USDT,2026-02-11 08:00:00+00:00,2026-02-11 12:00:00+00:00,0.15385,0.15397,10.0,True,99.987115,6499.0,-0.021373736995805786,-2.13581604,240,b434_stop,-0.1556227363019238
VIRTUAL/USDT:USDT,2026-02-11 08:00:00+00:00,2026-02-11 12:00:00+00:00,0.5434,0.5409,10.0,True,99.996468,1840.2,0.029005593018670093,2.89871658,240,b434_stop,-0.5045861024278292
1000SHIB/USDT:USDT,2026-02-11 08:00:00+00:00,2026-02-11 12:00:00+00:00,0.005835,0.005816,10.0,True,99.9996465,171379.0,0.018945396269554358,1.89339621,240,b434_stop,-0.1647627560020442
ORCA/USDT:USDT,2026-02-11 08:00:00+00:00,2026-02-11 12:00:00+00:00,0.736,0.738,10.0,True,99.99296,1358.6,-0.03940005733417841,-3.93736452,240,b434_stop,-0.018618675849675675
QNT/USDT:USDT,2026-02-11 12:00:00+00:00,2026-02-11 12:00:00+00:00,68.71,68.71,10.0,True,99.6295,14.5,-0.012007204322593557,-1.195554,0,b434_stop,0.0
TRUMP/USDT:USDT,2026-02-11 12:00:00+00:00,2026-02-11 12:00:00+00:00,3.128,3.128,10.0,True,99.999032,319.69,-0.015573544087908373,-1.55640493,0,b434_stop,-0.3564165498544
UNI/USDT:USDT,2026-02-11 16:00:00+00:00,2026-02-11 16:00:00+00:00,3.821,3.821,10.0,False,99.7281,261.0,-0.01238777740975133,-1.23615075,0,b434_stop,-0.03941354736
ETH/USDT:USDT,2026-02-12 12:00:00+00:00,2026-02-12 12:00:00+00:00,1987.87,1987.87,10.0,False,99.989861,0.503,-0.011992804297419522,-1.19987833,0,b434_stop,0.0
SOL/USDT:USDT,2026-02-12 12:00:00+00:00,2026-02-12 12:00:00+00:00,81.79,81.79,10.0,False,99.94738,12.22,-0.011992804317409553,-1.19936856,0,b434_stop,0.0
LYN/USDT:USDT,2026-02-12 12:00:00+00:00,2026-02-12 12:00:00+00:00,0.18523,0.18523,10.0,True,99.987154,5398.0,-0.011507094871409183,-1.14987133,0,b434_stop,0.049974513963000004
HYPE/USDT:USDT,2026-02-12 04:00:00+00:00,2026-02-12 16:00:00+00:00,30.539,30.781,10.0,False,99.984686,32.74,0.0663423899354376,6.63720296,720,b434_stop,-0.08130696473795956
SAND/USDT:USDT,2026-02-12 04:00:00+00:00,2026-02-12 16:00:00+00:00,0.08375,0.08293,10.0,False,99.9975,11940.0,-0.1094215553469988,-10.94844711,720,b434_stop,0.03644840817000003
BEAMX/USDT:USDT,2026-02-12 04:00:00+00:00,2026-02-12 16:00:00+00:00,0.002406,0.002376,10.0,False,99.9998562,415627.0,-0.1385338560176014,-13.8616777,720,b434_stop,-0.20035070940150002
AAVE/USDT:USDT,2026-02-12 04:00:00+00:00,2026-02-12 16:00:00+00:00,108.97,107.81,10.0,False,99.1627,9.1,-0.1186859683868389,-11.77628261,720,b434_stop,-0.0366638146961814
AVAX/USDT:USDT,2026-02-12 04:00:00+00:00,2026-02-12 16:00:00+00:00,8.747,8.8,10.0,False,99.7158,114.0,0.04917791895247886,4.90675782,720,b434_stop,0.064972615988124
FIL/USDT:USDT,2026-02-12 04:00:00+00:00,2026-02-12 16:00:00+00:00,0.905,0.899,10.0,False,99.99345,1104.9,-0.08021988982153207,-8.02627642,720,b434_stop,-0.2009326645677
ORCA/USDT:USDT,2026-02-12 04:00:00+00:00,2026-02-12 16:00:00+00:00,0.747,0.753,10.0,False,99.99342,1338.6,0.0662630682849881,6.62984634,720,b434_stop,-0.1970136634926
WLD/USDT:USDT,2026-02-12 08:00:00+00:00,2026-02-12 16:00:00+00:00,0.3834,0.3814,10.0,False,99.99072,2608.0,-0.06257347651680184,-6.26052103,480,b434_stop,0.15223801294593278
LINK/USDT:USDT,2026-02-12 08:00:00+00:00,2026-02-12 16:00:00+00:00,8.454,8.351,10.0,False,99.993912,118.28,-0.1346003624692676,-13.46729233,480,b434_stop,-0.09183509273029891
XLM/USDT:USDT,2026-02-12 04:00:00+00:00,2026-02-12 20:00:00+00:00,0.1564,0.15625,10.0,False,99.98652,6393.0,-0.02032326356153673,-2.03327163,960,b434_stop,0.12494124061178401
LIT/USDT:USDT,2026-02-12 12:00:00+00:00,2026-02-12 20:00:00+00:00,1.435,1.426,10.0,False,99.9908,696.8,-0.07614896033157416,-7.61876398,480,b434_stop,-0.1514371003028
ETH/USDT:USDT,2026-02-12 20:00:00+00:00,2026-02-13 00:00:00+00:00,1924.36,1947.15,10.0,True,99.874284,0.519,-0.13165685072866337,-13.14124422,240,b434_stop,-0.10764600694200001
SOL/USDT:USDT,2026-02-12 20:00:00+00:00,2026-02-13 00:00:00+00:00,77.57,78.37,10.0,True,99.98773,12.89,-0.11567028409867178,-11.55866977,240,b434_stop,-0.040629813646000004
BNB/USDT:USDT,2026-02-12 00:00:00+00:00,2026-02-13 04:00:00+00:00,608.19,609.01,10.0,False,99.74316,1.64,0.0014736550134898752,0.1470752,1680,b434_stop,0.0
UNI/USDT:USDT,2026-02-12 20:00:00+00:00,2026-02-13 04:00:00+00:00,3.218,3.27,10.0,True,99.758,310.0,-0.17578336452341548,-17.5252754,480,b434_stop,-0.19850739965971204
ETH/USDT:USDT,2026-02-13 04:00:00+00:00,2026-02-13 04:00:00+00:00,1952.49,1952.49,10.0,False,99.967488,0.512,-0.01199280435739857,-1.19960986,0,b434_stop,0.0
PUMP/USDT:USDT,2026-02-10 04:00:00+00:00,2026-02-13 12:00:00+00:00,0.001978,0.001957,10.0,True,99.9999658,505561.0,0.09755375479624386,9.74951892,4800,b434_stop,0.32636743767451254
NEAR/USDT:USDT,2026-02-10 08:00:00+00:00,2026-02-13 12:00:00+00:00,0.996,0.98,10.0,True,99.9984,1004.0,0.1504768995255295,15.03842072,4560,b434_stop,0.16476312248631406
DOT/USDT:USDT,2026-02-10 08:00:00+00:00,2026-02-13 12:00:00+00:00,1.282,1.277,10.0,True,99.996,780.0,0.018857267898880856,1.88451997,4560,b434_stop,-0.817868028224988
LTC/USDT:USDT,2026-02-10 16:00:00+00:00,2026-02-13 12:00:00+00:00,53.34,53.5,10.0,True,99.996498,18.747,-0.041400400512428194,-4.13741113,4080,b434_stop,0.06386656131748547
XRP/USDT:USDT,2026-02-11 00:00:00+00:00,2026-02-13 12:00:00+00:00,1.3988,1.3672,10.0,True,99.986224,714.8,0.21017121834613478,21.00161798,3600,b434_stop,-0.3997799386951214
BTC/USDT:USDT,2026-02-11 04:00:00+00:00,2026-02-13 12:00:00+00:00,68143.6,67137.8,10.0,True,95.40104,0.014,0.1355039301407585,12.91945953,3360,b434_stop,-0.02537670826727378
NIL/USDT:USDT,2026-02-13 12:00:00+00:00,2026-02-13 12:00:00+00:00,0.05287,0.05287,10.0,True,99.9999041,18914.3,-0.012041118211430763,-1.2033882,0,b434_stop,-0.00338935555422
ZEC/USDT:USDT,2026-02-05 00:00:00+00:00,2026-02-13 16:00:00+00:00,251.73,244.18,10.0,True,99.987156,3.972,0.30245908088417267,30.22387809,12480,b434_stop,1.4171307985211288
ONDO/USDT:USDT,2026-02-05 04:00:00+00:00,2026-02-14 00:00:00+00:00,0.264,0.2633,10.0,True,99.99792,3787.8,0.004688385291077653,0.46854748,12720,b434_stop,-0.9845283535751996
AXS/USDT:USDT,2026-02-12 12:00:00+00:00,2026-02-14 00:00:00+00:00,1.447,1.395,10.0,True,99.9877,691.0,0.11136920101328557,11.12886893,2160,b434_stop,-23.624837871204516
TAO/USDT:USDT,2026-02-05 04:00:00+00:00,2026-02-14 04:00:00+00:00,185.66,187.88,10.0,True,99.996476,5.386,-0.15073058581028262,-15.06348389,12960,b434_stop,-1.899432028165517
AXS/USDT:USDT,2026-02-14 04:00:00+00:00,2026-02-14 04:00:00+00:00,1.49,1.49,10.0,False,99.979,671.0,0.021245417164228515,2.12537002,0,b434_stop,3.325118020831684
VIRTUAL/USDT:USDT,2026-02-12 08:00:00+00:00,2026-02-14 08:00:00+00:00,0.5628,0.6421,10.0,False,99.998304,1776.8,1.4161812205122526,141.70068964,2880,b434_limit,2.0849694345485776
ADA/USDT:USDT,2026-02-05 08:00:00+00:00,2026-02-14 12:00:00+00:00,0.2793,0.2829,10.0,True,99.9894,3580.0,-0.1515367535102407,-15.14297782,13200,b434_stop,-1.047372222185238
1000PEPE/USDT:USDT,2026-02-05 12:00:00+00:00,2026-02-14 12:00:00+00:00,0.0039012,0.0039455,10.0,True,99.99984972,256331.0,-0.12416139441443834,-12.40867111,12960,b434_stop,0.15360366650334337
NIL/USDT:USDT,2026-02-14 12:00:00+00:00,2026-02-14 12:00:00+00:00,0.057,0.057,10.0,False,99.99966,17543.8,-0.01249267979272073,-1.25001329,0,b434_stop,-0.0500173738
DOGE/USDT:USDT,2026-02-05 04:00:00+00:00,2026-02-14 16:00:00+00:00,0.10254,0.10395,10.0,True,99.997008,9752.0,-0.15383126843103115,-15.37343698,13680,b434_stop,-0.4149026955029352
PENGU/USDT:USDT,2026-02-12 00:00:00+00:00,2026-02-14 16:00:00+00:00,0.006026,0.007261,10.0,False,99.9996622,165947.0,2.0312894119654716,203.25013198,3840,b434_limit,-0.3714503471448857
1000SHIB/USDT:USDT,2026-02-12 04:00:00+00:00,2026-02-14 16:00:00+00:00,0.005985,0.006641,10.0,False,99.999774,167084.0,1.0871122996681206,108.77621087,3600,b434_limit,0.43486842364459843
FET/USDT:USDT,2026-02-12 00:00:00+00:00,2026-02-14 20:00:00+00:00,0.1542,0.182,10.0,False,99.9987,6485.0,1.797996162476996,179.90515722,4080,b434_limit,0.9303114216438402
XRP/USDT:USDT,2026-02-13 12:00:00+00:00,2026-02-15 04:00:00+00:00,1.3672,1.5259,10.0,False,99.997008,731.4,1.1507858301728422,115.14418495,2400,b434_limit,0.3406129543669899
QNT/USDT:USDT,2026-02-14 00:00:00+00:00,2026-02-15 16:00:00+00:00,70.14,71.17,10.0,False,99.5988,14.2,0.13484456475277273,13.43841505,2400,b434_stop,0.016376245981337224
NIL/USDT:USDT,2026-02-14 16:00:00+00:00,2026-02-15 16:00:00+00:00,0.0562,0.05482,10.0,True,99.99947,17793.5,0.23731087491793923,23.71672314,1440,b434_stop,0.3469537661175
ETH/USDT:USDT,2026-02-15 20:00:00+00:00,2026-02-15 20:00:00+00:00,1941.18,1941.18,10.0,True,99.97077,0.515,-0.012007204322593557,-1.19964924,0,b434_stop,0.0
SAND/USDT:USDT,2026-02-15 20:00:00+00:00,2026-02-15 20:00:00+00:00,0.0864,0.0864,10.0,True,99.99936,11574.0,-0.012007204322593557,-1.19999232,0,b434_stop,0.0
QNT/USDT:USDT,2026-02-15 20:00:00+00:00,2026-02-15 20:00:00+00:00,69.34,69.34,10.0,True,99.8496,14.4,-0.012007204322593557,-1.1981952,0,b434_stop,0.0
LINK/USDT:USDT,2026-02-15 20:00:00+00:00,2026-02-15 20:00:00+00:00,8.639,8.639,10.0,True,99.996425,115.75,-0.012007204322593557,-1.1999571,0,b434_stop,0.0
LTC/USDT:USDT,2026-02-15 20:00:00+00:00,2026-02-15 20:00:00+00:00,54.48,54.48,10.0,True,99.99804,18.355,-0.012007204322593555,-1.19997648,0,b434_stop,0.0
LIT/USDT:USDT,2026-02-15 20:00:00+00:00,2026-02-15 20:00:00+00:00,1.565,1.565,10.0,True,99.98785,638.9,-0.011506904192521587,-1.14986028,0,b434_stop,0.049993925
BEAMX/USDT:USDT,2026-02-15 16:00:00+00:00,2026-02-16 00:00:00+00:00,0.00238,0.002367,10.0,True,99.999984,420168.0,0.04337481222313985,4.33487804,480,b434_stop,0.06941654158242722
WLD/USDT:USDT,2026-02-15 20:00:00+00:00,2026-02-16 00:00:00+00:00,0.4016,0.4041,10.0,True,99.9984,2490.0,-0.07338895779346678,-7.33437509,240,b434_stop,0.09434070700611001
US/USDT:USDT,2026-02-15 20:00:00+00:00,2026-02-16 00:00:00+00:00,0.004172,0.004184,10.0,True,99.9999196,239693.0,-0.039803323476757003,-3.97794095,240,b434_stop,0.100099871581
ORCA/USDT:USDT,2026-02-15 20:00:00+00:00,2026-02-16 00:00:00+00:00,0.776,0.78,10.0,True,99.99536,1288.6,-0.06442464109442143,-6.43829988,240,b434_stop,-0.08086291928901959
MUBARAK/USDT:USDT,2026-02-16 00:00:00+00:00,2026-02-16 00:00:00+00:00,0.01802,0.01802,10.0,True,99.998386,55493.0,-0.011855074670903186,-1.18477704,0,b434_stop,0.015203592567879998
TAO/USDT:USDT,2026-02-16 00:00:00+00:00,2026-02-16 00:00:00+00:00,184.51,184.51,10.0,True,99.985969,5.419,-0.011962472631040767,-1.19536177,0,b434_stop,0.0044698572729
LIT/USDT:USDT,2026-02-16 00:00:00+00:00,2026-02-16 00:00:00+00:00,1.677,1.677,10.0,False,99.99951,596.3,-0.012492699930999603,-1.25001343,0,b434_stop,-0.05001931364
AAVE/USDT:USDT,2026-02-16 00:00:00+00:00,2026-02-16 04:00:00+00:00,125.67,126.34,10.0,True,99.2793,7.9,-0.06505633186628987,-6.45487184,240,b434_stop,0.03265556008000001
NIL/USDT:USDT,2026-02-16 00:00:00+00:00,2026-02-16 04:00:00+00:00,0.05965,0.05919,10.0,False,99.999646,16764.4,-0.0895523084203287,-8.96057226,240,b434_stop,-0.05357948342100001
PENGU/USDT:USDT,2026-02-16 00:00:00+00:00,2026-02-16 04:00:00+00:00,0.007044,0.007018,10.0,True,99.9994416,141964.0,0.025088970695171377,2.50737773,240,b434_stop,0.0140923910265588
FIL/USDT:USDT,2026-02-16 00:00:00+00:00,2026-02-16 04:00:00+00:00,0.963,0.963,10.0,True,99.99792,1038.4,-0.011394673170898975,-1.13875995,240,b434_stop,0.061215092224000005
1000SHIB/USDT:USDT,2026-02-16 00:00:00+00:00,2026-02-16 04:00:00+00:00,0.006542,0.006581,10.0,True,99.9997036,152858.0,-0.0720234300073645,-7.19800026,240,b434_stop,-0.032964940506240006
PUMP/USDT:USDT,2026-02-16 04:00:00+00:00,2026-02-16 04:00:00+00:00,0.002186,0.002186,10.0,True,99.9998816,457456.0,-0.011506759971812493,-1.14998423,0,b434_stop,0.05001435066400001
LIT/USDT:USDT,2026-02-16 04:00:00+00:00,2026-02-16 04:00:00+00:00,1.604,1.604,10.0,True,99.99336,623.4,-0.01150690414248549,-1.14992364,0,b434_stop,0.04999668000000001
VIRTUAL/USDT:USDT,2026-02-15 20:00:00+00:00,2026-02-16 08:00:00+00:00,0.6248,0.6315,10.0,True,99.99924,1600.5,-0.1208877672561366,-12.08143164,720,b434_stop,-0.15165675464910466
ADA/USDT:USDT,2026-02-16 00:00:00+00:00,2026-02-16 08:00:00+00:00,0.2816,0.2801,10.0,True,99.99616,3551.0,0.04103620126541376,4.10100047,480,b434_stop,-0.02874150992
XRP/USDT:USDT,2026-02-16 04:00:00+00:00,2026-02-16 08:00:00+00:00,1.4605,1.4604,10.0,True,99.98583,684.6,-0.012651219533921624,-1.26418372,240,b434_stop,-0.13285483738679713
XLM/USDT:USDT,2026-02-16 04:00:00+00:00,2026-02-16 08:00:00+00:00,0.16887,0.16823,10.0,True,99.987927,5921.0,0.025935483001949478,2.59167924,240,b434_stop,-0.0001792961694
BNB/USDT:USDT,2026-02-16 00:00:00+00:00,2026-02-16 12:00:00+00:00,615.17,618.51,10.0,True,99.65754,1.62,-0.0663663311695423,-6.60993696,720,b434_stop,0.0
AVAX/USDT:USDT,2026-02-16 00:00:00+00:00,2026-02-16 12:00:00+00:00,9.278,9.265,10.0,True,99.2746,107.0,0.0008921866508022218,0.08851833,720,b434_stop,-0.11202106595
ONDO/USDT:USDT,2026-02-16 00:00:00+00:00,2026-02-16 12:00:00+00:00,0.2754,0.2752,10.0,True,99.99774,3631.0,-0.004060317198429841,-0.40577893,720,b434_stop,0.06755822604319389
DOT/USDT:USDT,2026-02-16 00:00:00+00:00,2026-02-16 12:00:00+00:00,1.357,1.354,10.0,True,99.99733,736.9,0.007751916301760614,0.77470583,720,b434_stop,-0.23735262684328695
ZEC/USDT:USDT,2026-02-16 04:00:00+00:00,2026-02-16 12:00:00+00:00,292.18,294.79,10.0,True,99.983996,3.422,-0.10139857593695828,-10.13215187,480,b434_stop,0.004434933558600001
NEAR/USDT:USDT,2026-02-16 08:00:00+00:00,2026-02-16 12:00:00+00:00,1.043,1.047,10.0,True,99.9194,958.0,-0.0502776676864871,-5.02070016,240,b434_stop,0.012631842927921
1000PEPE/USDT:USDT,2026-02-16 08:00:00+00:00,2026-02-16 12:00:00+00:00,0.0044708,0.0044914,10.0,True,99.99972484,223673.0,-0.05809365724894635,-5.80586413,240,b434_stop,0.0045609666036288
NIL/USDT:USDT,2026-02-16 20:00:00+00:00,2026-02-16 20:00:00+00:00,0.058,0.058,10.0,True,99.99954,17241.3,-0.011506817890337681,-1.14998609,0,b434_stop,0.05000839065
BEAMX/USDT:USDT,2026-02-17 00:00:00+00:00,2026-02-17 00:00:00+00:00,0.002463,0.002463,10.0,False,99.9997704,406008.0,-0.012492504497301618,-1.24999713,0,b434_stop,-0.049999885200000004
NIL/USDT:USDT,2026-02-17 00:00:00+00:00,2026-02-17 00:00:00+00:00,0.05977,0.05977,10.0,False,99.9999916,16730.8,-0.012492588097148738,-1.25000826,0,b434_stop,-0.0500083612
BNB/USDT:USDT,2026-02-17 04:00:00+00:00,2026-02-17 04:00:00+00:00,627.13,627.13,10.0,False,99.71367,1.59,-0.011992804317409553,-1.19656404,0,b434_stop,0.0
ORCA/USDT:USDT,2026-02-17 04:00:00+00:00,2026-02-17 04:00:00+00:00,1.021,1.021,10.0,False,99.99674,979.4,0.1876914987148749,18.77979912,0,b434_stop,19.979760000000002
MUBARAK/USDT:USDT,2026-02-16 08:00:00+00:00,2026-02-17 08:00:00+00:00,0.01938,0.01973,10.0,False,99.998862,51599.0,0.17308860966442838,17.31904919,1440,b434_stop,0.47022132315481147
AIN/USDT:USDT,2026-02-15 16:00:00+00:00,2026-02-17 16:00:00+00:00,0.03431,0.03446,10.0,True,99.999926,29146.0,-0.04937009907139582,-4.93404405,2880,b434_stop,0.640478205731
MUBARAK/USDT:USDT,2026-02-17 08:00:00+00:00,2026-02-17 16:00:00+00:00,0.01973,0.01929,10.0,True,99.999532,50684.0,0.21172821152040938,21.16001843,480,b434_stop,0.045672237484555206
BNB/USDT:USDT,2026-02-17 16:00:00+00:00,2026-02-17 16:00:00+00:00,615.26,615.26,10.0,True,99.67212,1.62,-0.012007204322593557,-1.19606544,0,b434_stop,0.0
BNB/USDT:USDT,2026-02-17 20:00:00+00:00,2026-02-18 00:00:00+00:00,620.19,617.74,10.0,False,99.85059,1.61,-0.05144945087640332,-5.14034038,240,b434_stop,0.0
ETH/USDT:USDT,2026-02-18 00:00:00+00:00,2026-02-18 00:00:00+00:00,1990.68,1990.68,10.0,False,99.932136,0.502,-0.012104836553242314,-1.21038797,0,b434_stop,-0.0112023361714
BNB/USDT:USDT,2026-02-18 00:00:00+00:00,2026-02-18 08:00:00+00:00,617.74,620.9,10.0,True,99.45614,1.61,-0.06322283349612837,-6.28412624,480,b434_stop,0.0
BNB/USDT:USDT,2026-02-18 08:00:00+00:00,2026-02-18 08:00:00+00:00,620.9,620.9,10.0,False,99.9649,1.61,-0.011992804317409556,-1.1995788,0,b434_stop,0.0
AIN/USDT:USDT,2026-02-18 08:00:00+00:00,2026-02-18 08:00:00+00:00,0.03485,0.03485,10.0,False,99.99859,28694.0,-0.012492246398519511,-1.24995655,0,b434_stop,-0.049973470400000004
LYN/USDT:USDT,2026-02-13 20:00:00+00:00,2026-02-18 12:00:00+00:00,0.2039,0.24874,10.0,False,99.99256,4904.0,2.1642468247808737,216.53842563,6720,b434_limit,-2.0250864293891535
BNB/USDT:USDT,2026-02-18 12:00:00+00:00,2026-02-18 12:00:00+00:00,614.17,614.17,10.0,True,99.49554,1.62,-0.012007204322593555,-1.19394648,0,b434_stop,0.0
BTC/USDT:USDT,2026-02-13 12:00:00+00:00,2026-02-18 16:00:00+00:00,67137.8,67671.1,10.0,False,93.99292,0.014,0.06562072675014395,6.17158445,7440,b434_stop,-0.16222078567933373
AIN/USDT:USDT,2026-02-18 16:00:00+00:00,2026-02-18 16:00:00+00:00,0.0342,0.0342,10.0,True,99.99738,29239.0,-0.011507204030270508,-1.14999984,0,b434_stop,0.049968720025
ETH/USDT:USDT,2026-02-18 20:00:00+00:00,2026-02-19 00:00:00+00:00,1939.83,1954.77,10.0,True,99.901245,0.515,-0.09018163572046342,-9.00385213,240,b434_stop,-0.10632072667876592
ARB/USDT:USDT,2026-02-11 20:00:00+00:00,2026-02-19 08:00:00+00:00,0.1076,0.1063,10.0,False,99.999136,9293.6,-0.14080305393594747,-14.08863185,10800,b434_stop,-0.8142112307118065
NIL/USDT:USDT,2026-02-17 04:00:00+00:00,2026-02-19 08:00:00+00:00,0.05821,0.05489,10.0,True,99.9995411,17179.1,0.5657043141479762,56.53622971,3120,b434_stop,0.6673914399894
UNI/USDT:USDT,2026-02-13 16:00:00+00:00,2026-02-19 12:00:00+00:00,3.406,3.386,10.0,False,99.7958,293.0,-0.07640843157393998,-7.6298157,8400,b434_stop,-0.5757821035031931
ORCA/USDT:USDT,2026-02-19 16:00:00+00:00,2026-02-19 20:00:00+00:00,1.148,1.158,10.0,True,99.9908,871.0,-0.20719959097954044,-20.70562203,240,b434_stop,-10.79050643294
TRUMP/USDT:USDT,2026-02-11 20:00:00+00:00,2026-02-20 08:00:00+00:00,3.192,3.521,10.0,False,99.998976,313.28,1.0904477161546313,109.10908119,12240,b434_limit,7.301790375547671
AVAX/USDT:USDT,2026-02-20 08:00:00+00:00,2026-02-20 08:00:00+00:00,9.196,9.196,10.0,False,99.3168,108.0,-0.012991936907354402,-1.29109179,0,b434_stop,-0.099290190744
US/USDT:USDT,2026-02-19 20:00:00+00:00,2026-02-20 12:00:00+00:00,0.003739,0.003725,10.0,False,99.9999289,267451.0,-0.05190589978736539,-5.19370064,960,b434_stop,-0.2516340815855
BTC/USDT:USDT,2026-02-20 04:00:00+00:00,2026-02-20 12:00:00+00:00,67327.2,67290.4,10.0,False,94.25808,0.014,-0.017583119127510108,-1.65834546,480,b434_stop,-0.012357617916000001
BNB/USDT:USDT,2026-02-20 08:00:00+00:00,2026-02-20 12:00:00+00:00,611.96,608.51,10.0,False,99.74948,1.63,-0.06830142714423637,-6.81711966,240,b434_stop,0.0
LTC/USDT:USDT,2026-02-20 12:00:00+00:00,2026-02-20 12:00:00+00:00,53.57,53.57,10.0,False,99.999119,18.667,-0.011992804337397737,-1.19998943,0,b434_stop,0.0
VIRTUAL/USDT:USDT,2026-02-20 12:00:00+00:00,2026-02-20 12:00:00+00:00,0.6383,0.6383,10.0,False,99.996078,1566.6,-0.011247485299869363,-1.12537924,0,b434_stop,0.074573700516
ETH/USDT:USDT,2026-02-20 16:00:00+00:00,2026-02-20 16:00:00+00:00,1963.05,1963.05,10.0,False,99.919245,0.509,-0.011277230053253831,-1.1274884,0,b434_stop,0.07154254386400001
NEAR/USDT:USDT,2026-02-20 16:00:00+00:00,2026-02-20 16:00:00+00:00,1.04,1.04,10.0,False,99.944,961.0,-0.012992268774651324,-1.29927841,0,b434_stop,-0.09995040986999999
ADA/USDT:USDT,2026-02-20 16:00:00+00:00,2026-02-20 16:00:00+00:00,0.2888,0.2888,10.0,False,99.98256,3462.0,-0.012399457988159522,-1.24047339,0,b434_stop,-0.040682674047888605
PUMP/USDT:USDT,2026-02-20 16:00:00+00:00,2026-02-20 16:00:00+00:00,0.002122,0.002122,10.0,False,99.9998866,471253.0,-0.012492532755378838,-1.25000141,0,b434_stop,-0.050002770817999996
SAND/USDT:USDT,2026-02-20 16:00:00+00:00,2026-02-20 16:00:00+00:00,0.08428,0.08428,10.0,False,99.99822,11865.0,-0.011892621842576454,-1.18995456,0,b434_stop,0.0100240841891505
WLD/USDT:USDT,2026-02-20 16:00:00+00:00,2026-02-20 16:00:00+00:00,0.3903,0.3903,10.0,False,99.99486,2562.0,-0.012992204677193683,-1.29993318,0,b434_stop,-0.09999485999999999
LINK/USDT:USDT,2026-02-20 16:00:00+00:00,2026-02-20 16:00:00+00:00,8.825,8.825,10.0,False,99.996075,113.31,-0.012947491499055329,-1.29547515,0,b434_stop,-0.09552224671685655
XLM/USDT:USDT,2026-02-20 16:00:00+00:00,2026-02-20 16:00:00+00:00,0.16367,0.16367,10.0,False,99.986003,6109.0,-0.011989906290345562,-1.1995421,0,b434_stop,0.00028993899975279997
FIL/USDT:USDT,2026-02-20 16:00:00+00:00,2026-02-20 16:00:00+00:00,0.952,0.952,10.0,False,99.99808,1050.4,-0.012992204677193685,-1.29997504,0,b434_stop,-0.09999808
DOT/USDT:USDT,2026-02-20 16:00:00+00:00,2026-02-20 16:00:00+00:00,1.35,1.35,10.0,False,99.9945,740.7,-0.010166090316258617,-1.01716305,0,b434_stop,0.1827709524227042
1000SHIB/USDT:USDT,2026-02-20 16:00:00+00:00,2026-02-20 16:00:00+00:00,0.006427,0.006427,10.0,False,99.9996211,155593.0,-0.012715870487049304,-1.27234518,0,b434_stop,-0.07234972586585
QNT/USDT:USDT,2026-02-21 00:00:00+00:00,2026-02-21 00:00:00+00:00,66.98,66.98,10.0,False,99.8002,14.9,-0.012992204677193685,-1.2974026,0,b434_stop,-0.09980020000000002
LIT/USDT:USDT,2026-02-21 00:00:00+00:00,2026-02-21 04:00:00+00:00,1.533,1.514,10.0,False,99.99759,652.3,-0.1367770335841548,-13.68558015,240,b434_stop,-0.09934528999999999
QNT/USDT:USDT,2026-02-21 08:00:00+00:00,2026-02-21 08:00:00+00:00,65.65,65.65,10.0,True,99.788,15.2,-0.012991078208074484,-1.2955759,0,b434_stop,-0.09811989926466703
1000PEPE/USDT:USDT,2026-02-21 08:00:00+00:00,2026-02-21 12:00:00+00:00,0.0043114,0.0042976,10.0,False,99.99990502,231943.0,-0.04479333426967391,-4.48201677,240,b434_stop,-0.0831249963829614
ARB/USDT:USDT,2026-02-21 08:00:00+00:00,2026-02-21 20:00:00+00:00,0.1001,0.0988,10.0,False,99.9999,9990.0,-0.14331124495026154,-14.33970883,720,b434_stop,-0.160502228492616
AAVE/USDT:USDT,2026-02-21 20:00:00+00:00,2026-02-21 20:00:00+00:00,123.31,123.31,10.0,False,99.8811,8.1,-0.011992804317409556,-1.1985732,0,b434_stop,0.0
ONDO/USDT:USDT,2026-02-20 20:00:00+00:00,2026-02-22 00:00:00+00:00,0.267,0.2669,10.0,False,99.99951,3745.3,-0.014124867632798832,-1.41332733,1680,b434_stop,0.1609720677236399
PENGU/USDT:USDT,2026-02-20 20:00:00+00:00,2026-02-22 00:00:00+00:00,0.006851,0.006812,10.0,False,99.9999364,145964.0,-0.07076985972080407,-7.08122766,1680,b434_stop,-0.1920479762226116
ZEC/USDT:USDT,2026-02-21 12:00:00+00:00,2026-02-22 00:00:00+00:00,261.62,259.66,10.0,False,99.991164,3.822,-0.08509865793424497,-8.51421933,720,b434_stop,0.17229996619134913
TAO/USDT:USDT,2026-02-21 16:00:00+00:00,2026-02-22 00:00:00+00:00,181.97,181.74,10.0,False,99.992515,5.495,-0.017384215659871343,-1.73933442,480,b434_stop,0.7236674539470702
QNT/USDT:USDT,2026-02-21 20:00:00+00:00,2026-02-22 00:00:00+00:00,66.39,66.13,10.0,False,99.585,15.0,-0.05085038588736099,-5.06697404,240,b434_stop,0.025705960729524
US/USDT:USDT,2026-02-22 04:00:00+00:00,2026-02-22 08:00:00+00:00,0.003561,0.003591,10.0,True,99.9996459,280819.0,-0.0953498145198249,-9.52922672,240,b434_stop,0.1003937753665
ONDO/USDT:USDT,2026-02-22 08:00:00+00:00,2026-02-22 08:00:00+00:00,0.2627,0.2627,10.0,True,99.999382,3806.6,-0.012538824538164583,-1.25312238,0,b434_stop,-0.0531297930033948
XRP/USDT:USDT,2026-02-21 00:00:00+00:00,2026-02-22 12:00:00+00:00,1.4283,1.4224,10.0,False,99.995283,700.1,-0.052491587161486414,-5.25206046,2160,b434_stop,0.0759945818428764
COLLECT/USDT:USDT,2026-02-22 12:00:00+00:00,2026-02-22 12:00:00+00:00,0.05596,0.05596,10.0,False,99.994924,17869.0,-0.013243706230140475,-1.32509798,0,b434_stop,-0.1251588967906
WLD/USDT:USDT,2026-02-22 12:00:00+00:00,2026-02-22 20:00:00+00:00,0.3809,0.3828,10.0,True,99.98625,2625.0,-0.060949144966108044,-6.09042,480,b434_stop,0.0999075
ETH/USDT:USDT,2026-02-22 20:00:00+00:00,2026-02-22 20:00:00+00:00,1942.81,1942.81,10.0,True,99.860434,0.514,-0.012007204342633531,-1.19832521,0,b434_stop,0.0
ENA/USDT:USDT,2026-02-05 08:00:00+00:00,2026-02-23 00:00:00+00:00,0.13,0.0999,10.0,True,99.996,7692.0,2.308185139092576,230.6707956,25440,b434_limit,0.20263008434932805
MOVR/USDT:USDT,2026-02-05 12:00:00+00:00,2026-02-23 00:00:00+00:00,1.653,1.34,10.0,True,99.999888,604.96,1.9268928883581777,192.57345958,25200,b434_limit,4.30736675098092
SOL/USDT:USDT,2026-02-13 12:00:00+00:00,2026-02-23 00:00:00+00:00,80.26,82.75,10.0,False,99.9237,12.45,0.31526642215577944,31.52148894,13680,b434_stop,1.738673638574927
BEAMX/USDT:USDT,2026-02-17 04:00:00+00:00,2026-02-23 00:00:00+00:00,0.002423,0.002134,10.0,True,99.9998753,412711.0,1.1992539312311092,119.85328843,8400,b434_limit,1.70824384588
UNI/USDT:USDT,2026-02-20 20:00:00+00:00,2026-02-23 00:00:00+00:00,3.455,3.488,10.0,False,99.8495,289.0,0.0803355010714271,8.02627249,3120,b434_stop,-0.30681130712981763
COLLECT/USDT:USDT,2026-02-22 16:00:00+00:00,2026-02-23 04:00:00+00:00,0.04742,0.04648,10.0,True,99.999296,21088.0,0.18748660027388686,18.73727892,720,b434_stop,0.1026568362469216
ARB/USDT:USDT,2026-02-23 04:00:00+00:00,2026-02-23 04:00:00+00:00,0.0902,0.0902,10.0,True,99.999328,11086.4,-0.01200720436261784,-1.19999194,0,b434_stop,0.0
LYN/USDT:USDT,2026-02-18 16:00:00+00:00,2026-02-23 08:00:00+00:00,0.26017,0.30954,10.0,False,99.983331,3843.0,1.8679200098986628,186.87292115,6720,b434_limit,-1.542351533697173
XRP/USDT:USDT,2026-02-22 16:00:00+00:00,2026-02-23 08:00:00+00:00,1.3923,1.3703,10.0,True,99.994986,718.2,0.14077310128905407,14.06815833,960,b434_stop,-0.5417820812696885
COLLECT/USDT:USDT,2026-02-23 08:00:00+00:00,2026-02-23 08:00:00+00:00,0.0535,0.0535,10.0,False,99.99685,18691.0,-0.014804272850685142,-1.48126888,0,b434_stop,-0.28130668287437277
XLM/USDT:USDT,2026-02-22 04:00:00+00:00,2026-02-23 12:00:00+00:00,0.15574,0.15596,10.0,True,99.98508,6420.0,-0.028370360434322728,-2.83491079,1920,b434_stop,-0.221842389948
ARB/USDT:USDT,2026-02-23 12:00:00+00:00,2026-02-23 12:00:00+00:00,0.0952,0.0952,10.0,False,99.999984,10504.2,-0.011992804337397564,-1.19999981,0,b434_stop,0.0
STRK/USDT:USDT,2026-02-05 12:00:00+00:00,2026-02-23 16:00:00+00:00,0.0529,0.04127,10.0,True,99.999515,18903.5,2.1629674170479665,216.16591525,26160,b434_limit,-2.6137041927208213
BCH/USDT:USDT,2026-02-13 12:00:00+00:00,2026-02-23 16:00:00+00:00,527.51,534.93,10.0,False,99.963145,1.895,0.12465279547496,12.46816188,14640,b434_stop,-0.38474384051642463
AIN/USDT:USDT,2026-02-23 04:00:00+00:00,2026-02-23 16:00:00+00:00,0.03253,0.03505,10.0,False,99.99722,30740.0,0.7596805799436284,76.01152565,720,b434_limit,-0.20682883346
COLLECT/USDT:USDT,2026-02-23 16:00:00+00:00,2026-02-23 16:00:00+00:00,0.03838,0.03838,10.0,True,99.99909,26055.0,-0.011505339939738138,-1.14983321,0,b434_stop,0.050155875
BTC/USDT:USDT,2026-02-22 20:00:00+00:00,2026-02-24 04:00:00+00:00,67402.1,63570.5,10.0,True,94.36294,0.014,0.5576966184555855,52.59431701,1920,b434_limit,0.052086849330086754
US/USDT:USDT,2026-02-24 04:00:00+00:00,2026-02-24 04:00:00+00:00,0.003485,0.003485,10.0,False,99.999984,286944.0,-0.012492435638605814,-1.24999291,0,b434_stop,-0.049993105344000005
US/USDT:USDT,2026-02-24 08:00:00+00:00,2026-02-24 16:00:00+00:00,0.003381,0.003397,10.0,True,99.999837,295770.0,-0.0578833887265496,-5.78485644,480,b434_stop,0.150300997245
PUMP/USDT:USDT,2026-02-22 16:00:00+00:00,2026-02-24 20:00:00+00:00,0.002033,0.001764,10.0,True,99.9998139,491883.0,1.3098191666108916,130.9030839,3120,b434_limit,-0.2928352475559546
NIL/USDT:USDT,2026-02-24 16:00:00+00:00,2026-02-24 20:00:00+00:00,0.04769,0.04754,10.0,False,99.9997303,20968.7,-0.044406256181822035,-4.44327801,240,b434_stop,-0.09986343375000001
VIRTUAL/USDT:USDT,2026-02-22 08:00:00+00:00,2026-02-25 00:00:00+00:00,0.6324,0.6058,10.0,True,99.995088,1581.2,0.3905443176173296,39.0290819,3840,b434_stop,-1.8561329985995783
LIT/USDT:USDT,2026-02-23 00:00:00+00:00,2026-02-25 00:00:00+00:00,1.448,1.432,10.0,True,99.99888,690.6,0.10488520273108067,10.48210976,2880,b434_stop,0.6258665599674
ETH/USDT:USDT,2026-02-25 04:00:00+00:00,2026-02-25 04:00:00+00:00,1905.38,1905.38,10.0,False,99.841912,0.524,-0.011992804277370244,-1.19810294,0,b434_stop,0.0
XRP/USDT:USDT,2026-02-25 04:00:00+00:00,2026-02-25 04:00:00+00:00,1.3694,1.3694,10.0,False,99.993588,730.2,-0.011992804357388132,-1.19992306,0,b434_stop,0.0
ONDO/USDT:USDT,2026-02-25 04:00:00+00:00,2026-02-25 04:00:00+00:00,0.2531,0.2531,10.0,False,99.99981,3951.0,-0.010852937770291938,-1.08594289,0,b434_stop,0.114054828732
XLM/USDT:USDT,2026-02-25 04:00:00+00:00,2026-02-25 04:00:00+00:00,0.15308,0.15308,10.0,False,99.991856,6532.0,-0.011992804297419918,-1.19990227,0,b434_stop,0.0
QNT/USDT:USDT,2026-02-22 12:00:00+00:00,2026-02-25 08:00:00+00:00,65.01,64.2,10.0,True,99.4653,15.3,0.1098200441780612,10.91672967,4080,b434_stop,-0.2901225343945976
DOT/USDT:USDT,2026-02-22 16:00:00+00:00,2026-02-25 08:00:00+00:00,1.319,1.268,10.0,True,99.99339,758.1,0.3499885417871389,34.97554283,3840,b434_stop,-2.510834352575099
TRUMP/USDT:USDT,2026-02-21 20:00:00+00:00,2026-02-25 12:00:00+00:00,3.494,3.435,10.0,True,99.99828,286.2,0.1178078981189415,11.77351883,5280,b434_stop,-3.9224332927298917
ADA/USDT:USDT,2026-02-22 04:00:00+00:00,2026-02-25 12:00:00+00:00,0.277,0.2709,10.0,True,99.997,3610.0,0.20504235209105504,20.49131791,4800,b434_stop,-0.34293069497989
AAVE/USDT:USDT,2026-02-22 08:00:00+00:00,2026-02-25 12:00:00+00:00,118.83,115.75,10.0,True,99.8172,8.4,0.24940530683726034,24.88000243,4560,b434_stop,0.19028563185986258
AVAX/USDT:USDT,2026-02-22 08:00:00+00:00,2026-02-25 12:00:00+00:00,9.007,8.969,10.0,True,99.9777,111.0,0.018869167900487437,1.88536411,4560,b434_stop,-1.1354342945004008
PENGU/USDT:USDT,2026-02-22 08:00:00+00:00,2026-02-25 12:00:00+00:00,0.006705,0.006725,10.0,True,99.999711,149142.0,-0.03931053896267073,-3.92868391,4560,b434_stop,0.2559423236205948
1000SHIB/USDT:USDT,2026-02-22 08:00:00+00:00,2026-02-25 12:00:00+00:00,0.00624,0.006005,10.0,True,99.999744,160256.0,0.3615646683511983,36.13468045,4560,b434_stop,-0.3480787153104384
NEAR/USDT:USDT,2026-02-22 12:00:00+00:00,2026-02-25 12:00:00+00:00,1.028,1.028,10.0,True,99.9216,972.0,-0.013128535217077467,-1.31103715,4320,b434_stop,-0.11197794737688838
SAND/USDT:USDT,2026-02-22 12:00:00+00:00,2026-02-25 12:00:00+00:00,0.08285,0.08132,10.0,True,99.99995,12070.0,0.13807176185157036,13.79888498,4320,b434_stop,-3.47929587524558
TAO/USDT:USDT,2026-02-22 12:00:00+00:00,2026-02-25 12:00:00+00:00,177.99,176.48,10.0,True,99.994782,5.618,0.06191192227913354,6.18715465,4320,b434_stop,-1.1011778714689906
BNB/USDT:USDT,2026-02-22 16:00:00+00:00,2026-02-25 12:00:00+00:00,616.06,604.93,10.0,True,99.80172,1.62,0.16887394391639365,16.84379772,4080,b434_stop,0.0
LINK/USDT:USDT,2026-02-22 16:00:00+00:00,2026-02-25 12:00:00+00:00,8.705,8.654,10.0,True,99.994335,114.87,0.047771708368539834,4.77403407,4080,b434_stop,0.1120810664467925
LTC/USDT:USDT,2026-02-22 16:00:00+00:00,2026-02-25 12:00:00+00:00,53.29,53.27,10.0,True,99.998685,18.765,-0.01143176799835154,-1.14247587,4080,b434_stop,-0.31801682887639826
FIL/USDT:USDT,2026-02-22 16:00:00+00:00,2026-02-25 12:00:00+00:00,0.93,0.922,10.0,True,99.9936,1075.2,0.06884562845362108,6.87999176,4080,b434_stop,-0.5268460000046746
DOT/USDT:USDT,2026-02-25 08:00:00+00:00,2026-02-25 12:00:00+00:00,1.268,1.382,10.0,False,99.99448,788.6,0.8865867262153103,88.70697093,240,b434_limit,0.060444930773298634
LYN/USDT:USDT,2026-02-25 12:00:00+00:00,2026-02-25 12:00:00+00:00,0.32849,0.32849,10.0,False,99.992356,3044.0,-0.0124924588212137,-1.24989988,0,b434_stop,-0.049991612
DOGE/USDT:USDT,2026-02-16 04:00:00+00:00,2026-02-25 16:00:00+00:00,0.10213,0.10155,10.0,True,99.995483,9791.0,0.035533811886377366,3.55108875,13680,b434_stop,-0.9311527257910232
1000PEPE/USDT:USDT,2026-02-21 20:00:00+00:00,2026-02-25 16:00:00+00:00,0.0041977,0.0041857,10.0,True,99.99970825,238225.0,0.018347584447628754,1.83365224,5520,b434_stop,0.17323351841230503
ZEC/USDT:USDT,2026-02-22 12:00:00+00:00,2026-02-25 16:00:00+00:00,249.26,247.84,10.0,True,99.978186,4.011,0.043522697263114134,4.34870953,4560,b434_stop,-0.15058960600953114
UNI/USDT:USDT,2026-02-25 04:00:00+00:00,2026-02-25 16:00:00+00:00,3.471,3.938,10.0,False,99.9648,288.0,1.3297513700037285,133.00808675,720,b434_limit,-0.20763804672000002
AXS/USDT:USDT,2026-02-15 16:00:00+00:00,2026-02-25 20:00:00+00:00,1.395,1.39,10.0,True,99.882,716.0,-1.6609856396607634,-165.80302612,14640,b434_stop,-168.186590119633
FET/USDT:USDT,2026-02-16 00:00:00+00:00,2026-02-25 20:00:00+00:00,0.1735,0.173,10.0,True,99.98805,5763.0,-0.07847402003082495,-7.84175636,14160,b434_stop,-9.525128657037865
BCH/USDT:USDT,2026-02-25 16:00:00+00:00,2026-02-25 20:00:00+00:00,517.23,515.42,10.0,False,99.980559,1.933,-0.04724438536061016,-4.72635417,240,b434_stop,-0.029956695116077053
LYN/USDT:USDT,2026-02-25 20:00:00+00:00,2026-02-25 20:00:00+00:00,0.32022,0.32022,10.0,True,99.972684,3122.0,-0.01150695102341236,-1.14969055,0,b434_stop,0.049981659
ORCA/USDT:USDT,2026-02-25 12:00:00+00:00,2026-02-26 04:00:00+00:00,0.936,0.945,10.0,False,99.99288,1068.3,0.10331258132051117,10.33672086,960,b434_stop,1.9277042358548815
PUMP/USDT:USDT,2026-02-25 16:00:00+00:00,2026-02-26 04:00:00+00:00,0.001851,0.001877,10.0,False,99.9999048,540248.0,0.1263188013468441,12.63944723,720,b434_stop,-0.198574040562952
ENA/USDT:USDT,2026-02-24 16:00:00+00:00,2026-02-26 08:00:00+00:00,0.0988,0.1115,10.0,False,99.99548,10121.0,1.2681465988590888,126.88501322,2400,b434_limit,-0.37461900396270975
LYN/USDT:USDT,2026-02-26 12:00:00+00:00,2026-02-26 12:00:00+00:00,0.334,0.334,10.0,False,99.9996,2994.0,-0.012492682691098544,-1.25001283,0,b434_stop,-0.050017626275999996
MUBARAK/USDT:USDT,2026-02-24 16:00:00+00:00,2026-02-26 16:00:00+00:00,0.01365,0.01363,10.0,False,99.9999,73260.0,-0.02183881046563437,-2.18518919,2880,b434_stop,0.47913049166023797
BEAMX/USDT:USDT,2026-02-25 04:00:00+00:00,2026-02-26 16:00:00+00:00,0.001951,0.00196,10.0,False,99.9998707,512557.0,0.02892192666249131,2.89392424,2160,b434_stop,-0.5163225000005001
MOVR/USDT:USDT,2026-02-25 08:00:00+00:00,2026-02-26 16:00:00+00:00,1.248,1.268,10.0,False,99.999744,801.28,0.1478818352035225,14.79701855,1920,b434_stop,-0.0189691655448215
1000SHIB/USDT:USDT,2026-02-25 12:00:00+00:00,2026-02-26 16:00:00+00:00,0.006005,0.006035,10.0,False,99.9994635,166527.0,0.041004876397318174,4.10292592,1680,b434_stop,0.31010696559276574
COLLECT/USDT:USDT,2026-02-24 04:00:00+00:00,2026-02-26 20:00:00+00:00,0.04505,0.04204,10.0,False,99.997485,22197.0,-0.7009883196423673,-70.13912722,3840,b434_stop,-2.166275182669059
COLLECT/USDT:USDT,2026-02-26 20:00:00+00:00,2026-02-26 20:00:00+00:00,0.04204,0.04204,10.0,True,99.996344,23786.0,-0.011506570069835534,-1.14992457,0,b434_stop,0.050031555651
AAVE/USDT:USDT,2026-02-26 20:00:00+00:00,2026-02-26 20:00:00+00:00,113.9,113.9,10.0,True,99.093,8.7,-0.012007204322593557,-1.189116,0,b434_stop,0.0
LYN/USDT:USDT,2026-02-27 00:00:00+00:00,2026-02-27 00:00:00+00:00,0.32663,0.32663,10.0,True,99.981443,3061.0,-0.02389721097125943,-2.38784407,0,b434_stop,-1.1880667501031201
1000SHIB/USDT:USDT,2026-02-27 00:00:00+00:00,2026-02-27 04:00:00+00:00,0.005963,0.005988,10.0,True,99.99951,167700.0,-0.05621471521596287,-5.61807111,240,b434_stop,-0.22306149294
VIRTUAL/USDT:USDT,2026-02-25 00:00:00+00:00,2026-02-27 08:00:00+00:00,0.6058,0.7229,10.0,False,99.999406,1650.7,1.9445739460320817,194.57291327,3360,b434_limit,2.591914326419951
AIN/USDT:USDT,2026-02-27 08:00:00+00:00,2026-02-27 08:00:00+00:00,0.04202,0.04202,10.0,True,99.999196,23798.0,-0.011506761315641746,-1.14997648,0,b434_stop,0.050013876799999996
AAVE/USDT:USDT,2026-02-27 08:00:00+00:00,2026-02-27 08:00:00+00:00,119.57,119.57,10.0,False,99.2431,8.3,-0.012904676092988043,-1.28146848,0,b434_stop,-0.09055127594949844
STRK/USDT:USDT,2026-02-24 20:00:00+00:00,2026-02-27 12:00:00+00:00,0.04167,0.04199,10.0,False,99.999666,23998.0,0.07783944297394542,7.78858865,3840,b434_stop,1.3138322621887553
UNI/USDT:USDT,2026-02-27 12:00:00+00:00,2026-02-27 12:00:00+00:00,3.756,3.756,10.0,True,99.9096,266.0,-0.012007204322593557,-1.1989152,0,b434_stop,0.0
SOL/USDT:USDT,2026-02-25 04:00:00+00:00,2026-02-27 20:00:00+00:00,81.71,81.52,10.0,False,99.93133,12.23,-0.034263924699693714,-3.42609399,3840,b434_stop,0.09538774972581181
QNT/USDT:USDT,2026-02-27 20:00:00+00:00,2026-02-27 20:00:00+00:00,63.34,63.34,10.0,True,99.4438,15.7,-0.012007204322593557,-1.1933256,0,b434_stop,0.0
DOT/USDT:USDT,2026-02-27 20:00:00+00:00,2026-02-27 20:00:00+00:00,1.603,1.603,10.0,True,99.99514,623.8,-0.012007204322593557,-1.19994168,0,b434_stop,0.0
BEAMX/USDT:USDT,2026-02-27 20:00:00+00:00,2026-02-28 00:00:00+00:00,0.001897,0.001923,10.0,True,99.9999756,527148.0,-0.14822243370479693,-14.81334641,240,b434_stop,0.10072480410000001
TAO/USDT:USDT,2026-02-27 20:00:00+00:00,2026-02-28 00:00:00+00:00,174.63,176.0,10.0,True,99.993138,5.726,-0.09095739498853937,-9.08965828,240,b434_stop,-0.040413852654212025
XLM/USDT:USDT,2026-02-27 20:00:00+00:00,2026-02-28 00:00:00+00:00,0.15733,0.15871,10.0,True,99.998948,6356.0,-0.10094173991390798,-10.08801136,240,b434_stop,-0.11148121454400002
VIRTUAL/USDT:USDT,2026-02-27 20:00:00+00:00,2026-02-28 00:00:00+00:00,0.6729,0.6831,10.0,True,99.999669,1486.1,-0.170391852870357,-17.02890541,240,b434_stop,-0.6615944455736
US/USDT:USDT,2026-02-24 16:00:00+00:00,2026-02-28 04:00:00+00:00,0.003397,0.003567,10.0,False,99.9998669,294377.0,0.47644809197771526,47.67333263,5040,b434_stop,-1.1407325117095
WLD/USDT:USDT,2026-02-24 20:00:00+00:00,2026-02-28 04:00:00+00:00,0.3779,0.3869,10.0,False,99.99234,2646.0,0.22143478471082506,22.15506735,4800,b434_stop,-0.444736165745529
BTC/USDT:USDT,2026-02-25 08:00:00+00:00,2026-02-28 04:00:00+00:00,65001.2,65763.8,10.0,False,97.5018,0.015,0.10580101420080612,10.3219788,4080,b434_stop,0.05986380057802921
BNB/USDT:USDT,2026-02-25 12:00:00+00:00,2026-02-28 04:00:00+00:00,604.93,614.89,10.0,False,99.81345,1.65,0.15245688683528347,15.2263782,3840,b434_stop,0.0
BEAMX/USDT:USDT,2026-02-28 00:00:00+00:00,2026-02-28 04:00:00+00:00,0.001923,0.001936,10.0,False,99.999846,520020.0,0.054525688107077176,5.45583195,240,b434_stop,-0.10037374037999999
QNT/USDT:USDT,2026-02-28 00:00:00+00:00,2026-02-28 04:00:00+00:00,64.24,63.83,10.0,False,99.572,15.5,-0.07601845814136071,-7.5738515,240,b434_stop,-0.0278005024
QNT/USDT:USDT,2026-02-28 08:00:00+00:00,2026-02-28 12:00:00+00:00,61.45,60.87,10.0,True,99.549,16.2,0.0824247306322095,8.20037633,240,b434_stop,-0.0066732711760295995
BEAMX/USDT:USDT,2026-02-28 08:00:00+00:00,2026-02-28 12:00:00+00:00,0.001821,0.001805,10.0,True,99.9998508,549148.0,0.07643110563016657,7.6385133,240,b434_stop,0.04687169283504
ORCA/USDT:USDT,2026-02-28 08:00:00+00:00,2026-02-28 12:00:00+00:00,0.864,0.855,10.0,True,99.99936,1157.4,0.08535819398105465,8.53064331,240,b434_stop,-0.6922143272308553
PUMP/USDT:USDT,2026-02-28 12:00:00+00:00,2026-02-28 12:00:00+00:00,0.001735,0.001735,10.0,True,99.999848,576368.0,-0.012052456982932535,-1.20452072,0,b434_stop,-0.0045225462092928
MUBARAK/USDT:USDT,2026-02-28 12:00:00+00:00,2026-02-28 12:00:00+00:00,0.01274,0.01274,10.0,True,99.998808,78492.0,-0.011506919431841244,-1.14998782,0,b434_stop,0.049997873406
NEAR/USDT:USDT,2026-02-27 20:00:00+00:00,2026-02-28 16:00:00+00:00,1.086,1.065,10.0,True,99.912,920.0,0.18326290273323254,18.29917704,1200,b434_stop,0.16652904412918398
NIL/USDT:USDT,2026-02-28 08:00:00+00:00,2026-02-28 16:00:00+00:00,0.04604,0.04589,10.0,True,99.9998008,21720.2,0.022103507608334048,2.20902015,480,b434_stop,0.1490329459581
MOVR/USDT:USDT,2026-02-28 08:00:00+00:00,2026-02-28 16:00:00+00:00,1.188,1.16,10.0,True,99.9999,841.75,0.2228653058150757,22.27313639,480,b434_stop,-0.11000621061202953
TRUMP/USDT:USDT,2026-02-27 04:00:00+00:00,2026-02-28 20:00:00+00:00,3.416,3.351,10.0,True,99.999984,292.74,0.1444301822042864,14.4343501,2400,b434_stop,-3.4051669541733465
ETH/USDT:USDT,2026-02-27 16:00:00+00:00,2026-02-28 20:00:00+00:00,1947.39,1945.78,10.0,True,99.901107,0.513,-0.00731334745774281,-0.73017314,1680,b434_stop,-0.35778541141544173
AVAX/USDT:USDT,2026-02-27 16:00:00+00:00,2026-02-28 20:00:00+00:00,9.011,8.927,10.0,True,99.121,110.0,0.07801401162324498,7.72818715,1680,b434_stop,-0.327904851921416
LINK/USDT:USDT,2026-02-27 16:00:00+00:00,2026-02-28 20:00:00+00:00,8.81,8.682,10.0,True,99.9935,113.5,0.1322400350659575,13.21521006,1680,b434_stop,-0.12158473846861115
ONDO/USDT:USDT,2026-02-27 16:00:00+00:00,2026-02-28 20:00:00+00:00,0.2588,0.257,10.0,True,99.997732,3863.9,0.05558925516094503,5.55546416,1680,b434_stop,-0.20375606977553273
PENGU/USDT:USDT,2026-02-27 16:00:00+00:00,2026-02-28 20:00:00+00:00,0.006868,0.006791,10.0,True,99.9994536,145602.0,0.09728600405421625,9.72271012,1680,b434_stop,-0.2953772493143058
SAND/USDT:USDT,2026-02-27 20:00:00+00:00,2026-02-28 20:00:00+00:00,0.08338,0.08263,10.0,True,99.997634,11993.0,0.07160694096827214,7.15622836,1440,b434_stop,-0.6439468798038062
AXS/USDT:USDT,2026-02-27 20:00:00+00:00,2026-02-28 20:00:00+00:00,1.308,1.298,10.0,True,99.9312,764.0,0.029196270944756197,2.91586782,1440,b434_stop,-3.529541782523008
STRK/USDT:USDT,2026-02-27 12:00:00+00:00,2026-03-01 00:00:00+00:00,0.04199,0.04165,10.0,True,99.9996049,23815.1,0.06090831779505138,6.08715323,2160,b434_stop,-0.8148437943689315
ZEC/USDT:USDT,2026-02-27 12:00:00+00:00,2026-03-01 00:00:00+00:00,226.24,220.13,10.0,True,99.99808,4.42,0.24607039825586904,24.59180343,2160,b434_stop,-1.230623327428121
XRP/USDT:USDT,2026-02-27 12:00:00+00:00,2026-03-01 00:00:00+00:00,1.3816,1.3752,10.0,True,99.986392,723.7,0.025334395473317277,2.53157494,2160,b434_stop,-0.9030473687470806
DOGE/USDT:USDT,2026-02-27 12:00:00+00:00,2026-03-01 00:00:00+00:00,0.09496,0.09399,10.0,True,99.99288,10530.0,0.08641805540700986,8.63600553,2160,b434_stop,-0.38430837203311796
LTC/USDT:USDT,2026-02-27 12:00:00+00:00,2026-03-01 00:00:00+00:00,54.62,54.38,10.0,True,99.998296,18.308,0.030916222329738886,3.08971461,2160,b434_stop,-0.10686219295226698
ADA/USDT:USDT,2026-02-27 16:00:00+00:00,2026-03-01 00:00:00+00:00,0.2804,0.2808,10.0,True,99.99064,3566.0,-0.02584445376170459,-2.58265295,1920,b434_stop,0.04449057012306241
ENA/USDT:USDT,2026-02-27 16:00:00+00:00,2026-03-01 00:00:00+00:00,0.1043,0.1041,10.0,True,99.99241,9587.0,0.006886834297675365,0.68821798,1920,b434_stop,-0.0304235439174323
FET/USDT:USDT,2026-02-27 16:00:00+00:00,2026-03-01 00:00:00+00:00,0.1593,0.1566,10.0,True,99.99261,6277.0,0.1365117549187085,13.64197657,1920,b434_stop,-2.116180845565384
FIL/USDT:USDT,2026-02-27 16:00:00+00:00,2026-03-01 00:00:00+00:00,1.002,1.004,10.0,True,99.9996,998.0,-0.029621393750734096,-2.96035025,1920,b434_stop,0.23684254501934382
AAVE/USDT:USDT,2026-02-27 20:00:00+00:00,2026-03-01 00:00:00+00:00,112.31,111.83,10.0,True,99.9559,8.9,0.02859923023131448,2.8569466,1680,b434_stop,-0.21814580303125794
ARB/USDT:USDT,2026-02-28 04:00:00+00:00,2026-03-01 00:00:00+00:00,0.0987,0.0996,10.0,True,99.999879,10131.7,-0.10498691860911649,-10.49237995,1200,b434_stop,-0.1683802882352886
BEAMX/USDT:USDT,2026-03-01 00:00:00+00:00,2026-03-01 00:00:00+00:00,0.001912,0.001912,10.0,False,99.9998944,523012.0,-0.01249222486478566,-1.2499707,0,b434_stop,-0.049971966058
HYPE/USDT:USDT,2026-02-15 16:00:00+00:00,2026-03-01 04:00:00+00:00,30.945,30.892,10.0,True,99.983295,32.31,0.020235559057364863,2.02200394,19440,b434_stop,1.5083460230651713
LIT/USDT:USDT,2026-02-27 08:00:00+00:00,2026-03-01 04:00:00+00:00,1.397,1.412,10.0,True,99.99726,715.8,-0.11368096546882006,-11.36096439,2640,b434_stop,0.5824449335565
BTC/USDT:USDT,2026-03-01 04:00:00+00:00,2026-03-01 04:00:00+00:00,67474.8,67474.8,10.0,False,94.46472,0.014,-0.011992804317409556,-1.13357664,0,b434_stop,0.0
ETH/USDT:USDT,2026-03-01 04:00:00+00:00,2026-03-01 04:00:00+00:00,2022.29,2022.29,10.0,False,99.901126,0.494,-0.011992804297401764,-1.19881351,0,b434_stop,0.0
SOL/USDT:USDT,2026-03-01 04:00:00+00:00,2026-03-01 04:00:00+00:00,87.99,87.99,10.0,False,99.95664,11.36,-0.011992804317409556,-1.19947968,0,b434_stop,0.0
ZEC/USDT:USDT,2026-03-01 04:00:00+00:00,2026-03-01 04:00:00+00:00,230.62,230.62,10.0,False,99.996832,4.336,-0.011992804277432274,-1.19996198,0,b434_stop,0.0
XRP/USDT:USDT,2026-03-01 04:00:00+00:00,2026-03-01 04:00:00+00:00,1.4182,1.4182,10.0,False,99.997282,705.1,-0.011992804277432451,-1.19996738,0,b434_stop,0.0
QNT/USDT:USDT,2026-03-01 04:00:00+00:00,2026-03-01 04:00:00+00:00,64.34,64.34,10.0,False,99.727,15.5,-0.011992804317409553,-1.196724,0,b434_stop,0.0
STRK/USDT:USDT,2026-03-01 04:00:00+00:00,2026-03-01 04:00:00+00:00,0.04223,0.04223,10.0,False,99.9997954,23679.8,-0.012492361058071503,-1.24998309,0,b434_stop,-0.0499855477412
ENA/USDT:USDT,2026-03-01 04:00:00+00:00,2026-03-01 04:00:00+00:00,0.1064,0.1064,10.0,False,99.99472,9398.0,-0.01249252848417676,-1.2499364,0,b434_stop,-0.04999976118900001
AAVE/USDT:USDT,2026-03-01 04:00:00+00:00,2026-03-01 04:00:00+00:00,116.13,116.13,10.0,False,99.8718,8.6,-0.011992804317409553,-1.1984616,0,b434_stop,0.0
MOVR/USDT:USDT,2026-03-01 04:00:00+00:00,2026-03-01 04:00:00+00:00,1.276,1.276,10.0,False,99.998844,783.69,-0.01249230901233144,-1.24996599,0,b434_stop,-0.049979859922065
TRUMP/USDT:USDT,2026-03-01 04:00:00+00:00,2026-03-01 04:00:00+00:00,3.58,3.58,10.0,False,99.99656,279.32,-0.011838610726122231,-1.18453064,0,b434_stop,0.015428079435195304
1000SHIB/USDT:USDT,2026-03-01 04:00:00+00:00,2026-03-01 04:00:00+00:00,0.005844,0.005844,10.0,False,99.999606,171115.0,-0.011992804297421469,-1.19999527,0,b434_stop,0.0
LIT/USDT:USDT,2026-03-01 04:00:00+00:00,2026-03-01 08:00:00+00:00,1.412,1.439,10.0,False,99.99784,708.2,0.17798723029271318,17.80901758,240,b434_stop,-0.10093549680000001
BNB/USDT:USDT,2026-03-01 04:00:00+00:00,2026-03-01 08:00:00+00:00,628.77,625.67,10.0,False,99.97443,1.59,-0.06123628334251577,-6.12573576,240,b434_stop,0.0
TAO/USDT:USDT,2026-03-01 04:00:00+00:00,2026-03-01 08:00:00+00:00,183.3,182.53,10.0,False,99.99015,5.455,-0.054195342138862075,-5.42225179,240,b434_stop,-0.024540199595315636
ONDO/USDT:USDT,2026-03-01 04:00:00+00:00,2026-03-01 08:00:00+00:00,0.266,0.2638,10.0,False,99.99738,3759.3,-0.09538207946221088,-9.54368082,240,b434_stop,-0.07821453382928209
PENGU/USDT:USDT,2026-03-01 04:00:00+00:00,2026-03-01 08:00:00+00:00,0.007056,0.006998,10.0,False,99.9997488,141723.0,-0.09476623645374538,-9.4822858,240,b434_stop,-0.06728677349220719
VIRTUAL/USDT:USDT,2026-03-01 04:00:00+00:00,2026-03-01 08:00:00+00:00,0.7272,0.7168,10.0,False,99.997272,1375.1,-0.15123262862430997,-15.13192401,240,b434_stop,0.36050262653276166
DOGE/USDT:USDT,2026-03-01 08:00:00+00:00,2026-03-01 08:00:00+00:00,0.09481,0.09481,10.0,False,99.996107,10547.0,-0.012581888673609654,-1.25889477,0,b434_stop,-0.058941487619999997
ADA/USDT:USDT,2026-03-01 08:00:00+00:00,2026-03-01 08:00:00+00:00,0.2827,0.2827,10.0,False,99.99099,3537.0,-0.012991851157434299,-1.2998475,0,b434_stop,-0.09995562000000001
SAND/USDT:USDT,2026-03-01 08:00:00+00:00,2026-03-01 08:00:00+00:00,0.0856,0.0856,10.0,False,99.99792,11682.0,-0.010148195491820618,-1.01540732,0,b434_stop,0.18456772049100004
WLD/USDT:USDT,2026-03-01 08:00:00+00:00,2026-03-01 08:00:00+00:00,0.3959,0.3959,10.0,False,99.96475,2525.0,-0.012162659414197452,-1.21656671,0,b434_stop,-0.016989715
FET/USDT:USDT,2026-03-01 08:00:00+00:00,2026-03-01 08:00:00+00:00,0.1587,0.1587,10.0,False,99.99687,6301.0,-0.01019438114689224,-1.02001785,0,b434_stop,0.17994459160146567
LINK/USDT:USDT,2026-03-01 08:00:00+00:00,2026-03-01 08:00:00+00:00,8.974,8.974,10.0,False,99.997282,111.43,-0.012991981944775636,-1.29994238,0,b434_stop,-0.09997499600000001
ARB/USDT:USDT,2026-03-01 08:00:00+00:00,2026-03-01 08:00:00+00:00,0.1021,0.1021,10.0,False,99.999803,9794.3,-0.012743054186367217,-1.27506749,0,b434_stop,-0.07506985211209999
XLM/USDT:USDT,2026-03-01 08:00:00+00:00,2026-03-01 08:00:00+00:00,0.16077,0.16077,10.0,False,99.99894,6220.0,-0.012992142513832372,-1.29998,0,b434_stop,-0.09999272
ORCA/USDT:USDT,2026-02-28 20:00:00+00:00,2026-03-01 12:00:00+00:00,0.886,0.88,10.0,False,99.99396,1128.6,-0.06700781990874063,-6.70439749,960,b434_stop,1.2630670742473382
AVAX/USDT:USDT,2026-03-01 08:00:00+00:00,2026-03-01 12:00:00+00:00,9.214,9.121,10.0,False,99.5112,108.0,-0.11380441108028909,-11.3316084,240,b434_stop,-0.0995004
MUBARAK/USDT:USDT,2026-03-01 00:00:00+00:00,2026-03-01 16:00:00+00:00,0.01357,0.0135,10.0,False,99.998687,73691.0,-0.0652924435380347,-6.53307612,960,b434_stop,-0.1778168993307297
NEAR/USDT:USDT,2026-03-01 04:00:00+00:00,2026-03-01 16:00:00+00:00,1.151,1.152,10.0,False,99.9068,868.0,-0.0036551841651218057,-0.36539686,720,b434_stop,-0.03399446076074722
QNT/USDT:USDT,2026-03-01 20:00:00+00:00,2026-03-01 20:00:00+00:00,61.96,61.96,10.0,True,99.7556,16.1,-0.012007204322593557,-1.1970672,0,b434_stop,0.0
TAO/USDT:USDT,2026-03-01 20:00:00+00:00,2026-03-01 20:00:00+00:00,175.15,175.15,10.0,True,99.993135,5.709,-0.012324088494142403,-1.23158485,0,b434_stop,-0.03166722994430556
PENGU/USDT:USDT,2026-03-01 20:00:00+00:00,2026-03-01 20:00:00+00:00,0.006654,0.006654,10.0,True,99.999639,150285.0,-0.012032819704238588,-1.20255566,0,b434_stop,-0.0025599907583999998
MOVR/USDT:USDT,2026-03-01 20:00:00+00:00,2026-03-01 20:00:00+00:00,1.195,1.195,10.0,True,99.99999,836.82,-0.011506066789990308,-1.1499162,0,b434_stop,0.05008367700000001
1000SHIB/USDT:USDT,2026-03-01 20:00:00+00:00,2026-03-01 20:00:00+00:00,0.005507,0.005507,10.0,True,99.9999609,181587.0,-0.012007204314588748,-1.19999953,0,b434_stop,0.0
ADA/USDT:USDT,2026-03-01 20:00:00+00:00,2026-03-02 00:00:00+00:00,0.2734,0.2734,10.0,True,99.98238,3657.0,-0.011223867779583212,-1.1215157,240,b434_stop,0.0782728589710983
SAND/USDT:USDT,2026-03-01 20:00:00+00:00,2026-03-02 00:00:00+00:00,0.08178,0.08246,10.0,True,99.992406,12227.0,-0.0942481605072901,-9.41844587,240,b434_stop,0.100811615
FET/USDT:USDT,2026-03-01 20:00:00+00:00,2026-03-02 00:00:00+00:00,0.1503,0.1505,10.0,True,99.99459,6653.0,-0.0269008719871645,-2.6883277,240,b434_stop,-0.156994260642
ONDO/USDT:USDT,2026-03-01 20:00:00+00:00,2026-03-02 00:00:00+00:00,0.2517,0.2518,10.0,True,99.997893,3972.9,-0.015192692433423607,-1.51832569,240,b434_stop,0.07917740003234999
XLM/USDT:USDT,2026-03-01 20:00:00+00:00,2026-03-02 00:00:00+00:00,0.1542,0.15411,10.0,True,99.9987,6485.0,-0.005719141889368876,-0.57156361,240,b434_stop,0.044420596325
DOGE/USDT:USDT,2026-03-02 00:00:00+00:00,2026-03-02 00:00:00+00:00,0.09186,0.09186,10.0,True,99.998796,10886.0,-0.011961181735261672,-1.19538611,0,b434_stop,0.00459944386
STRK/USDT:USDT,2026-03-02 00:00:00+00:00,2026-03-02 00:00:00+00:00,0.04017,0.04017,10.0,True,99.9995997,24894.1,-0.012571743040316767,-1.25641497,0,b434_stop,-0.05641977415073999
LYN/USDT:USDT,2026-03-02 00:00:00+00:00,2026-03-02 00:00:00+00:00,0.33657,0.33657,10.0,False,99.994947,2971.0,-0.012492504522287892,-1.24993684,0,b434_stop,-0.0499974735
LINK/USDT:USDT,2026-03-02 00:00:00+00:00,2026-03-02 00:00:00+00:00,8.669,8.669,10.0,True,99.996915,115.35,-0.011276463848491475,-1.12693503,0,b434_stop,0.07302794642082852
VIRTUAL/USDT:USDT,2026-03-02 00:00:00+00:00,2026-03-02 00:00:00+00:00,0.6846,0.6846,10.0,True,99.999522,1460.7,-0.013518010783792167,-1.35098354,0,b434_stop,-0.15098927826779998
DOGE/USDT:USDT,2026-03-02 04:00:00+00:00,2026-03-02 04:00:00+00:00,0.09323,0.09323,10.0,False,99.998498,10726.0,-0.011992804357386169,-1.19998198,0,b434_stop,0.0
STRK/USDT:USDT,2026-03-02 04:00:00+00:00,2026-03-02 04:00:00+00:00,0.04045,0.04045,10.0,False,99.999681,24721.8,-0.011786778955011753,-1.17938134,0,b434_stop,0.020614836587039997
TAO/USDT:USDT,2026-03-02 04:00:00+00:00,2026-03-02 04:00:00+00:00,180.59,180.59,10.0,False,99.992683,5.537,-0.012240541952667348,-1.22469901,0,b434_stop,-0.0247868134934
SOL/USDT:USDT,2026-03-02 08:00:00+00:00,2026-03-02 08:00:00+00:00,82.9,82.9,10.0,True,99.9774,12.06,-0.012865719439665607,-1.28550941,0,b434_stop,-0.08578060920000001
WLD/USDT:USDT,2026-03-01 16:00:00+00:00,2026-03-02 12:00:00+00:00,0.3895,0.3855,10.0,True,99.98465,2567.0,0.09106241053949349,9.09938034,1200,b434_stop,0.02503534354614681
ETH/USDT:USDT,2026-03-02 08:00:00+00:00,2026-03-02 12:00:00+00:00,1940.27,1946.55,10.0,True,99.923905,0.515,-0.04484395130112041,-4.47829414,240,b434_stop,-0.043066759125
DOGE/USDT:USDT,2026-03-02 08:00:00+00:00,2026-03-02 12:00:00+00:00,0.09169,0.09179,10.0,True,99.997114,10906.0,-0.022556192296504553,-2.2542008,240,b434_stop,0.0370189316028
STRK/USDT:USDT,2026-03-02 08:00:00+00:00,2026-03-02 12:00:00+00:00,0.03978,0.03992,10.0,True,99.9997596,25138.2,-0.049223264820621365,-4.91936126,240,b434_stop,-0.19790453660437443
TAO/USDT:USDT,2026-03-02 08:00:00+00:00,2026-03-02 12:00:00+00:00,175.82,178.71,10.0,True,99.988834,5.687,-0.17667690905245004,-17.6551187,240,b434_stop,-0.009961433936300002
AVAX/USDT:USDT,2026-03-02 08:00:00+00:00,2026-03-02 12:00:00+00:00,8.93,8.972,10.0,True,99.123,111.0,-0.05809566366919816,-5.7551613,240,b434_stop,0.0991119
XRP/USDT:USDT,2026-03-02 12:00:00+00:00,2026-03-02 12:00:00+00:00,1.3508,1.3508,10.0,True,99.999724,740.3,-0.01200720434260562,-1.19999669,0,b434_stop,0.0
ETH/USDT:USDT,2026-03-02 16:00:00+00:00,2026-03-02 16:00:00+00:00,2046.39,2046.39,10.0,False,99.863832,0.488,-0.011319600061178405,-1.13109689,0,b434_stop,0.06726909291142395
SOL/USDT:USDT,2026-03-02 16:00:00+00:00,2026-03-02 16:00:00+00:00,88.74,88.74,10.0,False,99.92124,11.26,-0.011850464947279826,-1.18482362,0,b434_stop,0.014231259061691422
ADA/USDT:USDT,2026-03-02 16:00:00+00:00,2026-03-02 16:00:00+00:00,0.2841,0.2841,10.0,False,99.97479,3519.0,-0.012019497734807288,-1.20236775,0,b434_stop,-0.002670266466
SAND/USDT:USDT,2026-03-02 16:00:00+00:00,2026-03-02 16:00:00+00:00,0.08747,0.08747,10.0,False,99.995704,11432.0,-0.012992013963423966,-1.29992507,0,b434_stop,-0.09997662399200001
QNT/USDT:USDT,2026-03-02 16:00:00+00:00,2026-03-02 16:00:00+00:00,63.84,63.84,10.0,False,99.5904,15.6,-0.011953128111886806,-1.19113106,0,b434_stop,0.00395373888
STRK/USDT:USDT,2026-03-02 16:00:00+00:00,2026-03-02 16:00:00+00:00,0.04187,0.04187,10.0,False,99.9997958,23883.4,-0.011390520760942494,-1.13973318,0,b434_stop,0.06026436870967136
UNI/USDT:USDT,2026-03-02 16:00:00+00:00,2026-03-02 16:00:00+00:00,3.982,3.982,10.0,False,99.9482,251.0,-0.012225752788035345,-1.22267515,0,b434_stop,-0.0232967490561414
TAO/USDT:USDT,2026-03-02 16:00:00+00:00,2026-03-02 16:00:00+00:00,188.33,188.33,10.0,False,99.984397,5.309,-0.011864071618814052,-1.18693378,0,b434_stop,0.01287898557735123
AVAX/USDT:USDT,2026-03-02 16:00:00+00:00,2026-03-02 16:00:00+00:00,9.31,9.31,10.0,False,99.617,107.0,-0.012376840336265228,-1.23368347,0,b434_stop,-0.0382794667873821
LINK/USDT:USDT,2026-03-02 16:00:00+00:00,2026-03-02 16:00:00+00:00,9.102,9.102,10.0,False,99.994572,109.86,-0.012320756917797231,-1.23274802,0,b434_stop,-0.032813153642735404
ONDO/USDT:USDT,2026-03-02 16:00:00+00:00,2026-03-02 16:00:00+00:00,0.2653,0.2653,10.0,False,99.999529,3769.3,-0.011853402221689166,-1.18604584,0,b434_stop,0.013948506175577401
LTC/USDT:USDT,2026-03-02 16:00:00+00:00,2026-03-02 16:00:00+00:00,54.99,54.99,10.0,False,99.999315,18.185,-0.012478364509377341,-1.2485766,0,b434_stop,-0.04858482054997191
PENGU/USDT:USDT,2026-03-02 16:00:00+00:00,2026-03-02 16:00:00+00:00,0.007322,0.007322,10.0,False,99.9994828,136574.0,-0.011998600033973048,-1.20057371,0,b434_stop,-0.00057991778732
FIL/USDT:USDT,2026-03-02 16:00:00+00:00,2026-03-02 16:00:00+00:00,1.02,1.02,10.0,False,99.9906,980.3,-0.012992461147434204,-1.29990346,0,b434_stop,-0.10001625543130001
VIRTUAL/USDT:USDT,2026-03-02 16:00:00+00:00,2026-03-02 16:00:00+00:00,0.7821,0.7821,10.0,False,99.999306,1278.6,-0.011310501041349345,-1.13172088,0,b434_stop,0.068270795856
1000SHIB/USDT:USDT,2026-03-02 16:00:00+00:00,2026-03-02 16:00:00+00:00,0.005705,0.005705,10.0,False,99.999522,175284.0,-0.010287578357115051,-1.02937017,0,b434_stop,0.1706240968055568
COLLECT/USDT:USDT,2026-02-28 16:00:00+00:00,2026-03-02 20:00:00+00:00,0.0416,0.04079,10.0,False,99.99808,24038.0,-0.2137788768910343,-21.39030372,3120,b434_stop,-0.73122923008114
DOGE/USDT:USDT,2026-03-02 16:00:00+00:00,2026-03-02 20:00:00+00:00,0.09563,0.09549,10.0,False,99.990728,10456.0,-0.026573728357428498,-2.65872072,240,b434_stop,0.004129711637783201
MOVR/USDT:USDT,2026-03-02 16:00:00+00:00,2026-03-02 20:00:00+00:00,1.25,1.253,10.0,False,100.0,800.0,0.011059100339796122,1.10657358,240,b434_stop,-0.09198641502936
XLM/USDT:USDT,2026-03-02 20:00:00+00:00,2026-03-02 20:00:00+00:00,0.15839,0.15839,10.0,False,99.991607,6313.0,-0.011992804277430184,-1.19989928,0,b434_stop,0.0
XRP/USDT:USDT,2026-03-02 16:00:00+00:00,2026-03-03 00:00:00+00:00,1.3997,1.3894,10.0,False,99.994568,714.4,-0.08528575255018167,-8.53322885,480,b434_stop,0.020610971538318236
FET/USDT:USDT,2026-03-02 20:00:00+00:00,2026-03-03 00:00:00+00:00,0.1528,0.1516,10.0,False,99.99232,6544.0,-0.0879557553018273,-8.80017697,240,b434_stop,0.24781918592000005
WLD/USDT:USDT,2026-03-02 16:00:00+00:00,2026-03-03 04:00:00+00:00,0.4018,0.4024,10.0,False,99.96784,2488.0,0.0017484475695770728,0.1748934,720,b434_stop,-0.117396840859888
LIT/USDT:USDT,2026-03-03 04:00:00+00:00,2026-03-03 04:00:00+00:00,1.331,1.331,10.0,True,99.99803,751.3,-0.011506744293428921,-1.14996137,0,b434_stop,0.050014992521449995
US/USDT:USDT,2026-03-03 08:00:00+00:00,2026-03-03 08:00:00+00:00,0.002962,0.002962,10.0,False,99.9997858,337609.0,-0.012492673171458643,-1.2500142,0,b434_stop,-0.05001677335
SAND/USDT:USDT,2026-03-03 12:00:00+00:00,2026-03-03 12:00:00+00:00,0.08259,0.08259,10.0,True,99.999972,12108.0,-0.01200720428256953,-1.19999966,0,b434_stop,0.0
AVAX/USDT:USDT,2026-03-03 12:00:00+00:00,2026-03-03 12:00:00+00:00,9.009,9.009,10.0,True,99.9999,111.0,-0.012007204322593555,-1.1999988,0,b434_stop,0.0
ONDO/USDT:USDT,2026-03-03 12:00:00+00:00,2026-03-03 12:00:00+00:00,0.2501,0.2501,10.0,True,99.999984,3998.4,-0.01226621859257296,-1.22588569,0,b434_stop,-0.025885879893444482
LTC/USDT:USDT,2026-03-03 12:00:00+00:00,2026-03-03 12:00:00+00:00,53.43,53.43,10.0,True,99.999588,18.716,-0.012007204362617735,-1.19999506,0,b434_stop,0.0
ARB/USDT:USDT,2026-03-03 12:00:00+00:00,2026-03-03 12:00:00+00:00,0.0997,0.0997,10.0,True,99.9991,10030.0,-0.012007204322593557,-1.1999892,0,b434_stop,0.0
FIL/USDT:USDT,2026-03-03 12:00:00+00:00,2026-03-03 12:00:00+00:00,0.982,0.982,10.0,True,99.99706,1018.3,-0.012007204322593557,-1.19996472,0,b434_stop,0.0
COLLECT/USDT:USDT,2026-03-03 00:00:00+00:00,2026-03-03 16:00:00+00:00,0.0386,0.03887,10.0,True,99.99716,25906.0,-0.08028871135809779,-8.02382593,960,b434_stop,0.17495676683800002
FET/USDT:USDT,2026-03-03 04:00:00+00:00,2026-03-03 16:00:00+00:00,0.1484,0.148,10.0,True,99.99192,6738.0,0.005158658064318445,0.51551463,720,b434_stop,-0.9813994466382839
1000SHIB/USDT:USDT,2026-03-03 08:00:00+00:00,2026-03-03 16:00:00+00:00,0.005415,0.005454,10.0,True,99.999888,184672.0,-0.08840258930507652,-8.83494488,480,b434_stop,-0.4284168949093824
DOGE/USDT:USDT,2026-03-03 12:00:00+00:00,2026-03-03 16:00:00+00:00,0.09,0.09014,10.0,True,99.999,11111.0,-0.02933191809404586,-2.93140258,240,b434_stop,-0.17494125505328847
LINK/USDT:USDT,2026-03-03 12:00:00+00:00,2026-03-03 16:00:00+00:00,8.668,8.741,10.0,True,99.994048,115.36,-0.09685565988589863,-9.67917851,240,b434_stop,-0.05291716205080413
TRUMP/USDT:USDT,2026-03-03 12:00:00+00:00,2026-03-03 16:00:00+00:00,3.408,3.407,10.0,True,99.997536,293.42,-0.010649387175764928,-1.06427353,240,b434_stop,-0.15789915221620487
ORCA/USDT:USDT,2026-03-03 12:00:00+00:00,2026-03-03 16:00:00+00:00,0.846,0.855,10.0,True,99.9972,1182.0,-0.12311120016543574,-12.30338884,240,b434_stop,-0.459039635095332
ETH/USDT:USDT,2026-03-03 16:00:00+00:00,2026-03-03 16:00:00+00:00,1968.09,1968.09,10.0,True,99.978972,0.508,-0.012961074664306125,-1.29505742,0,b434_stop,-0.09530975498050728
SOL/USDT:USDT,2026-03-03 16:00:00+00:00,2026-03-03 16:00:00+00:00,84.97,84.97,10.0,True,99.92472,11.76,-0.013494646562607937,-1.34763971,0,b434_stop,-0.14854307428799998
UNI/USDT:USDT,2026-03-03 16:00:00+00:00,2026-03-03 16:00:00+00:00,3.843,3.843,10.0,True,99.918,260.0,-0.011811907897756126,-1.17951408,0,b434_stop,0.019501920331504
TAO/USDT:USDT,2026-03-03 16:00:00+00:00,2026-03-03 16:00:00+00:00,180.24,180.24,10.0,True,99.997152,5.548,-0.013268200772094231,-1.32598622,0,b434_stop,-0.1260203933048
AAVE/USDT:USDT,2026-03-03 16:00:00+00:00,2026-03-03 20:00:00+00:00,109.9,109.82,10.0,True,98.91,9.0,-0.00797677362862971,-0.78850929,240,b434_stop,-0.322021287
LYN/USDT:USDT,2026-03-03 20:00:00+00:00,2026-03-03 20:00:00+00:00,0.29667,0.29667,10.0,True,99.97779,3370.0,-0.011506988461793159,-1.14975301,0,b434_stop,0.049980470000000006
SOL/USDT:USDT,2026-03-04 00:00:00+00:00,2026-03-04 00:00:00+00:00,86.91,86.91,10.0,False,99.9465,11.5,-0.012023491532591165,-1.20242692,0,b434_stop,-0.0030689174417565497
TAO/USDT:USDT,2026-03-04 00:00:00+00:00,2026-03-04 00:00:00+00:00,182.88,182.88,10.0,False,99.998784,5.468,-0.012456700643977532,-1.24640231,0,b434_stop,-0.0464168972872
AVAX/USDT:USDT,2026-03-03 16:00:00+00:00,2026-03-04 04:00:00+00:00,9.158,9.168,10.0,False,99.8222,109.0,-0.0007867047774845334,-0.07857772,720,b434_stop,0.02994267728877409
ARB/USDT:USDT,2026-03-03 20:00:00+00:00,2026-03-04 04:00:00+00:00,0.1034,0.1026,10.0,False,99.999174,9671.1,-0.08941586929664747,-8.94687798,480,b434_stop,-0.0146500240575
SOL/USDT:USDT,2026-03-04 04:00:00+00:00,2026-03-04 04:00:00+00:00,85.71,85.71,10.0,True,99.93786,11.66,-0.012007204322593557,-1.19925432,0,b434_stop,0.0
BNB/USDT:USDT,2026-03-04 04:00:00+00:00,2026-03-04 04:00:00+00:00,629.14,629.14,10.0,True,99.40412,1.58,-0.012007204322593557,-1.19284944,0,b434_stop,0.0
QNT/USDT:USDT,2026-03-04 04:00:00+00:00,2026-03-04 04:00:00+00:00,61.98,61.98,10.0,True,99.7878,16.1,-0.012007204322593557,-1.1974536,0,b434_stop,0.0
TAO/USDT:USDT,2026-03-04 04:00:00+00:00,2026-03-04 04:00:00+00:00,178.37,178.37,10.0,True,99.994222,5.606,-0.012838023449996343,-1.28295793,0,b434_stop,-0.08302726942219843
XLM/USDT:USDT,2026-03-03 04:00:00+00:00,2026-03-04 08:00:00+00:00,0.15281,0.15185,10.0,True,99.998864,6544.0,0.04273424611742973,4.27081204,1680,b434_stop,-0.815210939766016
XRP/USDT:USDT,2026-03-03 20:00:00+00:00,2026-03-04 08:00:00+00:00,1.3621,1.3743,10.0,True,99.991761,734.1,-0.10150725832009523,-10.14379958,720,b434_stop,0.01749516127707982
HYPE/USDT:USDT,2026-03-03 20:00:00+00:00,2026-03-04 08:00:00+00:00,31.775,32.177,10.0,True,99.995925,31.47,-0.1368775280294293,-13.67898271,720,b434_stop,0.17949895089465
WLD/USDT:USDT,2026-03-04 00:00:00+00:00,2026-03-04 08:00:00+00:00,0.3929,0.3937,10.0,True,99.99305,2545.0,-0.03262891149562071,-3.26070678,480,b434_stop,-0.023568580672796498
VIRTUAL/USDT:USDT,2026-03-04 00:00:00+00:00,2026-03-04 08:00:00+00:00,0.7412,0.7469,10.0,True,99.995292,1349.1,-0.09520084567398523,-9.51392458,480,b434_stop,-0.6194971561511776
PENGU/USDT:USDT,2026-03-04 04:00:00+00:00,2026-03-04 08:00:00+00:00,0.006928,0.007007,10.0,True,99.9994448,144341.0,-0.1260560963013094,-12.59797632,240,b434_stop,0.0117977828817176
BCH/USDT:USDT,2026-02-27 16:00:00+00:00,2026-03-04 12:00:00+00:00,465.37,458.23,10.0,True,99.961476,2.148,0.11768410308374792,11.75681832,6960,b434_stop,-2.38956600265804
ADA/USDT:USDT,2026-03-03 04:00:00+00:00,2026-03-04 12:00:00+00:00,0.2733,0.2686,10.0,True,99.97314,3658.0,0.15581857860565473,15.56832597,1920,b434_stop,-0.4349119098645392
COLLECT/USDT:USDT,2026-03-04 00:00:00+00:00,2026-03-04 12:00:00+00:00,0.04061,0.04146,10.0,False,99.998064,24624.0,0.19483344617100057,19.4946572,720,b434_stop,-0.22320779662620002
DOGE/USDT:USDT,2026-03-04 16:00:00+00:00,2026-03-04 16:00:00+00:00,0.099,0.099,10.0,False,99.9999,10101.0,-0.012837712018203723,-1.28454018,0,b434_stop,-0.08454137505449999
XLM/USDT:USDT,2026-03-04 16:00:00+00:00,2026-03-04 16:00:00+00:00,0.16035,0.16035,10.0,False,99.99426,6236.0,-0.01210588396428762,-1.21124522,0,b434_stop,-0.011314103164318402
DOT/USDT:USDT,2026-03-04 16:00:00+00:00,2026-03-04 16:00:00+00:00,1.555,1.555,10.0,False,99.9865,643.0,-0.009523585804011584,-0.95280135,0,b434_stop,0.24703664555
VIRTUAL/USDT:USDT,2026-03-04 16:00:00+00:00,2026-03-04 16:00:00+00:00,0.7807,0.7807,10.0,False,99.999863,1280.9,-0.010363557971810182,-1.03697619,0,b434_stop,0.16302216588514976
ADA/USDT:USDT,2026-03-04 16:00:00+00:00,2026-03-04 20:00:00+00:00,0.2808,0.2821,10.0,False,99.99288,3561.0,0.033746818024292816,3.37646619,240,b434_stop,-0.0501416736240855
AAVE/USDT:USDT,2026-03-04 20:00:00+00:00,2026-03-04 20:00:00+00:00,117.59,117.59,10.0,False,99.9515,8.5,-0.011992804317409556,-1.199418,0,b434_stop,0.0
TRUMP/USDT:USDT,2026-03-04 20:00:00+00:00,2026-03-04 20:00:00+00:00,3.476,3.476,10.0,False,99.997568,287.68,-0.010430195697138486,-1.04362,0,b434_stop,0.15635081129385245
AXS/USDT:USDT,2026-03-04 20:00:00+00:00,2026-03-04 20:00:00+00:00,1.245,1.245,10.0,False,99.9735,803.0,-0.008392145765519728,-0.83949558,0,b434_stop,0.36018642238963994
LIT/USDT:USDT,2026-03-05 00:00:00+00:00,2026-03-05 00:00:00+00:00,1.371,1.371,10.0,False,99.98703,729.3,-0.012492271256976394,-1.24981454,0,b434_stop,-0.0499701774
AIN/USDT:USDT,2026-03-05 04:00:00+00:00,2026-03-05 04:00:00+00:00,0.04015,0.04015,10.0,False,99.99759,24906.0,-0.012492006634013886,-1.24992006,0,b434_stop,-0.049948983
COLLECT/USDT:USDT,2026-03-05 04:00:00+00:00,2026-03-05 04:00:00+00:00,0.03624,0.03624,10.0,True,99.997032,27593.0,-0.011442303986209486,-1.14350992,0,b434_stop,0.0564544622736596
ORCA/USDT:USDT,2026-03-03 16:00:00+00:00,2026-03-05 08:00:00+00:00,0.855,0.9,10.0,False,99.99225,1169.5,0.5570962676051527,55.73873245,2400,b434_limit,4.34271594901434
ARB/USDT:USDT,2026-03-05 08:00:00+00:00,2026-03-05 08:00:00+00:00,0.1024,0.1024,10.0,True,99.999744,9765.6,-0.012895803875775434,-1.28880334,0,b434_stop,-0.08880641328
DOT/USDT:USDT,2026-03-05 08:00:00+00:00,2026-03-05 08:00:00+00:00,1.516,1.516,10.0,True,99.99536,659.6,-0.012671540631088246,-1.26633501,0,b434_stop,-0.06639068582
TAO/USDT:USDT,2026-03-04 08:00:00+00:00,2026-03-05 16:00:00+00:00,186.43,187.22,10.0,False,99.982409,5.363,0.03030252020251711,3.0315368,1920,b434_stop,-0.0029022328010811305
SAND/USDT:USDT,2026-03-04 12:00:00+00:00,2026-03-05 16:00:00+00:00,0.08551,0.08465,10.0,False,99.995394,11694.0,-0.10237114245847545,-10.24278471,1680,b434_stop,1.0079659127723755
AXS/USDT:USDT,2026-03-05 16:00:00+00:00,2026-03-05 20:00:00+00:00,1.189,1.198,10.0,True,99.9949,841.0,-0.10840210495322014,-10.83315385,240,b434_stop,-2.059673653185278
ENA/USDT:USDT,2026-03-05 20:00:00+00:00,2026-03-05 20:00:00+00:00,0.1151,0.1151,10.0,True,99.99888,8688.0,-0.011783475981334833,-1.1776274,0,b434_stop,0.022359158783999997
TAO/USDT:USDT,2026-03-05 20:00:00+00:00,2026-03-05 20:00:00+00:00,185.96,185.96,10.0,True,99.990692,5.377,-0.013282522308759452,-1.32733172,0,b434_stop,-0.12744341181358015
LIT/USDT:USDT,2026-03-05 20:00:00+00:00,2026-03-05 20:00:00+00:00,1.2,1.2,10.0,True,99.996,833.3,-0.01150647556820824,-1.14991117,0,b434_stop,0.05004083162
US/USDT:USDT,2026-03-03 12:00:00+00:00,2026-03-06 00:00:00+00:00,0.002843,0.0029,10.0,True,99.9999663,351741.0,-0.20477564235339785,-20.4652708,3600,b434_stop,0.7959953349855
LYN/USDT:USDT,2026-03-05 20:00:00+00:00,2026-03-06 00:00:00+00:00,0.32243,0.32076,10.0,False,99.985543,3101.0,-0.050695028460576365,-5.07181121,240,b434_stop,1.3035781074522075
STRK/USDT:USDT,2026-03-06 00:00:00+00:00,2026-03-06 00:00:00+00:00,0.04001,0.04001,10.0,True,99.9997937,24993.7,-0.012288216565319613,-1.22808183,0,b434_stop,-0.028084308320387802
MOVR/USDT:USDT,2026-03-06 00:00:00+00:00,2026-03-06 00:00:00+00:00,1.275,1.275,10.0,True,99.999525,784.31,-0.01150710148682892,-1.15001426,0,b434_stop,0.04998004024074
STRK/USDT:USDT,2026-03-06 04:00:00+00:00,2026-03-06 04:00:00+00:00,0.04071,0.04071,10.0,False,99.9996369,24563.9,-0.012042473768197068,-1.20496555,0,b434_stop,-0.0049699099252060305
BEAMX/USDT:USDT,2026-03-06 00:00:00+00:00,2026-03-06 08:00:00+00:00,0.001913,0.001929,10.0,True,99.9999707,522739.0,-0.09423760635886701,-9.41810362,480,b434_stop,0.1507383248875
AXS/USDT:USDT,2026-03-06 00:00:00+00:00,2026-03-06 08:00:00+00:00,1.213,1.217,10.0,False,99.9512,824.0,0.028489934569181093,2.84931171,480,b434_stop,0.7547037073117727
MOVR/USDT:USDT,2026-03-06 08:00:00+00:00,2026-03-06 08:00:00+00:00,1.318,1.318,10.0,False,99.999296,758.72,-0.01249262942322607,-1.2500037,0,b434_stop,-0.05001214335968001
DOT/USDT:USDT,2026-03-06 08:00:00+00:00,2026-03-06 08:00:00+00:00,1.542,1.542,10.0,False,99.9987,648.5,-0.011118678922198363,-1.11252055,0,b434_stop,0.0874638458135886
FIL/USDT:USDT,2026-03-03 16:00:00+00:00,2026-03-06 12:00:00+00:00,0.996,1.007,10.0,False,99.9984,1004.0,0.09680113666547828,9.68576676,4080,b434_stop,-0.15162604353073159
LTC/USDT:USDT,2026-03-03 20:00:00+00:00,2026-03-06 12:00:00+00:00,54.66,54.87,10.0,False,99.995004,18.294,0.023188320591235097,2.32010744,3840,b434_stop,-0.319387465742781
1000SHIB/USDT:USDT,2026-03-04 00:00:00+00:00,2026-03-06 12:00:00+00:00,0.005473,0.00552,10.0,False,99.9999195,182715.0,0.07593328179389128,7.59787806,3600,b434_stop,0.21542466111617098
UNI/USDT:USDT,2026-03-04 04:00:00+00:00,2026-03-06 12:00:00+00:00,3.923,3.926,10.0,False,99.6442,254.0,-0.005858894517550933,-0.58415514,3360,b434_stop,-0.14996753556737702
PENGU/USDT:USDT,2026-03-04 08:00:00+00:00,2026-03-06 12:00:00+00:00,0.007007,0.007034,10.0,False,99.9996998,142714.0,0.024672982922981923,2.46877126,3120,b434_stop,-0.1821983783849086
SOL/USDT:USDT,2026-03-04 08:00:00+00:00,2026-03-06 12:00:00+00:00,87.38,87.21,10.0,False,99.96272,11.44,-0.03032354477339798,-3.03304275,3120,b434_stop,0.11014300872211208
BNB/USDT:USDT,2026-03-04 08:00:00+00:00,2026-03-06 12:00:00+00:00,640.02,637.3,10.0,False,99.84312,1.56,-0.054440508408307726,-5.43877152,3120,b434_stop,0.0
FET/USDT:USDT,2026-03-04 08:00:00+00:00,2026-03-06 12:00:00+00:00,0.1497,0.1497,10.0,False,99.9996,6680.0,-0.005730206710553007,-0.57336219,3120,b434_stop,0.6266330081827239
ETH/USDT:USDT,2026-03-04 12:00:00+00:00,2026-03-06 12:00:00+00:00,2054.18,2050.03,10.0,False,99.833148,0.486,-0.03269088769455935,-3.26559241,2880,b434_stop,-0.051904769092076065
XRP/USDT:USDT,2026-03-04 12:00:00+00:00,2026-03-06 12:00:00+00:00,1.3983,1.394,10.0,False,99.992433,715.1,-0.04387962738719491,-4.39026328,2880,b434_stop,-0.1172690447438417
WLD/USDT:USDT,2026-03-04 12:00:00+00:00,2026-03-06 12:00:00+00:00,0.4043,0.3995,10.0,False,99.98339,2473.0,-0.13297566341200018,-13.30333483,2880,b434_stop,-0.24025639461087311
LINK/USDT:USDT,2026-03-04 12:00:00+00:00,2026-03-06 12:00:00+00:00,9.125,9.068,10.0,False,99.99175,109.58,-0.07578251589925668,-7.58217296,2880,b434_stop,-0.13995959114265213
MOVR/USDT:USDT,2026-03-06 12:00:00+00:00,2026-03-06 12:00:00+00:00,1.277,1.277,10.0,True,99.999316,783.08,-0.011506709784542114,-1.14997271,0,b434_stop,0.05001907760092001
ONDO/USDT:USDT,2026-03-04 04:00:00+00:00,2026-03-06 16:00:00+00:00,0.2555,0.253,10.0,False,99.99759,3913.8,-0.10871110034927137,-10.87737055,3600,b434_stop,0.10122982970974366
BCH/USDT:USDT,2026-03-06 16:00:00+00:00,2026-03-06 16:00:00+00:00,442.87,442.87,10.0,True,99.955759,2.257,-0.011848103036054254,-1.18357556,0,b434_stop,0.015893543594692926
1000SHIB/USDT:USDT,2026-03-06 16:00:00+00:00,2026-03-06 16:00:00+00:00,0.005333,0.005333,10.0,True,99.9996163,187511.0,-0.015017022099001007,-1.50079543,0,b434_stop,-0.30080003742530276
NIL/USDT:USDT,2026-03-02 08:00:00+00:00,2026-03-07 04:00:00+00:00,0.04933,0.04914,10.0,False,99.9998028,20271.6,-0.06200359448775833,-6.20406743,6960,b434_stop,-1.1547767595201142
LYN/USDT:USDT,2026-03-06 12:00:00+00:00,2026-03-07 04:00:00+00:00,0.3008,0.29692,10.0,True,99.98592,3324.0,0.12302020127235595,12.29290783,960,b434_stop,0.587880594078
BEAMX/USDT:USDT,2026-03-07 04:00:00+00:00,2026-03-07 04:00:00+00:00,0.001964,0.001964,10.0,False,99.9998096,509164.0,-0.012493313613373457,-1.25007858,0,b434_stop,-0.050080861876
MUBARAK/USDT:USDT,2026-03-05 08:00:00+00:00,2026-03-07 08:00:00+00:00,0.01493,0.01502,10.0,True,99.999647,66979.0,-0.07225983472500526,-7.22162239,2880,b434_stop,0.010100238646098696
LYN/USDT:USDT,2026-03-07 08:00:00+00:00,2026-03-07 08:00:00+00:00,0.357,0.357,10.0,False,99.9957,2801.0,-0.012492403653469033,-1.24993616,0,b434_stop,-0.049987760798
MUBARAK/USDT:USDT,2026-03-07 16:00:00+00:00,2026-03-07 16:00:00+00:00,0.01476,0.01476,10.0,False,99.999,67750.0,-0.012492843097529516,-1.25002138,0,b434_stop,-0.050033375
MOVR/USDT:USDT,2026-03-07 20:00:00+00:00,2026-03-08 00:00:00+00:00,1.348,1.37,10.0,False,99.998684,741.83,0.15245269166618908,15.25421558,240,b434_stop,0.14373194377430001
US/USDT:USDT,2026-03-08 04:00:00+00:00,2026-03-08 08:00:00+00:00,0.002716,0.002742,10.0,True,99.9998608,368188.0,-0.10684599643825221,-10.67817402,240,b434_stop,0.100456045732
MUBARAK/USDT:USDT,2026-03-08 00:00:00+00:00,2026-03-08 12:00:00+00:00,0.01413,0.01409,10.0,True,99.999423,70771.0,0.015450256948663003,1.54408977,720,b434_stop,-0.0884556592045044
BEAMX/USDT:USDT,2026-03-08 12:00:00+00:00,2026-03-08 16:00:00+00:00,0.001918,0.001904,10.0,True,99.9999168,521376.0,0.062070438274583827,6.20331444,240,b434_stop,0.09966988579200001
HYPE/USDT:USDT,2026-03-08 20:00:00+00:00,2026-03-08 20:00:00+00:00,30.763,30.763,10.0,False,99.97975,32.5,-0.012492511444540937,-1.24974757,0,b434_stop,-0.049990571426250005
QNT/USDT:USDT,2026-03-04 08:00:00+00:00,2026-03-09 00:00:00+00:00,62.87,62.36,10.0,False,99.9633,15.9,-0.08378202113787592,-8.38015239,6720,b434_stop,0.9235418114379413
MOVR/USDT:USDT,2026-03-08 12:00:00+00:00,2026-03-09 00:00:00+00:00,1.235,1.2,10.0,True,99.999185,809.71,0.2732797080180934,27.31135143,720,b434_stop,0.15448773705589605
BR/USDT:USDT,2026-01-29 08:00:00+00:00,2026-03-09 08:00:00+00:00,0.06647,0.06636,10.0,True,99.997468,15044.0,0.2011651693475952,20.10393798,56160,b434_stop,19.64807468958133
NIL/USDT:USDT,2026-03-09 08:00:00+00:00,2026-03-09 08:00:00+00:00,0.04877,0.04877,10.0,False,99.9999588,20504.4,-0.012492636967873887,-1.25001274,0,b434_stop,-0.05001323549460001
BCH/USDT:USDT,2026-03-09 12:00:00+00:00,2026-03-09 12:00:00+00:00,449.44,449.44,10.0,False,99.955456,2.224,-0.011992804297412639,-1.19946547,0,b434_stop,0.0
AVAX/USDT:USDT,2026-03-06 00:00:00+00:00,2026-03-09 16:00:00+00:00,9.376,9.274,10.0,True,99.3856,106.0,0.09070377941798242,9.00924075,5280,b434_stop,-0.6166192495863926
DOT/USDT:USDT,2026-03-06 12:00:00+00:00,2026-03-09 16:00:00+00:00,1.505,1.5,10.0,True,99.9922,664.4,-0.001794971406609019,-0.17937545,4560,b434_stop,-2.3034622541977186
XLM/USDT:USDT,2026-03-06 16:00:00+00:00,2026-03-09 16:00:00+00:00,0.15163,0.15024,10.0,True,99.999985,6595.0,0.06200725895087872,6.19700453,4320,b434_stop,-1.7755458821611199
ORCA/USDT:USDT,2026-03-06 20:00:00+00:00,2026-03-09 16:00:00+00:00,0.947,0.938,10.0,True,99.99373,1055.9,0.010640853993632654,1.06338027,4080,b434_stop,-7.245496829657777
BEAMX/USDT:USDT,2026-03-09 08:00:00+00:00,2026-03-09 16:00:00+00:00,0.001958,0.001954,10.0,False,99.999955,510725.0,-0.03389077889266541,-3.39110981,480,b434_stop,-0.14943609210000003
COLLECT/USDT:USDT,2026-03-07 00:00:00+00:00,2026-03-09 20:00:00+00:00,0.03652,0.05423,10.0,False,99.999064,27382.0,4.739901623624309,474.27011725,4080,b434_limit,-9.174152845615207
ORCA/USDT:USDT,2026-03-09 16:00:00+00:00,2026-03-09 20:00:00+00:00,0.938,0.938,10.0,False,99.9908,1066.0,-0.009407390065134844,-0.94121685,240,b434_stop,0.2586727457327104
FIL/USDT:USDT,2026-03-09 20:00:00+00:00,2026-03-09 20:00:00+00:00,0.953,0.953,10.0,False,99.99829,1049.3,-0.011992804317409556,-1.19997948,0,b434_stop,0.0
TRUMP/USDT:USDT,2026-03-05 08:00:00+00:00,2026-03-10 00:00:00+00:00,3.38,2.88,10.0,True,99.9973,295.85,1.3942688983120854,139.33947143,6720,b434_limit,-7.4743159670923625
BEAMX/USDT:USDT,2026-03-10 00:00:00+00:00,2026-03-10 00:00:00+00:00,0.001919,0.001919,10.0,True,99.9998576,521104.0,-0.011506617345999448,-1.1499697,0,b434_stop,0.05002858952
AIN/USDT:USDT,2026-03-06 20:00:00+00:00,2026-03-10 04:00:00+00:00,0.0378,0.03562,10.0,True,99.9999,26455.0,0.5754984599291183,57.51525857,4800,b434_stop,1.00875422934
US/USDT:USDT,2026-03-08 12:00:00+00:00,2026-03-10 04:00:00+00:00,0.002865,0.003235,10.0,False,99.99996,349040.0,1.2698678358503923,127.06292483,2400,b434_limit,-0.8043887672146961
LYN/USDT:USDT,2026-03-09 04:00:00+00:00,2026-03-10 04:00:00+00:00,0.30866,0.29026,10.0,True,99.974974,3239.0,0.5423793600331466,54.1918278,1440,b434_stop,-4.241831074451707
DOGE/USDT:USDT,2026-03-06 04:00:00+00:00,2026-03-10 08:00:00+00:00,0.09384,0.09227,10.0,True,99.995904,10656.0,0.14336835885987403,14.3276469,6000,b434_stop,-1.2123602014557024
AAVE/USDT:USDT,2026-03-06 16:00:00+00:00,2026-03-10 08:00:00+00:00,110.77,110.82,10.0,True,99.693,9.0,-0.020048374605696882,-1.9974834,5280,b434_stop,-0.35089739559054717
BTC/USDT:USDT,2026-03-06 00:00:00+00:00,2026-03-10 12:00:00+00:00,70854.8,70570.1,10.0,True,99.19672,0.014,0.025645211984302793,2.54239456,6480,b434_stop,-0.255436279261179
FET/USDT:USDT,2026-03-06 12:00:00+00:00,2026-03-10 12:00:00+00:00,0.1497,0.1486,10.0,True,99.9996,6680.0,-0.006351078636253709,-0.63472426,5760,b434_stop,-6.787137862073425
ADA/USDT:USDT,2026-03-06 12:00:00+00:00,2026-03-10 12:00:00+00:00,0.266,0.2642,10.0,True,99.9894,3759.0,0.04445427389007457,4.4422892,5760,b434_stop,-1.1280977220366188
1000SHIB/USDT:USDT,2026-03-09 04:00:00+00:00,2026-03-10 12:00:00+00:00,0.005335,0.00572,10.0,False,99.9997735,187441.0,0.7095871051160523,71.00112492,1920,b434_limit,0.07963607066419129
MUBARAK/USDT:USDT,2026-03-09 16:00:00+00:00,2026-03-10 12:00:00+00:00,0.01475,0.01468,10.0,False,99.9991,67796.0,-0.06171446018728739,-6.17509331,1200,b434_stop,-0.23223154379560002
BEAMX/USDT:USDT,2026-03-10 12:00:00+00:00,2026-03-10 12:00:00+00:00,0.001973,0.001973,10.0,False,99.9999266,506842.0,-0.01249242092238519,-1.24999072,0,b434_stop,-0.04999160040700001
STRK/USDT:USDT,2026-03-06 12:00:00+00:00,2026-03-10 16:00:00+00:00,0.03998,0.04021,10.0,True,99.999975,25012.5,-0.0971235464942146,-9.70652481,6000,b434_stop,-2.7501983810820487
WLD/USDT:USDT,2026-03-10 04:00:00+00:00,2026-03-10 16:00:00+00:00,0.365,0.3674,10.0,False,99.9735,2739.0,0.05508212364663603,5.51005674,720,b434_stop,0.14008289558999998
BR/USDT:USDT,2026-03-10 16:00:00+00:00,2026-03-10 16:00:00+00:00,0.0623,0.0623,10.0,True,99.99773,16051.0,-0.011507060689965475,-1.14998954,0,b434_stop,0.049983215275000006
LIT/USDT:USDT,2026-03-10 04:00:00+00:00,2026-03-11 04:00:00+00:00,1.022,1.014,10.0,False,99.99248,978.4,-0.09373255438467178,-9.3781741,1440,b434_stop,-0.3557606552564
FIL/USDT:USDT,2026-03-10 20:00:00+00:00,2026-03-11 08:00:00+00:00,0.871,0.874,10.0,True,99.99951,1148.1,-0.06969128005041013,-6.9649124,720,b434_stop,-2.3185517001577627
WLD/USDT:USDT,2026-03-11 08:00:00+00:00,2026-03-11 08:00:00+00:00,0.3521,0.3521,10.0,True,99.9964,2840.0,-0.012411332039092091,-1.24034387,0,b434_stop,-0.040387071999999996
AXS/USDT:USDT,2026-03-06 20:00:00+00:00,2026-03-11 12:00:00+00:00,1.151,1.138,10.0,True,99.9068,868.0,-0.08727766487692123,-8.71440043,6720,b434_stop,-18.806289228018848
LYN/USDT:USDT,2026-03-10 16:00:00+00:00,2026-03-11 12:00:00+00:00,0.33855,0.36629,10.0,False,99.973815,2953.0,1.0751971626036918,107.55605716,1200,b434_stop,26.888672676568426
NIL/USDT:USDT,2026-03-11 08:00:00+00:00,2026-03-11 12:00:00+00:00,0.04637,0.04651,10.0,True,99.9996872,21565.6,-0.0412330164093348,-4.12081477,240,b434_stop,0.10017698878039999
ORCA/USDT:USDT,2026-03-11 12:00:00+00:00,2026-03-11 12:00:00+00:00,0.904,0.904,10.0,True,99.99144,1106.1,-0.012686876170704676,-1.26781787,0,b434_stop,-0.06792058712767554
NIL/USDT:USDT,2026-03-11 20:00:00+00:00,2026-03-11 20:00:00+00:00,0.04929,0.04929,10.0,False,99.999552,20288.0,-0.012492605836952103,-1.25000454,0,b434_stop,-0.05000992
GTC/USDT:USDT,2026-02-04 20:00:00+00:00,2026-03-12 00:00:00+00:00,0.104,0.093,10.0,True,99.99912,9615.3,0.7939931030088282,79.35097242,50640,b434_stop,-25.28079911977344
WLD/USDT:USDT,2026-03-11 16:00:00+00:00,2026-03-12 00:00:00+00:00,0.3568,0.3554,10.0,False,99.97536,2802.0,-0.050121313213582624,-5.01390287,480,b434_stop,0.10624777378467361
LYN/USDT:USDT,2026-03-12 00:00:00+00:00,2026-03-12 00:00:00+00:00,0.20446,0.20446,10.0,True,99.98094,4890.0,-0.0748342186752434,-7.47750633,0,b434_stop,-6.277735054277741
COLLECT/USDT:USDT,2026-03-12 00:00:00+00:00,2026-03-12 08:00:00+00:00,0.05211,0.05192,10.0,True,99.99909,19190.0,0.025988348961456038,2.59725196,480,b434_stop,0.148953384485
DOGE/USDT:USDT,2026-03-12 04:00:00+00:00,2026-03-12 08:00:00+00:00,0.09208,0.09283,10.0,True,99.99888,10860.0,-0.09523576746108786,-9.517756,240,b434_stop,-0.16788244202400002
QNT/USDT:USDT,2026-03-12 08:00:00+00:00,2026-03-12 12:00:00+00:00,63.03,63.1,10.0,False,99.5874,15.8,-0.001095383835134908,-0.10915188,240,b434_stop,-0.01943947956478208
DOGE/USDT:USDT,2026-03-12 12:00:00+00:00,2026-03-12 12:00:00+00:00,0.09463,0.09463,10.0,False,99.995521,10567.0,-0.011992804297420652,-1.19994625,0,b434_stop,0.0
MUBARAK/USDT:USDT,2026-03-12 12:00:00+00:00,2026-03-12 16:00:00+00:00,0.01492,0.01492,10.0,True,99.999808,67024.0,-0.011006044645714185,-1.09994199,240,b434_stop,0.100055706016
US/USDT:USDT,2026-03-12 16:00:00+00:00,2026-03-12 16:00:00+00:00,0.003652,0.003652,10.0,True,99.9997944,273822.0,-0.009374884994195207,-0.93692408,0,b434_stop,0.26307345145284
TRUMP/USDT:USDT,2026-03-12 16:00:00+00:00,2026-03-12 16:00:00+00:00,2.752,2.752,10.0,True,99.999424,363.37,-0.015840701208418545,-1.58311056,0,b434_stop,-0.38311747262127177
AVAX/USDT:USDT,2026-03-12 12:00:00+00:00,2026-03-12 20:00:00+00:00,9.566,9.598,10.0,True,99.4864,104.0,-0.045979680154383175,-4.57160824,480,b434_stop,-0.047774643819302395
DOT/USDT:USDT,2026-03-12 20:00:00+00:00,2026-03-12 20:00:00+00:00,1.506,1.506,10.0,True,99.9984,664.0,-0.012007204322593557,-1.1999808,0,b434_stop,0.0
NEAR/USDT:USDT,2026-03-04 16:00:00+00:00,2026-03-13 00:00:00+00:00,1.356,1.366,10.0,True,99.9372,737.0,-0.10234706443074709,-10.22214208,12000,b434_stop,-1.6484736765890766
LINK/USDT:USDT,2026-03-06 12:00:00+00:00,2026-03-13 00:00:00+00:00,9.068,9.052,10.0,True,99.992836,110.27,0.007436167607975992,0.74311735,9360,b434_stop,0.17765279100833284
TAO/USDT:USDT,2026-03-09 00:00:00+00:00,2026-03-13 00:00:00+00:00,181.4,217.67,10.0,False,99.98768,5.512,1.9909261395859057,199.1875266,5760,b434_limit,0.5870909068607588
AIN/USDT:USDT,2026-03-12 20:00:00+00:00,2026-03-13 00:00:00+00:00,0.05484,0.0515,10.0,True,99.995256,18234.0,0.619174364926649,61.87735043,240,b434_stop,2.1391925698840537
MUBARAK/USDT:USDT,2026-03-12 20:00:00+00:00,2026-03-13 04:00:00+00:00,0.01556,0.0158,10.0,False,99.999452,64267.0,0.14055456826022136,14.06381303,480,b434_stop,-0.15101909529000002
TRUMP/USDT:USDT,2026-03-12 20:00:00+00:00,2026-03-13 04:00:00+00:00,2.923,3.047,10.0,False,99.998753,342.11,0.4192879494881496,41.95342906,480,b434_limit,0.757227080295214
DOT/USDT:USDT,2026-03-13 00:00:00+00:00,2026-03-13 04:00:00+00:00,1.515,1.532,10.0,False,99.99,660.0,0.09941000366276884,9.94597027,240,b434_stop,-0.06741773279999999
BEAMX/USDT:USDT,2026-03-13 04:00:00+00:00,2026-03-13 04:00:00+00:00,0.002039,0.002039,10.0,True,99.9999004,490436.0,-0.011543896728859826,-1.15369589,0,b434_stop,0.04630291611864
LYN/USDT:USDT,2026-03-13 04:00:00+00:00,2026-03-13 04:00:00+00:00,0.28128,0.26722,10.0,False,99.99504,3555.0,-0.5100856512377077,-51.03663872,0,liquidation,0.11661177656249999
AVAX/USDT:USDT,2026-03-13 04:00:00+00:00,2026-03-13 04:00:00+00:00,9.951,9.951,10.0,False,99.51,100.0,-0.011992804317409556,-1.19412,0,b434_stop,0.0
VIRTUAL/USDT:USDT,2026-03-05 00:00:00+00:00,2026-03-13 12:00:00+00:00,0.7509,0.7643,10.0,True,99.997353,1331.7,-0.2833485205475262,-28.31710157,12240,b434_stop,-9.261646465625933
SAND/USDT:USDT,2026-03-05 16:00:00+00:00,2026-03-13 12:00:00+00:00,0.08465,0.08472,10.0,True,99.997045,11813.0,-0.08352632181497693,-8.34737393,11280,b434_stop,-6.320003246940475
GTC/USDT:USDT,2026-03-13 12:00:00+00:00,2026-03-13 12:00:00+00:00,0.096,0.096,10.0,True,99.99936,10416.6,-0.012007204322593557,-1.19999232,0,b434_stop,0.0
HYPE/USDT:USDT,2026-03-13 16:00:00+00:00,2026-03-13 16:00:00+00:00,36.254,36.254,10.0,True,99.988532,27.58,-0.012309858962986892,-1.23010622,0,b434_stop,-0.030243831393325548
FIL/USDT:USDT,2026-03-13 00:00:00+00:00,2026-03-13 20:00:00+00:00,0.877,0.873,10.0,False,99.99554,1140.2,-0.056311289716581524,-5.63425635,1200,b434_stop,0.12375365465998157
COLLECT/USDT:USDT,2026-03-12 20:00:00+00:00,2026-03-14 00:00:00+00:00,0.06264,0.06478,10.0,False,99.998496,15964.0,0.3067141963315028,30.68936091,1680,b434_stop,-2.253119360115068
ORCA/USDT:USDT,2026-03-13 00:00:00+00:00,2026-03-14 00:00:00+00:00,0.937,0.935,10.0,False,99.99664,1067.2,-0.035608762414840886,-3.56289305,1440,b434_stop,-0.2298140135969408
LYN/USDT:USDT,2026-03-14 04:00:00+00:00,2026-03-14 04:00:00+00:00,0.20477,0.22504,10.0,True,99.989191,4883.0,-1.0208603866242851,-102.01375918,0,stop_loss,-1.7760918419543619
BCH/USDT:USDT,2026-03-14 08:00:00+00:00,2026-03-14 08:00:00+00:00,458.97,458.97,10.0,True,99.963666,2.178,-0.012254852918403458,-1.224305,0,b434_stop,-0.024741007335
LIT/USDT:USDT,2026-03-14 12:00:00+00:00,2026-03-14 12:00:00+00:00,1.08,1.08,10.0,True,99.9972,925.9,-0.011506440851546566,-1.1499215,0,b434_stop,0.050044895
COLLECT/USDT:USDT,2026-03-14 16:00:00+00:00,2026-03-14 16:00:00+00:00,0.06878,0.06878,10.0,True,99.999242,14539.0,-0.011507241717587834,-1.15002502,0,b434_stop,0.0499658832505
BTC/USDT:USDT,2026-03-14 08:00:00+00:00,2026-03-14 20:00:00+00:00,70565.6,70664.1,10.0,True,98.79184,0.014,-0.026866975782449953,-2.65264543,720,b434_stop,-0.08731594542391273
DOGE/USDT:USDT,2026-03-14 08:00:00+00:00,2026-03-14 20:00:00+00:00,0.09457,0.09473,10.0,True,99.998318,10574.0,-0.02811935369596623,-2.81020094,720,b434_stop,0.082633981306005
LINK/USDT:USDT,2026-03-14 08:00:00+00:00,2026-03-14 20:00:00+00:00,8.974,9.021,10.0,True,99.997282,111.43,-0.06480360947097073,-6.4762967,720,b434_stop,-0.03597698802037996
VIRTUAL/USDT:USDT,2026-03-14 08:00:00+00:00,2026-03-14 20:00:00+00:00,0.7099,0.7071,10.0,True,99.996514,1408.6,0.02888036608515108,2.88620317,720,b434_stop,0.13971489313829827
ORCA/USDT:USDT,2026-03-14 08:00:00+00:00,2026-03-14 20:00:00+00:00,0.926,0.929,10.0,True,99.99874,1079.9,-0.04469140821880779,-4.46640306,720,b434_stop,-0.024774355778276833
FET/USDT:USDT,2026-03-14 16:00:00+00:00,2026-03-14 20:00:00+00:00,0.1755,0.1738,10.0,True,99.9999,5698.0,0.08492964596626794,8.48786033,240,b434_stop,-0.004552830706423999
BR/USDT:USDT,2026-03-14 16:00:00+00:00,2026-03-14 20:00:00+00:00,0.05953,0.05932,10.0,False,99.998494,16798.0,-0.051373624576252434,-5.14036746,240,b434_stop,-0.41492208479259995
NEAR/USDT:USDT,2026-03-14 04:00:00+00:00,2026-03-15 00:00:00+00:00,1.332,1.324,10.0,True,99.9,750.0,0.051092579471606885,5.1010862,1200,b434_stop,0.29628619575000004
ADA/USDT:USDT,2026-03-14 08:00:00+00:00,2026-03-15 00:00:00+00:00,0.2615,0.2632,10.0,True,99.9976,3824.0,-0.0837018582542439,-8.36496295,960,b434_stop,-0.6602912718176672
WLD/USDT:USDT,2026-03-14 16:00:00+00:00,2026-03-15 00:00:00+00:00,0.3528,0.3559,10.0,True,99.98352,2834.0,-0.10049259530017776,-10.04157485,480,b434_stop,-0.05110136522001418
BCH/USDT:USDT,2026-03-15 00:00:00+00:00,2026-03-15 00:00:00+00:00,467.32,467.32,10.0,False,99.959748,2.139,-0.012654183707938572,-1.26566796,0,b434_stop,-0.06615098177215754
COLLECT/USDT:USDT,2026-03-15 00:00:00+00:00,2026-03-15 00:00:00+00:00,0.07652,0.07652,10.0,False,99.996336,13068.0,-0.012492443431702194,-1.24994809,0,b434_stop,-0.049992058709999995
FET/USDT:USDT,2026-03-15 04:00:00+00:00,2026-03-15 04:00:00+00:00,0.1906,0.1906,10.0,False,99.98876,5246.0,-0.011992804317409553,-1.19986512,0,b434_stop,0.0
AVAX/USDT:USDT,2026-03-14 00:00:00+00:00,2026-03-15 08:00:00+00:00,9.714,9.708,10.0,True,99.0828,102.0,-0.007816954965657841,-0.77406107,1920,b434_stop,-0.1974346691883408
AAVE/USDT:USDT,2026-03-14 08:00:00+00:00,2026-03-15 08:00:00+00:00,111.25,111.18,10.0,True,99.0125,8.9,-0.004825110948402143,-0.47745965,1440,b434_stop,0.08731655325110822
SAND/USDT:USDT,2026-03-14 12:00:00+00:00,2026-03-15 08:00:00+00:00,0.08286,0.08293,10.0,True,99.995448,12068.0,-0.03231292665788554,-3.22920689,1200,b434_stop,-1.1839946587015457
LINK/USDT:USDT,2026-03-15 08:00:00+00:00,2026-03-15 12:00:00+00:00,9.214,9.271,10.0,False,99.999542,108.53,0.048796096762157556,4.88251508,240,b434_stop,-0.099988689
MUBARAK/USDT:USDT,2026-03-15 00:00:00+00:00,2026-03-15 16:00:00+00:00,0.01547,0.01526,10.0,True,99.999627,64641.0,0.12556992715109344,12.54941171,960,b434_stop,0.1666524706722657
COLLECT/USDT:USDT,2026-03-15 12:00:00+00:00,2026-03-15 16:00:00+00:00,0.06861,0.06866,10.0,True,99.999075,14575.0,-0.0183029834911104,-1.82918325,240,b434_stop,0.09999290248750001
TRUMP/USDT:USDT,2026-03-15 16:00:00+00:00,2026-03-15 16:00:00+00:00,3.955,3.955,10.0,True,99.99822,252.84,-0.011715729452531784,-1.17084916,0,b434_stop,0.029129481486
ZEC/USDT:USDT,2026-03-06 04:00:00+00:00,2026-03-15 20:00:00+00:00,228.34,226.6,10.0,True,99.990086,4.379,0.04995548950938325,4.99205666,13920,b434_stop,-1.43209397915055
XLM/USDT:USDT,2026-03-09 16:00:00+00:00,2026-03-15 20:00:00+00:00,0.15024,0.16657,10.0,False,99.999744,6656.0,1.0627608228064231,106.3395757,8880,b434_limit,-1.0876918882931712
BCH/USDT:USDT,2026-03-15 16:00:00+00:00,2026-03-15 20:00:00+00:00,462.38,461.23,10.0,True,99.966556,2.162,0.0127346815404265,1.27227843,240,b434_stop,-0.0159146757152
BNB/USDT:USDT,2026-03-09 12:00:00+00:00,2026-03-16 00:00:00+00:00,627.42,674.12,10.0,False,99.75978,1.59,0.7314325503706415,73.01133084,9360,b434_limit,0.0
1000SHIB/USDT:USDT,2026-03-14 04:00:00+00:00,2026-03-16 00:00:00+00:00,0.005948,0.005944,10.0,True,99.9995604,168123.0,-0.013440533869457812,-1.34324105,2640,b434_stop,-0.816141822278577
BTC/USDT:USDT,2026-03-16 00:00:00+00:00,2026-03-16 00:00:00+00:00,72778.8,72778.8,10.0,False,94.61244,0.013,-0.012243953985151745,-1.15912542,0,b434_stop,-0.023776138840999998
VIRTUAL/USDT:USDT,2026-03-16 00:00:00+00:00,2026-03-16 00:00:00+00:00,0.7542,0.7542,10.0,False,99.999378,1325.9,-0.012293034487859403,-1.23003338,0,b434_stop,-0.030040848831313322
SUI/USDT:USDT,2026-02-05 08:00:00+00:00,2026-03-16 04:00:00+00:00,1.0435,1.0408,10.0,True,99.998605,958.3,0.016439395929533192,1.64293031,55920,b434_stop,0.25395112256720676
1000PEPE/USDT:USDT,2026-02-26 20:00:00+00:00,2026-03-16 04:00:00+00:00,0.0038473,0.0035971,10.0,True,99.99979106,259922.0,0.49581529661287455,49.55167721,24960,b434_stop,-14.319829188266143
ETH/USDT:USDT,2026-03-09 08:00:00+00:00,2026-03-16 04:00:00+00:00,1982.9,2235.14,10.0,False,99.93816,0.504,1.2561010946238913,125.60775163,9840,b434_limit,-0.2456730766606668
PENGU/USDT:USDT,2026-03-09 08:00:00+00:00,2026-03-16 04:00:00+00:00,0.006718,0.00763,10.0,False,99.9994454,148853.0,1.3374522010397891,133.82472504,9840,b434_limit,-0.6477652580991405
DOT/USDT:USDT,2026-03-13 16:00:00+00:00,2026-03-16 04:00:00+00:00,1.506,1.478,10.0,True,99.9984,664.0,0.09943733344280237,9.9376081,3600,b434_stop,-7.465566303162063
STRK/USDT:USDT,2026-03-14 04:00:00+00:00,2026-03-16 08:00:00+00:00,0.04061,0.04067,10.0,True,99.9996884,24624.4,-0.025209740350629173,-2.5194536,3120,b434_stop,0.15889314225999432
NEAR/USDT:USDT,2026-03-16 04:00:00+00:00,2026-03-16 08:00:00+00:00,1.389,1.393,10.0,False,99.8691,719.0,0.01576807695080576,1.5756885,240,b434_stop,-0.1001567
1000SHIB/USDT:USDT,2026-03-16 08:00:00+00:00,2026-03-16 08:00:00+00:00,0.006352,0.006352,10.0,False,99.999536,157430.0,-0.012992179512175859,-1.29999145,0,b434_stop,-0.09999701712
ZRO/USDT:USDT,2026-02-12 16:00:00+00:00,2026-03-16 12:00:00+00:00,2.1529,2.1597,10.0,True,99.980676,464.4,-0.21989697387982568,-21.97225683,45840,b434_stop,-17.612673968790848
XRP/USDT:USDT,2026-03-09 16:00:00+00:00,2026-03-16 12:00:00+00:00,1.3594,1.469,10.0,False,99.997464,735.6,0.7951772500444515,79.56341786,9840,b434_limit,0.1900004825621509
HYPE/USDT:USDT,2026-03-16 12:00:00+00:00,2026-03-16 12:00:00+00:00,39.514,39.514,10.0,False,99.97042,25.3,-0.012492456211981445,-1.24962542,0,b434_stop,-0.04998037589105
SOL/USDT:USDT,2026-03-09 12:00:00+00:00,2026-03-16 16:00:00+00:00,83.52,93.13,10.0,False,99.97344,11.97,1.1381886258052702,113.85690547,10320,b434_limit,0.09390577192416956
ONDO/USDT:USDT,2026-03-09 12:00:00+00:00,2026-03-16 16:00:00+00:00,0.2489,0.2794,10.0,False,99.998064,4017.6,1.2006160316537364,120.13131434,10320,b434_limit,-1.1319868092415795
AXS/USDT:USDT,2026-03-16 16:00:00+00:00,2026-03-16 16:00:00+00:00,1.217,1.217,10.0,True,99.9157,821.0,-0.014580583306852753,-1.45595509,0,b434_stop,-0.256966687335105
ENA/USDT:USDT,2026-03-09 12:00:00+00:00,2026-03-16 20:00:00+00:00,0.1012,0.1183,10.0,False,99.99572,9881.0,1.66600627918428,166.69345351,10560,b434_limit,-0.9703187853758719
LIT/USDT:USDT,2026-03-16 20:00:00+00:00,2026-03-16 20:00:00+00:00,1.171,1.171,10.0,False,99.99169,853.9,-0.01249250444732745,-1.24989612,0,b434_stop,-0.049995845000000004
AXS/USDT:USDT,2026-03-17 00:00:00+00:00,2026-03-17 00:00:00+00:00,1.277,1.277,10.0,False,99.9891,783.0,-0.006935038949427379,-0.69384436,0,b434_stop,0.5060248372799999
SUI/USDT:USDT,2026-03-16 04:00:00+00:00,2026-03-17 04:00:00+00:00,1.0408,1.0394,10.0,False,99.989656,960.7,-0.027642447681780008,-2.76561721,1440,b434_stop,-0.22156832943623653
COLLECT/USDT:USDT,2026-03-16 16:00:00+00:00,2026-03-17 04:00:00+00:00,0.07944,0.08441,10.0,False,99.999072,12588.0,0.610828743545707,61.11895689,720,b434_stop,-0.20587682811600003
STRK/USDT:USDT,2026-03-16 20:00:00+00:00,2026-03-17 04:00:00+00:00,0.0405,0.04109,10.0,False,99.999765,24691.3,0.1319958340758787,13.20747212,480,b434_stop,-0.1516569769386
DOGE/USDT:USDT,2026-03-16 04:00:00+00:00,2026-03-17 12:00:00+00:00,0.09996,0.10009,10.0,False,99.999984,10004.0,-0.0024021326050088164,-0.24035735,1920,b434_stop,-0.34009723486014404
AXS/USDT:USDT,2026-03-17 04:00:00+00:00,2026-03-17 12:00:00+00:00,1.236,1.236,10.0,True,99.9924,809.0,-0.01753418340842533,-1.75223311,480,b434_stop,-0.5523243097797884
BNB/USDT:USDT,2026-03-17 12:00:00+00:00,2026-03-17 12:00:00+00:00,667.58,667.58,10.0,True,99.46942,1.49,-0.012007204322593557,-1.19363304,0,b434_stop,0.0
LYN/USDT:USDT,2026-03-17 08:00:00+00:00,2026-03-17 16:00:00+00:00,0.06049,0.0594,10.0,False,99.996019,16531.0,-0.21111030586034085,-21.12285627,480,b434_stop,-1.9149253144578
SUI/USDT:USDT,2026-03-17 12:00:00+00:00,2026-03-17 16:00:00+00:00,1.0248,1.021,10.0,True,99.999984,975.8,0.024780479850408096,2.47656076,240,b434_stop,-0.03370425482228714
COLLECT/USDT:USDT,2026-03-17 12:00:00+00:00,2026-03-17 16:00:00+00:00,0.06752,0.06616,10.0,True,99.99712,14810.0,0.1906464029638138,19.05265278,240,b434_stop,0.09893325846
1000PEPE/USDT:USDT,2026-03-17 16:00:00+00:00,2026-03-17 16:00:00+00:00,0.0036419,0.0036419,10.0,True,99.99965439,274581.0,-0.012162752261823775,-1.21554126,0,b434_stop,-0.015545408037793201
1000SHIB/USDT:USDT,2026-03-17 16:00:00+00:00,2026-03-17 16:00:00+00:00,0.006019,0.006019,10.0,True,99.999666,166140.0,-0.012184083220353265,-1.21767321,0,b434_stop,-0.017677221502823998
DOGE/USDT:USDT,2026-03-17 20:00:00+00:00,2026-03-17 20:00:00+00:00,0.1002,0.1002,10.0,True,99.9996,9980.0,-0.012007204322593557,-1.1999952,0,b434_stop,0.0
PENGU/USDT:USDT,2026-03-17 20:00:00+00:00,2026-03-17 20:00:00+00:00,0.007773,0.007773,10.0,True,99.999645,128650.0,-0.011645340720587337,-1.16383122,0,b434_stop,0.036164523616
BEAMX/USDT:USDT,2026-03-16 04:00:00+00:00,2026-03-18 00:00:00+00:00,0.00206,0.002051,10.0,False,99.999816,485436.0,-0.06169780900667895,-6.17347141,2640,b434_stop,-0.6071709701820001
ONDO/USDT:USDT,2026-03-18 00:00:00+00:00,2026-03-18 00:00:00+00:00,0.2809,0.2809,10.0,True,99.997591,3559.9,-0.01160409263044418,-1.15968508,0,b434_stop,0.04028601454954158
XLM/USDT:USDT,2026-03-18 00:00:00+00:00,2026-03-18 00:00:00+00:00,0.17359,0.17359,10.0,True,99.98784,5760.0,-0.011292375454236064,-1.12842277,0,b434_stop,0.071431312896
VIRTUAL/USDT:USDT,2026-03-18 00:00:00+00:00,2026-03-18 00:00:00+00:00,0.7819,0.7819,10.0,True,99.997191,1278.9,-0.012074236003392195,-1.20666525,0,b434_stop,-0.0066989549340000015
BEAMX/USDT:USDT,2026-03-18 04:00:00+00:00,2026-03-18 04:00:00+00:00,0.002063,0.002063,10.0,True,99.999799,484730.0,-0.011506770777198416,-1.14998436,0,b434_stop,0.050013229575
PENGU/USDT:USDT,2026-03-18 04:00:00+00:00,2026-03-18 04:00:00+00:00,0.008078,0.008078,10.0,False,99.9999854,123793.0,-0.012425533994819547,-1.24329875,0,b434_stop,-0.043298921630820005
BCH/USDT:USDT,2026-03-16 04:00:00+00:00,2026-03-18 08:00:00+00:00,471.38,469.85,10.0,False,99.979698,2.121,-0.044932086133713925,-4.49499178,3120,b434_stop,-0.052052485020032506
AIN/USDT:USDT,2026-03-16 12:00:00+00:00,2026-03-18 08:00:00+00:00,0.05902,0.08112,10.0,False,99.997586,16943.0,3.6683256817049625,367.04380706,2640,b434_limit,-5.97185772648263
NEAR/USDT:USDT,2026-03-18 08:00:00+00:00,2026-03-18 08:00:00+00:00,1.438,1.438,10.0,True,99.941,695.0,-0.011691314825917393,-1.16774063,0,b434_stop,0.031551373699999996
UNI/USDT:USDT,2026-03-09 12:00:00+00:00,2026-03-18 12:00:00+00:00,3.802,3.859,10.0,False,99.9926,263.0,0.12920322094240733,12.92711761,12960,b434_stop,-0.8549765855818733
ORCA/USDT:USDT,2026-03-15 08:00:00+00:00,2026-03-18 12:00:00+00:00,0.949,0.964,10.0,False,99.99613,1053.7,0.1403955263510433,14.04743271,4560,b434_stop,-0.5486304288688908
SAND/USDT:USDT,2026-03-16 00:00:00+00:00,2026-03-18 12:00:00+00:00,0.08501,0.08673,10.0,False,99.997263,11763.0,0.18634935872694133,18.64560649,3600,b434_stop,-0.3746469365255214
AVAX/USDT:USDT,2026-03-16 00:00:00+00:00,2026-03-18 12:00:00+00:00,9.945,9.972,10.0,False,99.45,100.0,0.012669390221070977,1.26072684,3600,b434_stop,-0.24425316273797998
ORCA/USDT:USDT,2026-03-18 12:00:00+00:00,2026-03-19 00:00:00+00:00,0.964,0.939,10.0,True,99.99572,1037.3,0.24960098800533642,24.94405509,720,b434_stop,0.1959442283733
MOVR/USDT:USDT,2026-03-11 16:00:00+00:00,2026-03-19 04:00:00+00:00,1.235,1.222,10.0,False,99.999185,809.71,-0.14111919299569836,-14.12027137,10800,b434_stop,-2.4003668923159753
WLD/USDT:USDT,2026-03-15 04:00:00+00:00,2026-03-19 04:00:00+00:00,0.3598,0.3614,10.0,False,99.98842,2779.0,0.023271060569345615,2.32823268,5760,b434_stop,-0.9156384407654092
ADA/USDT:USDT,2026-03-16 00:00:00+00:00,2026-03-19 04:00:00+00:00,0.2701,0.2744,10.0,False,99.99102,3702.0,0.14418849299974754,14.42620502,4560,b434_stop,-0.2829515771007222
AAVE/USDT:USDT,2026-03-15 16:00:00+00:00,2026-03-19 12:00:00+00:00,112.79,114.27,10.0,False,99.2552,8.8,0.11434926899811237,11.35656942,5520,b434_stop,-0.46855378358372235
LIT/USDT:USDT,2026-03-19 04:00:00+00:00,2026-03-19 20:00:00+00:00,1.195,1.203,10.0,True,99.9976,836.8,-0.07659889660845956,-7.65511,960,b434_stop,0.2432778432
AIN/USDT:USDT,2026-03-20 00:00:00+00:00,2026-03-20 00:00:00+00:00,0.08862,0.08862,10.0,True,99.998808,11284.0,-0.011506954653393764,-1.14999134,0,b434_stop,0.049994360052
TAO/USDT:USDT,2026-03-17 04:00:00+00:00,2026-03-20 04:00:00+00:00,284.11,286.65,10.0,True,99.978309,3.519,-0.0977547221877163,-9.76748781,4320,b434_stop,0.3758748555360593
FET/USDT:USDT,2026-03-18 08:00:00+00:00,2026-03-20 04:00:00+00:00,0.2235,0.2245,10.0,True,99.9939,4474.0,-0.05685796423335676,-5.68203832,2640,b434_stop,-0.005427119657049017
COLLECT/USDT:USDT,2026-03-20 04:00:00+00:00,2026-03-20 04:00:00+00:00,0.06613,0.06613,10.0,False,99.995173,15121.0,-0.01249295072611672,-1.24998431,0,b434_stop,-0.05004223125250001
TAO/USDT:USDT,2026-03-20 08:00:00+00:00,2026-03-20 08:00:00+00:00,302.93,302.93,10.0,False,99.997193,3.301,-0.012492438510040602,-1.24995831,0,b434_stop,-0.049991994500000005
BCH/USDT:USDT,2026-03-20 08:00:00+00:00,2026-03-20 08:00:00+00:00,466.62,466.62,10.0,False,99.996666,2.143,-0.012483569510222661,-1.24906432,0,b434_stop,-0.049104331842074446
AXS/USDT:USDT,2026-03-20 08:00:00+00:00,2026-03-20 08:00:00+00:00,1.237,1.237,10.0,False,99.9496,808.0,-0.011005598790609174,-1.1006652,0,b434_stop,0.0987300048
ENA/USDT:USDT,2026-03-18 00:00:00+00:00,2026-03-20 16:00:00+00:00,0.1165,0.1022,10.0,True,99.99195,8583.0,1.2176697902788338,121.68412248,3840,b434_limit,0.07348374272368113
1000SHIB/USDT:USDT,2026-03-20 08:00:00+00:00,2026-03-20 20:00:00+00:00,0.005972,0.005978,10.0,False,99.9999456,167448.0,-0.0017731984461310483,-0.17742614,720,b434_stop,0.01848801562905121
BR/USDT:USDT,2026-03-19 00:00:00+00:00,2026-03-21 04:00:00+00:00,0.05732,0.05639,10.0,True,99.99474,17445.0,0.15810458105981906,15.8001407,3120,b434_stop,0.766493270703
TAO/USDT:USDT,2026-03-21 00:00:00+00:00,2026-03-21 04:00:00+00:00,269.67,272.17,10.0,True,99.993636,3.708,-0.10847701374331431,-10.84050282,240,b434_stop,-0.3650171862553089
ORCA/USDT:USDT,2026-03-21 00:00:00+00:00,2026-03-21 04:00:00+00:00,0.94,0.936,10.0,False,99.9972,1063.8,-0.0554927681688859,-5.55245091,240,b434_stop,-0.09983763000000001
AVAX/USDT:USDT,2026-03-21 08:00:00+00:00,2026-03-21 08:00:00+00:00,9.581,9.581,10.0,False,99.6424,104.0,-0.012090745600811777,-1.20547376,0,b434_stop,-0.0097649552
FIL/USDT:USDT,2026-03-18 12:00:00+00:00,2026-03-21 12:00:00+00:00,0.945,0.907,10.0,True,99.9999,1058.2,0.39497554396493767,39.47381639,4320,b434_stop,0.4380882254012836
1000PEPE/USDT:USDT,2026-03-21 16:00:00+00:00,2026-03-21 16:00:00+00:00,0.0034473,0.0034473,10.0,False,99.99996786,290082.0,-0.010294482820939404,-1.03006562,0,b434_stop,0.1699339974239232
FIL/USDT:USDT,2026-03-21 16:00:00+00:00,2026-03-21 16:00:00+00:00,0.97,0.97,10.0,False,99.9973,1030.9,-0.012732322685364915,-1.27396181,0,b434_stop,-0.073994208288
ARB/USDT:USDT,2026-03-09 12:00:00+00:00,2026-03-21 20:00:00+00:00,0.0975,0.0997,10.0,False,99.9999,10256.4,0.20213899756174392,20.22600787,17760,b434_stop,-1.1245348864086044
DOT/USDT:USDT,2026-03-16 04:00:00+00:00,2026-03-21 20:00:00+00:00,1.478,1.492,10.0,False,99.9867,676.5,0.07346345432921192,7.34977559,8160,b434_stop,-0.9157014103564041
UNI/USDT:USDT,2026-03-21 00:00:00+00:00,2026-03-21 20:00:00+00:00,3.602,3.577,10.0,False,99.7754,277.0,-0.08091148083376394,-8.07781915,1200,b434_stop,0.040330652558806
BNB/USDT:USDT,2026-03-21 08:00:00+00:00,2026-03-21 20:00:00+00:00,642.97,641.43,10.0,False,99.66035,1.55,-0.03591543069399196,-3.581492,720,b434_stop,0.0
SUI/USDT:USDT,2026-03-21 08:00:00+00:00,2026-03-21 20:00:00+00:00,0.9629,0.9613,10.0,False,99.997165,1038.5,-0.027504398178631,-2.75201206,720,b434_stop,0.108556957633
DOGE/USDT:USDT,2026-03-21 08:00:00+00:00,2026-03-21 20:00:00+00:00,0.09432,0.09401,10.0,False,99.998064,10602.0,-0.04349678033472505,-4.35220358,720,b434_stop,0.1324212124186116
TRUMP/USDT:USDT,2026-03-21 08:00:00+00:00,2026-03-21 20:00:00+00:00,3.343,3.34,10.0,False,99.999159,299.13,-0.010772236107198047,-1.07786088,720,b434_stop,1.0189805898562383
LYN/USDT:USDT,2026-03-21 12:00:00+00:00,2026-03-21 20:00:00+00:00,0.06118,0.06723,10.0,True,99.99871,16345.0,-1.0005776720107042,-99.99644257,480,stop_loss,0.150124297435
ONDO/USDT:USDT,2026-03-21 16:00:00+00:00,2026-03-21 20:00:00+00:00,0.261,0.2595,10.0,False,99.99954,3831.4,-0.06985865694846277,-6.99002506,240,b434_stop,-0.04637884286553684
MOVR/USDT:USDT,2026-03-21 16:00:00+00:00,2026-03-21 20:00:00+00:00,1.158,1.163,10.0,False,99.99909,863.55,0.030184134159930272,3.02019698,240,b434_stop,-0.0949732905866589
AAVE/USDT:USDT,2026-03-21 20:00:00+00:00,2026-03-21 20:00:00+00:00,111.71,111.71,10.0,False,99.4219,8.9,-0.011992804317409556,-1.1930628,0,b434_stop,0.0
PUMP/USDT:USDT,2026-02-28 20:00:00+00:00,2026-03-22 00:00:00+00:00,0.001835,0.001821,10.0,False,99.9999765,544959.0,-0.11463788542481214,-11.47066412,30480,b434_stop,-2.6458160605764043
LINK/USDT:USDT,2026-03-18 08:00:00+00:00,2026-03-22 00:00:00+00:00,9.809,8.819,10.0,True,99.992946,101.94,0.9957792192523178,99.51115516,5280,b434_limit,-0.2700818527051778
BNB/USDT:USDT,2026-03-22 00:00:00+00:00,2026-03-22 00:00:00+00:00,630.29,630.29,10.0,True,99.58582,1.58,-0.012007204322593555,-1.19502984,0,b434_stop,0.0
SUI/USDT:USDT,2026-03-22 00:00:00+00:00,2026-03-22 00:00:00+00:00,0.9323,0.9323,10.0,True,99.998498,1072.6,-0.012766664639033117,-1.2758813,0,b434_stop,-0.075899328091455
DOGE/USDT:USDT,2026-03-22 00:00:00+00:00,2026-03-22 00:00:00+00:00,0.09129,0.09129,10.0,True,99.999066,10954.0,-0.012748697319781135,-1.27409291,0,b434_stop,-0.074104121236002
1000PEPE/USDT:USDT,2026-03-22 00:00:00+00:00,2026-03-22 00:00:00+00:00,0.0033108,0.0033108,10.0,True,99.99973428,302041.0,-0.014931135132286638,-1.49221368,0,b434_stop,-0.29221686632464383
AAVE/USDT:USDT,2026-03-22 00:00:00+00:00,2026-03-22 00:00:00+00:00,108.28,108.28,10.0,True,99.6176,9.2,-0.011782905137631333,-1.17308046,0,b434_stop,0.02233074347028612
AVAX/USDT:USDT,2026-03-22 00:00:00+00:00,2026-03-22 00:00:00+00:00,9.208,9.208,10.0,True,99.4464,108.0,-0.011479622030063938,-1.14092212,0,b434_stop,0.0524346770654784
ONDO/USDT:USDT,2026-03-22 00:00:00+00:00,2026-03-22 00:00:00+00:00,0.2522,0.2522,10.0,True,99.999822,3965.1,-0.011574320782399058,-1.15673556,0,b434_stop,0.04326230092595696
WLD/USDT:USDT,2026-03-22 04:00:00+00:00,2026-03-22 04:00:00+00:00,0.3199,0.3199,10.0,False,99.96875,3125.0,-0.011992804317409553,-1.199625,0,b434_stop,0.0
BCH/USDT:USDT,2026-03-22 04:00:00+00:00,2026-03-22 04:00:00+00:00,464.35,464.35,10.0,True,99.974555,2.153,-0.012007204322593557,-1.19969466,0,b434_stop,0.0
US/USDT:USDT,2026-03-19 20:00:00+00:00,2026-03-22 08:00:00+00:00,0.003112,0.00334,10.0,False,99.9997632,321336.0,0.6962766848615427,69.66928011,3600,b434_stop,-2.351371969534392
BCH/USDT:USDT,2026-03-22 16:00:00+00:00,2026-03-22 16:00:00+00:00,468.55,468.55,10.0,False,99.98857,2.134,-0.012992307727149387,-1.29986172,0,b434_stop,-0.099998877141042
BTC/USDT:USDT,2026-03-18 04:00:00+00:00,2026-03-22 20:00:00+00:00,74414.7,68170.6,10.0,True,96.73911,0.013,0.8266184723137593,79.91835552,6720,b434_limit,-0.14277914069377207
GTC/USDT:USDT,2026-03-22 12:00:00+00:00,2026-03-22 20:00:00+00:00,0.084,0.082,10.0,False,99.99948,11904.7,-0.25079595095085777,-25.09451236,480,b434_stop,-0.09940424500000002
BCH/USDT:USDT,2026-03-22 20:00:00+00:00,2026-03-22 20:00:00+00:00,465.29,465.29,10.0,True,99.990821,2.149,-0.012007204302579712,-1.19988985,0,b434_stop,0.0
ORCA/USDT:USDT,2026-03-22 12:00:00+00:00,2026-03-23 00:00:00+00:00,0.905,0.902,10.0,True,99.99345,1104.9,0.02110952646025491,2.10954789,720,b434_stop,-0.007219534588072392
BCH/USDT:USDT,2026-03-23 00:00:00+00:00,2026-03-23 04:00:00+00:00,467.1,468.43,10.0,False,99.9594,2.14,0.01544720640489693,1.54501994,240,b434_stop,-0.09995953933326
FIL/USDT:USDT,2026-03-22 04:00:00+00:00,2026-03-23 08:00:00+00:00,0.883,0.847,10.0,True,99.99975,1132.5,0.38923862038492396,38.90041047,1680,b434_stop,-0.6940545310227547
1000SHIB/USDT:USDT,2026-03-22 04:00:00+00:00,2026-03-23 08:00:00+00:00,0.005852,0.005755,10.0,True,99.9995612,170881.0,0.14901978277613323,14.89297174,1680,b434_stop,-0.49243579919590197
PUMP/USDT:USDT,2026-03-22 08:00:00+00:00,2026-03-23 08:00:00+00:00,0.00181,0.001761,10.0,True,99.999966,552486.0,0.25777248358020693,25.76177325,1440,b434_stop,-0.12628424490864598
TRUMP/USDT:USDT,2026-03-22 08:00:00+00:00,2026-03-23 08:00:00+00:00,3.214,3.172,10.0,True,99.997182,311.13,0.11395887806120378,11.38872933,1440,b434_stop,-0.486604957129002
MUBARAK/USDT:USDT,2026-03-23 04:00:00+00:00,2026-03-23 08:00:00+00:00,0.01284,0.0127,10.0,False,99.999204,77881.0,-0.12169542122403584,-12.17674692,240,b434_stop,-0.079958475675
US/USDT:USDT,2026-03-22 16:00:00+00:00,2026-03-23 12:00:00+00:00,0.003078,0.003097,10.0,True,99.9999108,324886.0,-0.06632181691371349,-6.62819647,1200,b434_stop,0.74834016094002
BNB/USDT:USDT,2026-03-23 12:00:00+00:00,2026-03-23 16:00:00+00:00,638.16,637.35,10.0,False,99.55296,1.56,-0.024670323792937474,-2.45747736,240,b434_stop,0.0
ONDO/USDT:USDT,2026-03-23 16:00:00+00:00,2026-03-23 16:00:00+00:00,0.2529,0.2529,10.0,False,99.999189,3954.1,-0.011466693934324146,-1.14734809,0,b434_stop,0.052642178335375205
ZRO/USDT:USDT,2026-03-18 16:00:00+00:00,2026-03-23 20:00:00+00:00,2.18,2.1553,10.0,True,99.9966,458.7,0.08738688530258937,8.73314838,7440,b434_stop,-1.403580352707478
ARB/USDT:USDT,2026-03-22 00:00:00+00:00,2026-03-23 20:00:00+00:00,0.0962,0.0949,10.0,True,99.9999,10395.0,0.11919558187318843,11.91239454,2640,b434_stop,-0.4092147641476125
BEAMX/USDT:USDT,2026-03-23 20:00:00+00:00,2026-03-23 20:00:00+00:00,0.001819,0.001819,10.0,False,99.9998888,549752.0,-0.012492504497301618,-1.24999861,0,b434_stop,-0.0499999444
NIL/USDT:USDT,2026-03-17 16:00:00+00:00,2026-03-24 00:00:00+00:00,0.05388,0.04067,10.0,True,99.9996636,18559.7,2.4595666840283528,245.8082675,9120,b434_limit,1.68752228343805
SUI/USDT:USDT,2026-03-23 16:00:00+00:00,2026-03-24 00:00:00+00:00,0.9517,0.9524,10.0,False,99.995119,1050.7,-0.0054380987336191755,-0.5441096,480,b434_stop,-0.07921687937334466
ADA/USDT:USDT,2026-03-23 16:00:00+00:00,2026-03-24 00:00:00+00:00,0.2609,0.2615,10.0,False,99.97688,3832.0,0.0100093839277092,1.0013074,480,b434_stop,-0.0967905154871968
DOT/USDT:USDT,2026-03-24 08:00:00+00:00,2026-03-24 08:00:00+00:00,1.425,1.425,10.0,False,99.99225,701.7,-0.008152213747394926,-0.81564729,0,b434_stop,0.384259705284
BTC/USDT:USDT,2026-03-23 12:00:00+00:00,2026-03-24 12:00:00+00:00,70097.2,71116.4,10.0,False,98.13608,0.014,0.13241424184888234,13.0024114,1440,b434_stop,-0.08019435529006587
NEAR/USDT:USDT,2026-03-23 12:00:00+00:00,2026-03-24 12:00:00+00:00,1.302,1.299,10.0,False,99.9936,768.0,-0.034799330095363165,-3.48179812,1440,b434_stop,0.020742681600000007
PUMP/USDT:USDT,2026-03-23 16:00:00+00:00,2026-03-24 12:00:00+00:00,0.001795,0.001802,10.0,False,99.9999885,557103.0,0.02879288718086022,2.88101596,1200,b434_stop,0.1836346523639067
AAVE/USDT:USDT,2026-03-23 16:00:00+00:00,2026-03-24 12:00:00+00:00,109.46,110.63,10.0,False,99.6086,9.1,0.09252725742210821,9.22204048,1200,b434_stop,-0.2232681156200495
ENA/USDT:USDT,2026-03-24 08:00:00+00:00,2026-03-24 12:00:00+00:00,0.0942,0.0952,10.0,False,99.9933,10615.0,0.09385368036128539,9.39037006,240,b434_stop,-0.018341344696185497
TAO/USDT:USDT,2026-03-23 16:00:00+00:00,2026-03-25 08:00:00+00:00,279.71,341.36,10.0,False,99.996325,3.575,2.197640049500082,219.88778218,2400,b434_limit,0.8212273312811654
1000SHIB/USDT:USDT,2026-03-23 12:00:00+00:00,2026-03-26 04:00:00+00:00,0.00602,0.006052,10.0,False,99.999424,166112.0,0.03717444458652379,3.7196535,3840,b434_stop,-0.39274806184451205
NIL/USDT:USDT,2026-03-26 00:00:00+00:00,2026-03-26 04:00:00+00:00,0.03828,0.03773,10.0,False,99.9999924,26123.3,-0.15032196095475087,-15.04121427,240,b434_stop,0.5179799501842
LYN/USDT:USDT,2026-03-21 20:00:00+00:00,2026-03-26 08:00:00+00:00,0.0622,0.05909,10.0,False,99.99894,16077.0,-0.5949504511879546,-59.53011112,6480,liquidation,-8.360653518824606
DOGE/USDT:USDT,2026-03-23 12:00:00+00:00,2026-03-26 08:00:00+00:00,0.0925,0.09269,10.0,False,99.9925,10810.0,0.004624536726322833,0.46269644,4080,b434_stop,-0.390061222098408
AVAX/USDT:USDT,2026-03-23 12:00:00+00:00,2026-03-26 08:00:00+00:00,9.38,9.433,10.0,False,99.428,106.0,0.03801896638900435,3.78241788,4080,b434_stop,-0.639075322692486
ORCA/USDT:USDT,2026-03-23 16:00:00+00:00,2026-03-26 08:00:00+00:00,0.923,0.921,10.0,False,99.99782,1083.4,-0.04071604521522242,-4.07395867,3840,b434_stop,-0.7084849114647035
ARB/USDT:USDT,2026-03-23 20:00:00+00:00,2026-03-26 08:00:00+00:00,0.0949,0.0951,10.0,False,99.999926,10537.4,0.003176602990302443,0.31785066,3600,b434_stop,-0.5883657425099768
AIN/USDT:USDT,2026-03-26 04:00:00+00:00,2026-03-26 08:00:00+00:00,0.06278,0.0621,10.0,False,99.995984,15928.0,-0.1211712880858214,-12.12391217,240,b434_stop,-0.099418984236
LINK/USDT:USDT,2026-03-23 12:00:00+00:00,2026-03-26 12:00:00+00:00,8.972,8.94,10.0,False,99.99294,111.45,-0.052335200261900444,-5.23629043,4320,b434_stop,-0.47211499177333066
FIL/USDT:USDT,2026-03-23 16:00:00+00:00,2026-03-26 12:00:00+00:00,0.896,0.885,10.0,False,99.9936,1116.0,-0.1419191823679474,-14.19952456,4080,b434_stop,-0.730966956192
LIT/USDT:USDT,2026-03-24 08:00:00+00:00,2026-03-26 12:00:00+00:00,0.953,0.95,10.0,False,99.99829,1049.3,-0.05060241137359107,-5.0631907,3120,b434_stop,-0.71719995550315
BTC/USDT:USDT,2026-03-26 12:00:00+00:00,2026-03-26 12:00:00+00:00,69239.3,69239.3,10.0,True,96.93502,0.014,-0.012007204322593557,-1.16322024,0,b434_stop,0.0
SUI/USDT:USDT,2026-03-26 12:00:00+00:00,2026-03-26 12:00:00+00:00,0.9241,0.9241,10.0,True,99.996861,1082.1,-0.012007204302580921,-1.19996233,0,b434_stop,0.0
BEAMX/USDT:USDT,2026-03-26 12:00:00+00:00,2026-03-26 12:00:00+00:00,0.00174,0.00174,10.0,True,99.999888,574712.0,-0.011506777646446278,-1.14998607,0,b434_stop,0.050012587664000005
MUBARAK/USDT:USDT,2026-03-26 12:00:00+00:00,2026-03-26 12:00:00+00:00,0.01165,0.01165,10.0,True,99.99894,85836.0,-0.012021412798198395,-1.20140726,0,b434_stop,-0.0014199849480000001
TAO/USDT:USDT,2026-03-26 12:00:00+00:00,2026-03-26 12:00:00+00:00,334.78,334.78,10.0,True,99.998786,2.987,-0.011506904152491617,-1.14998604,0,b434_stop,0.049999393
AVAX/USDT:USDT,2026-03-26 12:00:00+00:00,2026-03-26 12:00:00+00:00,9.23,9.23,10.0,True,99.684,108.0,-0.012007204322593557,-1.196208,0,b434_stop,0.0
NIL/USDT:USDT,2026-03-26 12:00:00+00:00,2026-03-26 12:00:00+00:00,0.03466,0.03466,10.0,True,99.9999922,28851.7,-0.013205630307605704,-1.31977059,0,b434_stop,-0.1197706817715618
ARB/USDT:USDT,2026-03-26 12:00:00+00:00,2026-03-26 12:00:00+00:00,0.0939,0.0939,10.0,True,99.999744,10649.6,-0.012007204342605615,-1.19999693,0,b434_stop,0.0
ZRO/USDT:USDT,2026-03-26 00:00:00+00:00,2026-03-26 16:00:00+00:00,2.1428,2.1005,10.0,True,99.983048,466.6,0.18327529876660972,18.31342834,960,b434_stop,-0.235797396923983
PUMP/USDT:USDT,2026-03-26 16:00:00+00:00,2026-03-26 20:00:00+00:00,0.001766,0.001756,10.0,True,99.9999266,566251.0,0.04409742460285086,4.40709338,240,b434_stop,-0.05881500779237999
UNI/USDT:USDT,2026-03-26 16:00:00+00:00,2026-03-26 20:00:00+00:00,3.513,3.494,10.0,True,99.7692,284.0,0.0421588786374626,4.2036339,240,b434_stop,0.0016267023474564003
SOL/USDT:USDT,2026-03-18 08:00:00+00:00,2026-03-27 08:00:00+00:00,93.89,85.87,10.0,True,99.99285,10.65,0.8294492380799985,82.88922985,12960,b434_limit,-1.3751037457734172
STRK/USDT:USDT,2026-03-18 08:00:00+00:00,2026-03-27 08:00:00+00:00,0.03994,0.03561,10.0,True,99.999775,25037.5,1.0137373236346134,101.31268017,12960,b434_limit,-5.964744957218036
SAND/USDT:USDT,2026-03-18 12:00:00+00:00,2026-03-27 08:00:00+00:00,0.08673,0.07704,10.0,True,99.99969,11530.0,1.0703188022788614,106.9673295,12720,b434_limit,-3.6254096407709677
ETH/USDT:USDT,2026-03-18 12:00:00+00:00,2026-03-27 08:00:00+00:00,2268.11,2064.94,10.0,True,99.79684,0.44,0.8827468934917595,88.04249328,12720,b434_limit,-0.20838152175125196
1000PEPE/USDT:USDT,2026-03-23 12:00:00+00:00,2026-03-27 08:00:00+00:00,0.0033769,0.0033984,10.0,False,99.99980201,296129.0,0.05800239886853177,5.80370854,5520,b434_stop,0.64075273264451
VIRTUAL/USDT:USDT,2026-03-23 12:00:00+00:00,2026-03-27 08:00:00+00:00,0.6822,0.6874,10.0,False,99.996876,1465.8,0.07453689729141615,7.45792895,5520,b434_stop,1.0403047569743196
MOVR/USDT:USDT,2026-03-26 08:00:00+00:00,2026-03-27 08:00:00+00:00,1.074,1.07,10.0,True,99.999066,931.09,0.028731744139961546,2.87142369,1440,b434_stop,0.344817867359865
GTC/USDT:USDT,2026-03-26 20:00:00+00:00,2026-03-27 08:00:00+00:00,0.079,0.079,10.0,True,99.99978,12658.2,-0.022067543545593996,-2.20542545,720,b434_stop,-1.0054280886178957
WLD/USDT:USDT,2026-03-26 12:00:00+00:00,2026-03-27 20:00:00+00:00,0.304,0.2613,10.0,True,99.9856,3289.0,1.3864826874273417,138.54512641,1920,b434_limit,-0.7796105741050484
BCH/USDT:USDT,2026-03-25 20:00:00+00:00,2026-03-28 04:00:00+00:00,473.92,474.79,10.0,True,99.99712,2.11,-0.03613602811004503,-3.61133064,3360,b434_stop,-0.5745637834738287
ONDO/USDT:USDT,2026-03-28 04:00:00+00:00,2026-03-28 08:00:00+00:00,0.2637,0.2647,10.0,True,99.997677,3792.1,-0.049222195562881696,-4.91915195,240,b434_stop,0.07519543367765
DOGE/USDT:USDT,2026-03-26 08:00:00+00:00,2026-03-28 12:00:00+00:00,0.09269,0.09133,10.0,True,99.993972,10788.0,0.1301621622647951,13.00762235,3120,b434_stop,-0.47293299689082235
DOGE/USDT:USDT,2026-03-28 16:00:00+00:00,2026-03-28 16:00:00+00:00,0.09401,0.09401,10.0,False,99.998437,10637.0,-0.012992100328171143,-1.29996924,0,b434_stop,-0.099987991466
NIL/USDT:USDT,2026-03-28 12:00:00+00:00,2026-03-28 20:00:00+00:00,0.03253,0.03262,10.0,False,99.9998224,30740.8,0.02528492737654871,2.53000534,480,b434_stop,0.9649912102611005
ONDO/USDT:USDT,2026-03-28 16:00:00+00:00,2026-03-28 20:00:00+00:00,0.2768,0.2747,10.0,False,99.999536,3612.7,-0.08854748531565867,-8.86002027,240,b434_stop,-0.077907839373
PUMP/USDT:USDT,2026-03-28 20:00:00+00:00,2026-03-28 20:00:00+00:00,0.001739,0.001739,10.0,False,99.9999777,575043.0,-0.01249250448480911,-1.24999972,0,b434_stop,-0.04999998885
STRK/USDT:USDT,2026-03-28 20:00:00+00:00,2026-03-28 20:00:00+00:00,0.03453,0.03453,10.0,False,99.9999159,28960.3,-0.011630261929761057,-1.16372303,0,b434_stop,0.036275955892127114
MOVR/USDT:USDT,2026-03-28 20:00:00+00:00,2026-03-28 20:00:00+00:00,1.039,1.039,10.0,False,99.999594,962.46,-0.01249274620325996,-1.25001911,0,b434_stop,-0.05002397784504
MUBARAK/USDT:USDT,2026-03-28 20:00:00+00:00,2026-03-29 00:00:00+00:00,0.01119,0.01111,10.0,False,99.999435,89365.0,-0.08439563743898937,-8.44457977,240,b434_stop,-0.09967606774750001
PUMP/USDT:USDT,2026-03-29 00:00:00+00:00,2026-03-29 04:00:00+00:00,0.001707,0.001723,10.0,True,99.9999861,585823.0,-0.10510309185567758,-10.50400154,240,b434_stop,0.07479019464224
PUMP/USDT:USDT,2026-03-29 04:00:00+00:00,2026-03-29 08:00:00+00:00,0.001723,0.001709,10.0,False,99.9999909,580383.0,-0.09389036852803312,-9.39466942,240,b434_stop,-0.07418274426504
ETH/USDT:USDT,2026-03-29 04:00:00+00:00,2026-03-29 08:00:00+00:00,2010.14,2005.0,10.0,False,99.903958,0.497,-0.03716595667106025,-3.71525399,240,b434_stop,0.03664075345
GTC/USDT:USDT,2026-03-29 04:00:00+00:00,2026-03-29 12:00:00+00:00,0.079,0.078,10.0,False,99.99978,12658.2,-0.13656504649547088,-13.66466849,480,b434_stop,0.18593394713428982
SAND/USDT:USDT,2026-03-29 08:00:00+00:00,2026-03-29 12:00:00+00:00,0.07347,0.07339,10.0,False,99.99267,13610.0,-0.018663794000533578,-1.86736234,240,b434_stop,0.42069641807600006
BTC/USDT:USDT,2026-03-29 08:00:00+00:00,2026-03-29 16:00:00+00:00,66632.4,66499.9,10.0,False,99.9486,0.015,-0.0321199859870088,-3.21227384,480,b434_stop,-0.026583135187160874
LTC/USDT:USDT,2026-03-09 12:00:00+00:00,2026-03-29 20:00:00+00:00,53.36,53.32,10.0,False,99.99664,18.74,-0.030159852867358564,-3.01769348,29280,b434_stop,-1.068583562017458
XRP/USDT:USDT,2026-03-18 12:00:00+00:00,2026-03-29 20:00:00+00:00,1.4889,1.3172,10.0,True,99.994524,671.6,1.1317311275889421,113.09901525,16320,b434_limit,-1.0839586891656718
PENGU/USDT:USDT,2026-03-18 12:00:00+00:00,2026-03-29 20:00:00+00:00,0.007682,0.006261,10.0,True,99.9996668,130174.0,1.8341805319418039,183.30739158,16320,b434_limit,-0.5808527740427719
XLM/USDT:USDT,2026-03-23 16:00:00+00:00,2026-03-29 20:00:00+00:00,0.16495,0.16402,10.0,False,99.99269,6062.0,-0.07656261891413062,-7.66029564,8880,b434_stop,-0.826105960567853
ORCA/USDT:USDT,2026-03-26 08:00:00+00:00,2026-03-29 20:00:00+00:00,0.921,0.826,10.0,True,99.99297,1085.7,1.0121537879914437,101.1475384,5040,b434_limit,-0.8559308564000087
AAVE/USDT:USDT,2026-03-26 08:00:00+00:00,2026-03-29 20:00:00+00:00,108.1,95.06,10.0,True,99.452,9.2,1.193427240835512,118.61751272,5040,b434_limit,-0.22904407672516047
WLD/USDT:USDT,2026-03-29 00:00:00+00:00,2026-03-29 20:00:00+00:00,0.2686,0.2734,10.0,False,99.99978,3723.0,0.16386447263456017,16.39624306,1200,b434_stop,-0.2634373434685872
DOGE/USDT:USDT,2026-03-29 20:00:00+00:00,2026-03-29 20:00:00+00:00,0.09058,0.09058,10.0,True,99.991262,11039.0,-0.012007204282566044,-1.19989514,0,b434_stop,0.0
PUMP/USDT:USDT,2026-03-30 00:00:00+00:00,2026-03-30 00:00:00+00:00,0.001667,0.001667,10.0,True,99.999996,599880.0,-0.012512407444662796,-1.25048995,0,b434_stop,-0.050489997980400006
STRK/USDT:USDT,2026-03-30 00:00:00+00:00,2026-03-30 00:00:00+00:00,0.03338,0.03338,10.0,True,99.999804,29958.0,-0.0129805283435766,-1.29727146,0,b434_stop,-0.09727380826447199
1000SHIB/USDT:USDT,2026-03-26 04:00:00+00:00,2026-03-30 04:00:00+00:00,0.006052,0.005936,10.0,True,99.9996168,165234.0,0.17563210578188518,17.55260539,5760,b434_stop,-0.42604349561714394
LTC/USDT:USDT,2026-03-30 04:00:00+00:00,2026-03-30 04:00:00+00:00,54.02,54.02,10.0,False,99.996422,18.511,-0.01199280427743211,-1.19995706,0,b434_stop,0.0
PUMP/USDT:USDT,2026-03-30 04:00:00+00:00,2026-03-30 08:00:00+00:00,0.001716,0.001722,10.0,False,99.9999,582750.0,0.02224992460850946,2.22632523,240,b434_stop,-0.06807807323887499
BCH/USDT:USDT,2026-03-29 16:00:00+00:00,2026-03-30 12:00:00+00:00,458.85,456.08,10.0,True,99.983415,2.179,0.046613454775835186,4.65777605,1200,b434_stop,-0.18187447031238185
VIRTUAL/USDT:USDT,2026-03-30 04:00:00+00:00,2026-03-30 12:00:00+00:00,0.6707,0.6703,10.0,False,99.994663,1490.9,-0.019237839136027158,-1.92483545,480,b434_stop,-0.1288973085451
ZRO/USDT:USDT,2026-03-30 08:00:00+00:00,2026-03-30 12:00:00+00:00,2.0082,2.0217,10.0,False,99.988278,497.9,0.0554040868116493,5.54308309,240,b434_stop,0.025325416625599992
SOL/USDT:USDT,2026-03-30 04:00:00+00:00,2026-03-30 16:00:00+00:00,83.24,84.45,10.0,False,99.97124,12.01,0.13346621568515013,13.35078875,720,b434_stop,0.027062892031999998
DOGE/USDT:USDT,2026-03-30 04:00:00+00:00,2026-03-30 16:00:00+00:00,0.09242,0.09286,10.0,False,99.99844,10820.0,0.0335454429571212,3.35650466,720,b434_stop,-0.20145757999999997
STRK/USDT:USDT,2026-03-30 04:00:00+00:00,2026-03-30 16:00:00+00:00,0.03438,0.03443,10.0,False,99.9997308,29086.6,0.0032325031052563443,0.32344339,720,b434_stop,0.06998276052387709
1000PEPE/USDT:USDT,2026-03-30 04:00:00+00:00,2026-03-30 16:00:00+00:00,0.0033445,0.0033667,10.0,False,99.9998811,298998.0,0.052283274937150494,5.23145827,720,b434_stop,-0.202316099706
BEAMX/USDT:USDT,2026-03-30 04:00:00+00:00,2026-03-30 16:00:00+00:00,0.001612,0.001635,10.0,False,99.9999364,620347.0,0.12849335066040785,12.85703649,720,b434_stop,-0.20238448666800002
AAVE/USDT:USDT,2026-03-30 04:00:00+00:00,2026-03-30 16:00:00+00:00,98.17,98.56,10.0,False,99.1517,10.1,0.026081414640797648,2.58756821,720,b434_stop,-0.15924799280000002
PENGU/USDT:USDT,2026-03-30 04:00:00+00:00,2026-03-30 16:00:00+00:00,0.006492,0.006498,10.0,False,99.999522,154035.0,-0.0034261637886159775,-0.34282031,720,b434_stop,-0.0664815214035
ARB/USDT:USDT,2026-03-30 04:00:00+00:00,2026-03-30 16:00:00+00:00,0.0911,0.0922,10.0,False,99.999559,10976.9,0.10698078429775125,10.70445007,720,b434_stop,-0.1629004729921346
FIL/USDT:USDT,2026-03-30 04:00:00+00:00,2026-03-30 16:00:00+00:00,0.822,0.83,10.0,False,99.9963,1216.5,0.08316579160560661,8.32126121,720,b434_stop,-0.20494399221750004
SUI/USDT:USDT,2026-03-30 08:00:00+00:00,2026-03-30 16:00:00+00:00,0.8819,0.8812,10.0,False,99.998641,1133.9,-0.02151517776004449,-2.15277943,480,b434_stop,-0.1595419762559
XLM/USDT:USDT,2026-03-30 08:00:00+00:00,2026-03-30 16:00:00+00:00,0.17087,0.17076,10.0,False,99.993124,5852.0,-0.020420591307545696,-2.04314387,480,b434_stop,-0.199892616
PUMP/USDT:USDT,2026-03-31 00:00:00+00:00,2026-03-31 00:00:00+00:00,0.001657,0.001657,10.0,True,99.99995,603500.0,-0.011506695767356289,-1.1499786,0,b434_stop,0.05002079575
US/USDT:USDT,2026-03-24 12:00:00+00:00,2026-03-31 04:00:00+00:00,0.003244,0.003868,10.0,False,99.9998684,308261.0,1.856953720784876,185.80654478,9600,b434_limit,-5.2329078788355865
1000SHIB/USDT:USDT,2026-03-30 04:00:00+00:00,2026-03-31 04:00:00+00:00,0.005936,0.005918,10.0,False,99.9996368,168463.0,-0.04533361688035932,-4.53606523,1440,b434_stop,-0.305554988603
GTC/USDT:USDT,2026-03-30 04:00:00+00:00,2026-03-31 08:00:00+00:00,0.076,0.076,10.0,True,99.99928,13157.8,-0.01093037327543363,-1.09237364,1680,b434_stop,0.10761772244945103
AVAX/USDT:USDT,2026-03-30 04:00:00+00:00,2026-03-31 08:00:00+00:00,8.801,8.917,10.0,False,99.4513,113.0,0.11712724304306099,11.65544566,1680,b434_stop,-0.2512739383276782
ORCA/USDT:USDT,2026-03-30 04:00:00+00:00,2026-03-31 08:00:00+00:00,0.844,0.858,10.0,False,99.99712,1184.8,0.15218123330922548,15.22681566,1680,b434_stop,-0.1504665833901984
AIN/USDT:USDT,2026-03-31 08:00:00+00:00,2026-03-31 08:00:00+00:00,0.05463,0.05463,10.0,True,99.994752,18304.0,-0.011507204958752617,-1.14996971,0,b434_stop,0.04996731168
BCH/USDT:USDT,2026-03-31 08:00:00+00:00,2026-03-31 08:00:00+00:00,469.82,469.82,10.0,False,99.977696,2.128,-0.012261177667306375,-1.2265798,0,b434_stop,-0.02684744509541573
XRP/USDT:USDT,2026-03-31 12:00:00+00:00,2026-03-31 12:00:00+00:00,1.314,1.314,10.0,True,99.9954,761.0,-0.012007204322593555,-1.1999448,0,b434_stop,0.0
DOGE/USDT:USDT,2026-03-31 12:00:00+00:00,2026-03-31 12:00:00+00:00,0.09028,0.09028,10.0,True,99.994128,11076.0,-0.012007204362619922,-1.19992954,0,b434_stop,0.0
XLM/USDT:USDT,2026-03-31 12:00:00+00:00,2026-03-31 12:00:00+00:00,0.16499,0.16499,10.0,True,99.98394,6060.0,-0.012007204322593557,-1.19980728,0,b434_stop,0.0
VIRTUAL/USDT:USDT,2026-03-31 12:00:00+00:00,2026-03-31 12:00:00+00:00,0.6376,0.6376,10.0,True,99.994808,1568.3,-0.013482058003260414,-1.34732692,0,b434_stop,-0.147389226075
ONDO/USDT:USDT,2026-03-29 04:00:00+00:00,2026-03-31 20:00:00+00:00,0.2707,0.2714,10.0,True,99.999287,3694.1,-0.03584332490451153,-3.58215635,3840,b434_stop,0.20525661579323418
XRP/USDT:USDT,2026-03-31 20:00:00+00:00,2026-03-31 20:00:00+00:00,1.3444,1.3444,10.0,False,99.996472,743.8,-0.011992804277432129,-1.19995766,0,b434_stop,0.0
PUMP/USDT:USDT,2026-04-01 00:00:00+00:00,2026-04-01 00:00:00+00:00,0.001676,0.001676,10.0,False,99.9998808,596658.0,-0.011234467319128458,-1.12411946,0,b434_stop,0.07587911074530959
LINK/USDT:USDT,2026-03-26 12:00:00+00:00,2026-04-01 04:00:00+00:00,8.94,8.816,10.0,True,99.9939,111.85,0.1300473756555744,12.99614191,8160,b434_stop,0.31834707448322197
ZRO/USDT:USDT,2026-03-30 20:00:00+00:00,2026-04-01 12:00:00+00:00,1.9241,1.8753,10.0,True,99.995477,519.7,0.22821813949676364,22.80708925,2400,b434_stop,-1.36954184276601
ONDO/USDT:USDT,2026-04-01 00:00:00+00:00,2026-04-01 16:00:00+00:00,0.2727,0.2731,10.0,False,99.99909,3667.0,0.0018650644436035266,0.18661665,960,b434_stop,-0.07931419137327099
TAO/USDT:USDT,2026-04-01 12:00:00+00:00,2026-04-01 20:00:00+00:00,311.2,314.5,10.0,False,99.98856,3.213,0.09464758992694206,9.46935443,480,b434_stop,0.072678892979889
DOGE/USDT:USDT,2026-03-31 20:00:00+00:00,2026-04-02 00:00:00+00:00,0.0921,0.09214,10.0,False,99.99297,10857.0,-0.01062164316363713,-1.0627269,1680,b434_stop,-0.2968306881629166
VIRTUAL/USDT:USDT,2026-03-31 20:00:00+00:00,2026-04-02 00:00:00+00:00,0.655,0.6608,10.0,False,99.99885,1526.7,0.07551683216533683,7.55612733,1680,b434_stop,-0.09343355135203173
XLM/USDT:USDT,2026-04-01 04:00:00+00:00,2026-04-02 00:00:00+00:00,0.16963,0.16927,10.0,False,99.996885,5895.0,-0.03621060047669496,-3.62311982,1200,b434_stop,-0.30223051920000005
UNI/USDT:USDT,2026-03-30 04:00:00+00:00,2026-04-02 04:00:00+00:00,3.449,3.442,10.0,False,99.6761,289.0,-0.03926346308369202,-3.91597705,4320,b434_stop,-0.6980776465105513
1000PEPE/USDT:USDT,2026-04-02 04:00:00+00:00,2026-04-02 04:00:00+00:00,0.0032933,0.0032933,10.0,True,99.99973718,303646.0,-0.012007204361016712,-1.19999685,0,b434_stop,0.0
BNB/USDT:USDT,2026-03-26 12:00:00+00:00,2026-04-02 08:00:00+00:00,629.09,592.07,10.0,True,99.39622,1.58,0.5778033375977111,57.39700878,9840,b434_limit,0.06306845623710591
LIT/USDT:USDT,2026-03-26 20:00:00+00:00,2026-04-02 12:00:00+00:00,0.905,0.86,10.0,True,99.99345,1104.9,0.5047328013432949,50.43969215,9600,b434_stop,1.889281252838218
DOGE/USDT:USDT,2026-04-02 04:00:00+00:00,2026-04-02 12:00:00+00:00,0.09005,0.08992,10.0,True,99.99152,11104.0,0.001098268238209638,0.10975162,480,b434_stop,-0.1347362490572928
1000SHIB/USDT:USDT,2026-04-02 04:00:00+00:00,2026-04-02 12:00:00+00:00,0.005834,0.005819,10.0,True,99.9994272,171408.0,0.01049621031240674,1.04898525,480,b434_stop,-0.32368429608
AVAX/USDT:USDT,2026-04-02 08:00:00+00:00,2026-04-02 12:00:00+00:00,8.739,8.675,10.0,True,99.6246,114.0,0.059155087409662785,5.88976594,240,b434_stop,-0.21511645874656202
SUI/USDT:USDT,2026-04-02 12:00:00+00:00,2026-04-02 12:00:00+00:00,0.8501,0.8501,10.0,True,99.997263,1176.3,-0.012007204362618665,-1.19996716,0,b434_stop,0.0
SAND/USDT:USDT,2026-04-02 12:00:00+00:00,2026-04-02 12:00:00+00:00,0.07358,0.07358,10.0,True,99.99522,13590.0,-0.012007204322593555,-1.19994264,0,b434_stop,0.0
TAO/USDT:USDT,2026-04-02 12:00:00+00:00,2026-04-02 12:00:00+00:00,295.64,295.64,10.0,True,99.985448,3.382,-0.011506885008222188,-1.14983074,0,b434_stop,0.04999463913866801
FIL/USDT:USDT,2026-04-02 12:00:00+00:00,2026-04-02 12:00:00+00:00,0.811,0.811,10.0,True,99.9963,1233.0,-0.012007204322593557,-1.1999556,0,b434_stop,0.0
AIN/USDT:USDT,2026-04-02 04:00:00+00:00,2026-04-02 16:00:00+00:00,0.05676,0.05692,10.0,False,99.999768,17618.0,0.014140718395113487,1.414917,720,b434_stop,-0.20227446025
XLM/USDT:USDT,2026-04-02 04:00:00+00:00,2026-04-02 16:00:00+00:00,0.16402,0.16362,10.0,True,99.986592,6096.0,0.009529718208896016,0.95227234,720,b434_stop,-0.2877515969886192
ARB/USDT:USDT,2026-04-02 08:00:00+00:00,2026-04-02 16:00:00+00:00,0.0914,0.0915,10.0,True,99.999826,10940.9,-0.022441400164706287,-2.24278963,480,b434_stop,0.05195473270582881
MOVR/USDT:USDT,2026-04-02 16:00:00+00:00,2026-04-02 16:00:00+00:00,1.197,1.197,10.0,True,99.999774,835.42,-0.011507341796066144,-1.15004114,0,b434_stop,0.04995615234529001
GTC/USDT:USDT,2026-04-02 16:00:00+00:00,2026-04-02 20:00:00+00:00,0.074,0.073,10.0,True,99.9999,13513.5,0.11771027810651585,11.76395343,240,b434_stop,-0.5576558700260047
LINK/USDT:USDT,2026-04-02 08:00:00+00:00,2026-04-03 00:00:00+00:00,8.559,8.628,10.0,True,99.994797,116.83,-0.09491731827590659,-9.48554323,960,b434_stop,-0.2194989036821
ORCA/USDT:USDT,2026-04-02 08:00:00+00:00,2026-04-03 00:00:00+00:00,0.834,0.835,10.0,True,99.9966,1199.0,-0.02251581696863545,-2.25015424,960,b434_stop,0.14952435810568301
MUBARAK/USDT:USDT,2026-04-02 12:00:00+00:00,2026-04-03 00:00:00+00:00,0.01096,0.01089,10.0,True,99.99904,91240.0,0.053404973964516114,5.33724186,720,b434_stop,0.146598264176
SOL/USDT:USDT,2026-04-02 04:00:00+00:00,2026-04-03 04:00:00+00:00,78.94,78.96,10.0,True,99.93804,12.66,-0.017611597557093125,-1.7590125,1440,b434_stop,-0.30640410322800005
LTC/USDT:USDT,2026-04-02 04:00:00+00:00,2026-04-03 04:00:00+00:00,52.43,52.5,10.0,True,99.999739,19.073,-0.027504650734506836,-2.74880762,1440,b434_stop,-0.2128996824181051
PUMP/USDT:USDT,2026-04-02 08:00:00+00:00,2026-04-03 04:00:00+00:00,0.001633,0.001644,10.0,True,99.9998577,612369.0,-0.07896245406859514,-7.89149643,1200,b434_stop,0.0486024988116015
AAVE/USDT:USDT,2026-04-02 08:00:00+00:00,2026-04-03 04:00:00+00:00,94.38,94.88,10.0,True,99.099,10.5,-0.06622311685076616,-6.55870707,1200,b434_stop,-0.11636906680516321
PENGU/USDT:USDT,2026-04-02 08:00:00+00:00,2026-04-03 04:00:00+00:00,0.00631,0.006288,10.0,True,99.999618,158478.0,0.0205918501237452,2.05794164,1200,b434_stop,-0.2306708525740722
VIRTUAL/USDT:USDT,2026-04-02 08:00:00+00:00,2026-04-03 04:00:00+00:00,0.6386,0.6369,10.0,True,99.998374,1565.9,0.0027779282989920683,0.27762164,1200,b434_stop,-1.1860250941288546
ONDO/USDT:USDT,2026-04-02 04:00:00+00:00,2026-04-03 08:00:00+00:00,0.2598,0.2621,10.0,True,99.999618,3849.1,-0.10068613697245407,-10.06253409,1680,b434_stop,-0.004296912314754573
ETH/USDT:USDT,2026-04-02 08:00:00+00:00,2026-04-03 12:00:00+00:00,2054.79,2061.88,10.0,True,99.862794,0.486,-0.0488566888011321,-4.87603807,1680,b434_stop,-0.2298771013872071
XRP/USDT:USDT,2026-04-02 08:00:00+00:00,2026-04-03 12:00:00+00:00,1.3167,1.3197,10.0,True,99.990198,759.4,-0.03890789319936001,-3.8880737,1680,b434_stop,-0.40862439921456817
WLD/USDT:USDT,2026-04-02 08:00:00+00:00,2026-04-03 12:00:00+00:00,0.2696,0.2726,10.0,True,99.99464,3709.0,-0.12317167874802853,-12.30911777,1680,b434_stop,0.02449411227295258
SUI/USDT:USDT,2026-04-03 08:00:00+00:00,2026-04-03 12:00:00+00:00,0.8752,0.8776,10.0,False,99.9916,1142.5,0.014646733623645573,1.46542906,240,b434_stop,-0.07502653773043
SAND/USDT:USDT,2026-04-03 12:00:00+00:00,2026-04-03 12:00:00+00:00,0.07728,0.07728,10.0,False,99.992592,12939.0,-0.011992804277430578,-1.1999111,0,b434_stop,0.0
PENGU/USDT:USDT,2026-04-03 12:00:00+00:00,2026-04-03 12:00:00+00:00,0.00642,0.00642,10.0,False,99.999846,155763.0,-0.012492582300739442,-1.25000586,0,b434_stop,-0.050007711149999995
ARB/USDT:USDT,2026-04-03 12:00:00+00:00,2026-04-03 12:00:00+00:00,0.0938,0.0938,10.0,False,99.999242,10660.9,-0.011992804277433237,-1.1999909,0,b434_stop,0.0
VIRTUAL/USDT:USDT,2026-04-03 12:00:00+00:00,2026-04-03 12:00:00+00:00,0.6511,0.6511,10.0,False,99.995938,1535.8,-0.012394289984142305,-1.24012228,0,b434_stop,-0.04017102312025376
1000SHIB/USDT:USDT,2026-04-03 12:00:00+00:00,2026-04-03 12:00:00+00:00,0.006042,0.006042,10.0,False,99.9999336,165508.0,-0.01199280428542872,-1.1999992,0,b434_stop,0.0
PUMP/USDT:USDT,2026-04-03 08:00:00+00:00,2026-04-03 16:00:00+00:00,0.001665,0.001665,10.0,False,99.9999,600600.0,-0.01349487008091845,-1.35029535,480,b434_stop,-0.1502965464
1000PEPE/USDT:USDT,2026-04-03 08:00:00+00:00,2026-04-03 16:00:00+00:00,0.0034551,0.0034288,10.0,False,99.99992277,289427.0,-0.09001260409598659,-9.00665421,480,b434_stop,-0.19929219652500002
WLD/USDT:USDT,2026-04-03 16:00:00+00:00,2026-04-03 20:00:00+00:00,0.2693,0.268,10.0,False,99.99109,3713.0,-0.060999131404778854,-6.10302926,240,b434_stop,-0.079132324842
AVAX/USDT:USDT,2026-04-03 16:00:00+00:00,2026-04-03 20:00:00+00:00,9.013,8.963,10.0,False,99.143,110.0,-0.06840087670464402,-6.785537,240,b434_stop,-0.099121
BR/USDT:USDT,2026-03-26 20:00:00+00:00,2026-04-04 00:00:00+00:00,0.16348,0.17566,10.0,True,99.984368,6116.0,-0.7333810283540915,-73.28264264,11760,liquidation,2.4547455023460247
US/USDT:USDT,2026-04-03 20:00:00+00:00,2026-04-04 04:00:00+00:00,0.005293,0.005003,10.0,True,99.9995904,188928.0,0.5385009951737605,53.81756902,480,b434_stop,0.19557062837452802
PENGU/USDT:USDT,2026-04-04 04:00:00+00:00,2026-04-04 04:00:00+00:00,0.00622,0.00622,10.0,True,99.999562,160771.0,-0.01207605169238598,-1.20687532,0,b434_stop,-0.006880578223064
DOGE/USDT:USDT,2026-04-03 16:00:00+00:00,2026-04-04 08:00:00+00:00,0.09149,0.09131,10.0,False,99.99857,10930.0,-0.033334257611324976,-3.33537812,960,b434_stop,-0.16917572044
XRP/USDT:USDT,2026-04-03 20:00:00+00:00,2026-04-04 08:00:00+00:00,1.3171,1.3153,10.0,False,99.994232,759.2,-0.025682592005526708,-2.56965193,720,b434_stop,-0.003981086649605527
MUBARAK/USDT:USDT,2026-04-04 04:00:00+00:00,2026-04-04 08:00:00+00:00,0.01114,0.01116,10.0,False,99.999324,89766.0,0.004938464225513268,0.49413939,240,b434_stop,-0.1001115315
BTC/USDT:USDT,2026-04-02 08:00:00+00:00,2026-04-04 12:00:00+00:00,66887.8,67128.9,10.0,True,93.64292,0.014,-0.04807004909561891,-4.49871891,3120,b434_stop,0.0024213698730259797
NEAR/USDT:USDT,2026-03-26 04:00:00+00:00,2026-04-04 16:00:00+00:00,1.254,1.263,10.0,True,99.9438,797.0,-0.06980653976043641,-6.97254481,13680,b434_stop,1.404084593967587
NIL/USDT:USDT,2026-04-04 00:00:00+00:00,2026-04-04 16:00:00+00:00,0.03345,0.03375,10.0,True,99.9997785,29895.3,-0.09939748192247667,-9.93376234,960,b434_stop,0.2402061517688022
ARB/USDT:USDT,2026-04-04 00:00:00+00:00,2026-04-04 16:00:00+00:00,0.0922,0.0926,10.0,True,99.999198,10845.9,-0.056448481333990594,-5.64141598,960,b434_stop,-0.10046258747339137
1000PEPE/USDT:USDT,2026-04-04 12:00:00+00:00,2026-04-04 16:00:00+00:00,0.0033826,0.003375,10.0,True,99.9998038,295630.0,0.008891222967893452,0.88858708,240,b434_stop,-0.15955134958602002
1000SHIB/USDT:USDT,2026-04-04 12:00:00+00:00,2026-04-04 16:00:00+00:00,0.005893,0.005913,10.0,True,99.9994956,169692.0,-0.0469692195022969,-4.69408012,240,b434_stop,-0.0982098683126544
LIT/USDT:USDT,2026-04-04 16:00:00+00:00,2026-04-04 16:00:00+00:00,0.9553,0.9553,10.0,True,99.991251,1046.7,-0.011506901675789794,-1.14989914,0,b434_stop,0.049995869904450006
ORCA/USDT:USDT,2026-04-04 16:00:00+00:00,2026-04-04 16:00:00+00:00,0.83,0.83,10.0,False,99.9984,1204.8,-0.012493106545711128,-1.25004024,0,b434_stop,-0.05005944
TAO/USDT:USDT,2026-04-03 12:00:00+00:00,2026-04-04 20:00:00+00:00,306.44,304.06,10.0,False,99.991372,3.263,-0.09017037354364306,-9.02166912,1920,b434_stop,-0.06049222304354829
LIT/USDT:USDT,2026-04-04 20:00:00+00:00,2026-04-04 20:00:00+00:00,1.0085,1.0085,10.0,False,99.992775,991.5,-0.012492454948448877,-1.24990473,0,b434_stop,-0.04999143
FIL/USDT:USDT,2026-04-03 08:00:00+00:00,2026-04-05 00:00:00+00:00,0.84,0.837,10.0,False,99.9936,1190.4,-0.05294936627293337,-5.29777451,2400,b434_stop,-0.5287940341844237
PENGU/USDT:USDT,2026-04-04 20:00:00+00:00,2026-04-05 00:00:00+00:00,0.006276,0.006242,10.0,False,99.9999012,159337.0,-0.06563940764605816,-6.56787264,240,b434_stop,0.04633369864546
ARB/USDT:USDT,2026-04-04 20:00:00+00:00,2026-04-05 00:00:00+00:00,0.093,0.0927,10.0,False,99.99918,10752.6,-0.04480529884458585,-4.48318144,240,b434_stop,-0.0593467516752264
1000SHIB/USDT:USDT,2026-04-04 20:00:00+00:00,2026-04-05 00:00:00+00:00,0.006004,0.005987,10.0,False,99.999622,166555.0,-0.04127004146947552,-4.12946474,240,b434_stop,-0.09973313400000001
SOL/USDT:USDT,2026-04-03 16:00:00+00:00,2026-04-05 04:00:00+00:00,80.3,80.5,10.0,False,99.9735,12.45,0.014386654458234551,1.43914717,2160,b434_stop,0.1503231724238206
AAVE/USDT:USDT,2026-04-03 16:00:00+00:00,2026-04-05 04:00:00+00:00,94.79,94.05,10.0,False,99.5295,10.5,-0.09197093371685358,-9.15931334,2160,b434_stop,-0.19962133673297236
BTC/USDT:USDT,2026-04-04 12:00:00+00:00,2026-04-05 04:00:00+00:00,67128.9,67113.4,10.0,False,93.98046,0.014,-0.014705653106761293,-1.38287327,960,b434_stop,-0.038237947902000004
LINK/USDT:USDT,2026-04-04 16:00:00+00:00,2026-04-05 04:00:00+00:00,8.684,8.646,10.0,False,99.99626,115.15,-0.057189140772725584,-5.72213141,720,b434_stop,-0.14910170603767497
LIT/USDT:USDT,2026-04-05 04:00:00+00:00,2026-04-05 08:00:00+00:00,0.9758,0.9588,10.0,True,99.999984,1024.8,0.16319108644677557,16.30931457,240,b434_stop,0.07726141416
XRP/USDT:USDT,2026-04-05 08:00:00+00:00,2026-04-05 12:00:00+00:00,1.2969,1.2979,10.0,True,99.99099,771.0,-0.021099309592921396,-2.10847501,240,b434_stop,-0.1371205267112898
SUI/USDT:USDT,2026-04-05 08:00:00+00:00,2026-04-05 12:00:00+00:00,0.8512,0.85,10.0,True,99.998976,1174.8,0.0011601528645560875,0.11594449,240,b434_stop,-0.0946736537649408
DOGE/USDT:USDT,2026-04-05 08:00:00+00:00,2026-04-05 12:00:00+00:00,0.09002,0.0903,10.0,True,99.994216,11108.0,-0.043733019111581665,-4.37042513,240,b434_stop,-0.058388393304276
SAND/USDT:USDT,2026-04-05 08:00:00+00:00,2026-04-05 12:00:00+00:00,0.0751,0.07503,10.0,True,99.99565,13315.0,-0.003745503934023892,-0.37430938,240,b434_stop,-0.1069708096152935
BEAMX/USDT:USDT,2026-04-05 08:00:00+00:00,2026-04-05 12:00:00+00:00,0.001742,0.001736,10.0,True,99.9998584,574052.0,0.023476772586716148,2.34626533,240,b434_stop,0.099885048
LINK/USDT:USDT,2026-04-05 08:00:00+00:00,2026-04-05 12:00:00+00:00,8.526,8.542,10.0,True,99.992928,117.28,-0.031111567330313762,-3.10907015,240,b434_stop,-0.03154912663926759
FIL/USDT:USDT,2026-04-05 08:00:00+00:00,2026-04-05 12:00:00+00:00,0.817,0.821,10.0,True,99.99263,1223.9,-0.06228609578844152,-6.22441364,240,b434_stop,-0.125964718164
1000SHIB/USDT:USDT,2026-04-05 08:00:00+00:00,2026-04-05 12:00:00+00:00,0.005809,0.005819,10.0,True,99.9996114,172146.0,-0.03003381192852344,-3.0015675,240,b434_stop,-0.0790792909752144
ORCA/USDT:USDT,2026-04-05 08:00:00+00:00,2026-04-05 12:00:00+00:00,0.807,0.809,10.0,True,99.99537,1239.1,-0.036773665398374546,-3.67498996,240,b434_stop,0.004641395997999999
AVAX/USDT:USDT,2026-04-05 12:00:00+00:00,2026-04-05 12:00:00+00:00,8.814,8.814,10.0,True,99.5982,113.0,-0.012007204322593557,-1.1951784,0,b434_stop,0.0
TAO/USDT:USDT,2026-04-05 04:00:00+00:00,2026-04-05 20:00:00+00:00,303.33,298.38,10.0,True,99.977568,3.296,0.15032202511960457,15.01981319,960,b434_stop,-0.10544511875789093
PENGU/USDT:USDT,2026-04-05 04:00:00+00:00,2026-04-05 20:00:00+00:00,0.006186,0.006076,10.0,True,99.999783,161655.0,0.16160070358527384,16.15033927,960,b434_stop,-0.442382561818899
ARB/USDT:USDT,2026-04-05 04:00:00+00:00,2026-04-05 20:00:00+00:00,0.0919,0.0912,10.0,True,99.999147,10881.3,0.06213680889430026,6.20989971,960,b434_stop,-0.21159067206720533
AAVE/USDT:USDT,2026-04-05 08:00:00+00:00,2026-04-05 20:00:00+00:00,92.62,91.67,10.0,True,99.1034,10.7,0.08980819364828091,8.89495716,720,b434_stop,-0.08690103891241362
ZRO/USDT:USDT,2026-04-05 12:00:00+00:00,2026-04-05 20:00:00+00:00,1.8428,1.805,10.0,True,99.990328,542.6,0.1921862271352185,19.20523383,480,b434_stop,-0.11746840339756472
ORCA/USDT:USDT,2026-04-05 20:00:00+00:00,2026-04-05 20:00:00+00:00,0.818,0.818,10.0,False,99.99232,1222.4,-0.011405038909186906,-1.14110055,0,b434_stop,0.058807292543999995
VIRTUAL/USDT:USDT,2026-04-04 04:00:00+00:00,2026-04-06 00:00:00+00:00,0.6343,0.6393,10.0,True,99.997395,1576.5,-0.11170928985489745,-11.1639356,2640,b434_stop,-2.076737362565205
AIN/USDT:USDT,2026-04-05 16:00:00+00:00,2026-04-06 00:00:00+00:00,0.05537,0.05581,10.0,True,99.99822,18060.0,-0.09006403680005116,-9.00083962,480,b434_stop,0.15030686034000001
DOGE/USDT:USDT,2026-04-06 00:00:00+00:00,2026-04-06 00:00:00+00:00,0.09234,0.09234,10.0,False,99.994986,10829.0,-0.012798321000239497,-1.28053579,0,b434_stop,-0.080595958716
TAO/USDT:USDT,2026-04-06 00:00:00+00:00,2026-04-06 00:00:00+00:00,310.06,310.06,10.0,False,99.99435,3.225,-0.012286980342712368,-1.22936579,0,b434_stop,-0.029433589439999998
XLM/USDT:USDT,2026-04-06 00:00:00+00:00,2026-04-06 00:00:00+00:00,0.16264,0.16264,10.0,False,99.991072,6148.0,-0.012432113736835792,-1.24384624,0,b434_stop,-0.0439533725904
AAVE/USDT:USDT,2026-04-06 04:00:00+00:00,2026-04-06 04:00:00+00:00,95.74,95.74,10.0,False,99.5696,10.4,-0.011992804317409553,-1.1948352,0,b434_stop,0.0
ONDO/USDT:USDT,2026-04-06 04:00:00+00:00,2026-04-06 04:00:00+00:00,0.265,0.265,10.0,False,99.99775,3773.5,-0.012492774091614546,-1.24999885,0,b434_stop,-0.05002584986475
LIT/USDT:USDT,2026-04-06 04:00:00+00:00,2026-04-06 04:00:00+00:00,1.0275,1.0275,10.0,False,99.9963,973.2,-0.012492504497301618,-1.24995375,0,b434_stop,-0.04999815000000001
ADA/USDT:USDT,2026-03-26 12:00:00+00:00,2026-04-06 08:00:00+00:00,0.2572,0.2552,10.0,True,99.99936,3888.0,0.06722572292023206,6.71849575,15600,b434_stop,0.13782247278084003
STRK/USDT:USDT,2026-04-02 08:00:00+00:00,2026-04-06 08:00:00+00:00,0.03367,0.03335,10.0,True,99.9999,29700.0,0.07495845498647179,7.4913405,5760,b434_stop,-0.81836309913534
1000PEPE/USDT:USDT,2026-04-06 00:00:00+00:00,2026-04-06 16:00:00+00:00,0.0034943,0.0034873,10.0,False,99.9998774,286180.0,-0.034482702679551225,-3.450335,960,b434_stop,-0.24827842880433199
1000SHIB/USDT:USDT,2026-04-06 04:00:00+00:00,2026-04-06 16:00:00+00:00,0.006019,0.006007,10.0,False,99.999666,166140.0,-0.03389808443687166,-3.391831,720,b434_stop,-0.19935121985999998
ZRO/USDT:USDT,2026-04-06 12:00:00+00:00,2026-04-06 16:00:00+00:00,1.9128,1.9047,10.0,False,99.982056,522.7,-0.0552856021394333,-5.53088471,240,b434_stop,-0.09977036250000001
NIL/USDT:USDT,2026-04-06 16:00:00+00:00,2026-04-06 16:00:00+00:00,0.03388,0.03388,10.0,False,99.9998692,29515.9,-0.012492806366575137,-1.25002857,0,b434_stop,-0.050030144123650006
ETH/USDT:USDT,2026-04-06 00:00:00+00:00,2026-04-06 20:00:00+00:00,2109.36,2143.3,10.0,False,99.983664,0.474,0.14764529083181205,14.77097442,1200,b434_stop,-0.10712908046904922
XRP/USDT:USDT,2026-04-06 00:00:00+00:00,2026-04-06 20:00:00+00:00,1.3259,1.341,10.0,False,99.999378,754.2,0.10024100606951547,10.03005268,1200,b434_stop,-0.15154172804340002
BEAMX/USDT:USDT,2026-04-06 00:00:00+00:00,2026-04-06 20:00:00+00:00,0.001814,0.001814,10.0,False,99.9998338,551267.0,-0.01501350846234513,-1.50224916,1200,b434_stop,-0.3022511514615
AVAX/USDT:USDT,2026-04-06 00:00:00+00:00,2026-04-06 20:00:00+00:00,9.065,9.315,10.0,False,99.715,110.0,0.26063752321740385,26.00506431,1200,b434_stop,-0.281855691724288
LINK/USDT:USDT,2026-04-06 00:00:00+00:00,2026-04-06 20:00:00+00:00,8.82,8.985,10.0,False,99.99234,113.37,0.1720504175189078,17.21404608,1200,b434_stop,-0.28087220598984
PENGU/USDT:USDT,2026-04-06 00:00:00+00:00,2026-04-06 20:00:00+00:00,0.00631,0.006447,10.0,False,99.999618,158478.0,0.20180208119776188,20.19223911,1200,b434_stop,-0.306224582991
ARB/USDT:USDT,2026-04-06 00:00:00+00:00,2026-04-06 20:00:00+00:00,0.0942,0.0959,10.0,False,99.999894,10615.7,0.16716160973178207,16.72617294,1200,b434_stop,-0.10969031694045503
SUI/USDT:USDT,2026-04-06 04:00:00+00:00,2026-04-06 20:00:00+00:00,0.8866,0.8939,10.0,False,99.999614,1127.9,0.06892862904671879,6.896972,960,b434_stop,-0.13176243052848605
VIRTUAL/USDT:USDT,2026-04-06 04:00:00+00:00,2026-04-06 20:00:00+00:00,0.6465,0.6431,10.0,False,99.994155,1546.7,-0.065208353003288,-6.52436643,960,b434_stop,-0.06881183967095053
SAND/USDT:USDT,2026-04-06 08:00:00+00:00,2026-04-06 20:00:00+00:00,0.07761,0.07736,10.0,False,99.992724,12884.0,-0.04566227441586923,-4.56863474,720,b434_stop,-0.14965465601200004
MOVR/USDT:USDT,2026-04-06 20:00:00+00:00,2026-04-06 20:00:00+00:00,1.184,1.184,10.0,False,99.999456,844.59,-0.012492651310013134,-1.25000789,0,b434_stop,-0.050014413730920006
1000PEPE/USDT:USDT,2026-04-07 00:00:00+00:00,2026-04-07 00:00:00+00:00,0.0033192,0.0033192,10.0,True,99.99986184,301277.0,-0.014228394983145626,-1.42198383,0,b434_stop,-0.2219854906049768
ZEC/USDT:USDT,2026-03-18 16:00:00+00:00,2026-04-07 04:00:00+00:00,256.12,254.63,10.0,True,99.989248,3.904,0.03696431760935291,3.6938167,28080,b434_stop,-0.9267625033285306
GTC/USDT:USDT,2026-04-04 12:00:00+00:00,2026-04-07 04:00:00+00:00,0.075,0.081,10.0,False,99.99975,13333.3,0.8011706607319686,80.1649359,3840,b434_limit,1.4131327752152296
1000SHIB/USDT:USDT,2026-04-07 00:00:00+00:00,2026-04-07 04:00:00+00:00,0.005826,0.00586,10.0,True,99.9997944,171644.0,-0.07110316019650241,-7.10603522,240,b434_stop,-0.066640154096384
BEAMX/USDT:USDT,2026-04-07 00:00:00+00:00,2026-04-07 08:00:00+00:00,0.001778,0.001777,10.0,True,99.9998762,562429.0,-0.004872712756452813,-0.48697831,480,b434_stop,0.15025375099350002
XLM/USDT:USDT,2026-04-07 00:00:00+00:00,2026-04-07 08:00:00+00:00,0.15548,0.15545,10.0,True,99.989188,6431.0,-0.01317285240569624,-1.31635253,480,b434_stop,-0.3095280299784609
DOGE/USDT:USDT,2026-04-07 04:00:00+00:00,2026-04-07 08:00:00+00:00,0.09046,0.09056,10.0,True,99.994484,11054.0,-0.023924943974474373,-2.39092701,240,b434_stop,-0.0849299599276038
SAND/USDT:USDT,2026-04-07 04:00:00+00:00,2026-04-07 08:00:00+00:00,0.07571,0.07597,10.0,True,99.997768,13208.0,-0.047487160173571165,-4.74576086,240,b434_stop,-0.1096471999584
SOL/USDT:USDT,2026-04-07 08:00:00+00:00,2026-04-07 08:00:00+00:00,79.82,79.82,10.0,True,99.93464,12.52,-0.014129497797414983,-1.41117906,0,b434_stop,-0.2119633840113051
AAVE/USDT:USDT,2026-04-07 08:00:00+00:00,2026-04-07 08:00:00+00:00,91.46,91.46,10.0,True,99.6914,10.9,-0.012175105093951715,-1.21302502,0,b434_stop,-0.016728216919999997
ONDO/USDT:USDT,2026-04-07 08:00:00+00:00,2026-04-07 08:00:00+00:00,0.2522,0.2522,10.0,True,99.999822,3965.1,-0.012290374188252885,-1.22829781,0,b434_stop,-0.028299949625999996
FIL/USDT:USDT,2026-04-06 04:00:00+00:00,2026-04-07 12:00:00+00:00,0.85,0.863,10.0,False,99.994,1176.4,0.13869704408928535,13.87719355,1920,b434_stop,-0.20690253451480003
ZRO/USDT:USDT,2026-04-07 00:00:00+00:00,2026-04-07 12:00:00+00:00,1.7706,1.7767,10.0,True,99.985782,564.7,-0.04604615100424728,-4.60119804,720,b434_stop,0.04536814667941125
BR/USDT:USDT,2026-04-05 16:00:00+00:00,2026-04-07 16:00:00+00:00,0.13553,0.13541,10.0,True,99.994034,7378.0,0.003390284413657693,0.33880481,2880,b434_stop,0.6528419980881275
NEAR/USDT:USDT,2026-04-07 00:00:00+00:00,2026-04-07 16:00:00+00:00,1.248,1.238,10.0,True,99.9648,801.0,0.06968334823039218,6.96170244,960,b434_stop,0.1464740402486679
AVAX/USDT:USDT,2026-04-07 04:00:00+00:00,2026-04-07 16:00:00+00:00,8.678,8.579,10.0,True,99.797,115.0,0.09502510608843336,9.47753058,720,b434_stop,-0.7167364234865641
ETH/USDT:USDT,2026-04-07 12:00:00+00:00,2026-04-07 16:00:00+00:00,2088.48,2079.26,10.0,True,99.829344,0.478,0.032295455236751626,3.22209969,240,b434_stop,0.010247517440023852
XRP/USDT:USDT,2026-04-07 12:00:00+00:00,2026-04-07 16:00:00+00:00,1.3053,1.2968,10.0,True,99.999033,766.1,0.05236830558102267,5.23363785,240,b434_stop,-0.08213086594160002
SUI/USDT:USDT,2026-04-07 12:00:00+00:00,2026-04-07 16:00:00+00:00,0.8665,0.8663,10.0,True,99.9941,1154.0,-0.009350100485226207,-0.93439391,240,b434_stop,0.034596805467808
LINK/USDT:USDT,2026-04-07 12:00:00+00:00,2026-04-07 16:00:00+00:00,8.676,8.613,10.0,True,99.999576,115.26,0.06096118212960474,6.09243471,240,b434_stop,0.026692794258425627
VIRTUAL/USDT:USDT,2026-04-07 12:00:00+00:00,2026-04-07 16:00:00+00:00,0.6238,0.6161,10.0,True,99.99514,1603.0,0.10967606829974508,10.96049356,240,b434_stop,-0.1900706181146703
BTC/USDT:USDT,2026-04-07 16:00:00+00:00,2026-04-07 16:00:00+00:00,68138.5,68138.5,10.0,True,95.3939,0.014,-0.011267433207343266,-1.07419949,0,b434_stop,0.0705273091452199
MUBARAK/USDT:USDT,2026-04-07 16:00:00+00:00,2026-04-07 16:00:00+00:00,0.0112,0.0112,10.0,True,99.9992,89285.0,-0.011506457470911318,-1.14994616,0,b434_stop,0.050044242499999995
PENGU/USDT:USDT,2026-04-07 16:00:00+00:00,2026-04-07 16:00:00+00:00,0.006207,0.006207,10.0,True,99.9997356,161108.0,-0.011889911264822122,-1.18827459,0,b434_stop,0.011722234835231998
ARB/USDT:USDT,2026-04-07 16:00:00+00:00,2026-04-07 16:00:00+00:00,0.0934,0.0934,10.0,True,99.999644,10706.6,-0.011891228244319478,-1.18840512,0,b434_stop,0.011590606386116638
WLD/USDT:USDT,2026-04-04 00:00:00+00:00,2026-04-07 20:00:00+00:00,0.2662,0.2557,10.0,True,99.98472,3756.0,0.37835792005436286,37.80731269,5520,b434_stop,-0.4545334682069976
MOVR/USDT:USDT,2026-04-07 00:00:00+00:00,2026-04-07 20:00:00+00:00,1.158,1.136,10.0,True,99.99909,863.55,0.18116205111619005,18.10517063,1200,b434_stop,0.295660853934975
ADA/USDT:USDT,2026-04-07 04:00:00+00:00,2026-04-07 20:00:00+00:00,0.2449,0.2465,10.0,True,99.99267,4083.0,-0.07991248145921556,-7.98586799,960,b434_stop,-0.24923627089365752
STRK/USDT:USDT,2026-04-07 04:00:00+00:00,2026-04-07 20:00:00+00:00,0.03258,0.03281,10.0,True,99.9997488,30693.6,-0.08356175703541065,-8.35114102,960,b434_stop,-0.08738031600654046
GTC/USDT:USDT,2026-04-07 20:00:00+00:00,2026-04-07 20:00:00+00:00,0.0767,0.0767,10.0,True,99.999926,13037.8,-0.012007204302581535,-1.19999911,0,b434_stop,0.0
BTC/USDT:USDT,2026-04-08 00:00:00+00:00,2026-04-08 00:00:00+00:00,71890.2,71890.2,10.0,False,93.45726,0.013,-0.012594586837384358,-1.17776181,0,b434_stop,-0.056274686501364045
SOL/USDT:USDT,2026-04-08 00:00:00+00:00,2026-04-08 00:00:00+00:00,85.53,85.53,10.0,False,99.98457,11.69,-0.012992204677193685,-1.29979941,0,b434_stop,-0.09998457
XRP/USDT:USDT,2026-04-08 00:00:00+00:00,2026-04-08 00:00:00+00:00,1.3781,1.3781,10.0,False,99.994936,725.6,-0.012767295846275407,-1.27743093,0,b434_stop,-0.07749169858080002
NEAR/USDT:USDT,2026-04-08 00:00:00+00:00,2026-04-08 00:00:00+00:00,1.308,1.308,10.0,False,99.9312,764.0,-0.012758130182012157,-1.27570022,0,b434_stop,-0.07652581552
DOGE/USDT:USDT,2026-04-08 00:00:00+00:00,2026-04-08 00:00:00+00:00,0.0949,0.0949,10.0,False,99.99613,10537.0,-0.012992204677193685,-1.29994969,0,b434_stop,-0.09999613
ADA/USDT:USDT,2026-04-08 00:00:00+00:00,2026-04-08 00:00:00+00:00,0.2628,0.2628,10.0,False,99.9954,3805.0,-0.012991824387863478,-1.29990215,0,b434_stop,-0.09995735
SAND/USDT:USDT,2026-04-08 00:00:00+00:00,2026-04-08 00:00:00+00:00,0.08079,0.08079,10.0,False,99.993783,12377.0,-0.012992662341065397,-1.29996497,0,b434_stop,-0.1000395779
STRK/USDT:USDT,2026-04-08 00:00:00+00:00,2026-04-08 00:00:00+00:00,0.03466,0.03466,10.0,False,99.9999922,28851.7,-0.012492712247667613,-1.25002069,0,b434_stop,-0.05002078374985001
1000PEPE/USDT:USDT,2026-04-08 00:00:00+00:00,2026-04-08 00:00:00+00:00,0.0037212,0.0037212,10.0,False,99.9998076,268730.0,-0.012991407066224741,-1.29991769,0,b434_stop,-0.09991999479
MUBARAK/USDT:USDT,2026-04-08 00:00:00+00:00,2026-04-08 00:00:00+00:00,0.01205,0.01205,10.0,False,99.999335,82987.0,-0.01249234151900414,-1.24997538,0,b434_stop,-0.049983360554500006
LINK/USDT:USDT,2026-04-08 00:00:00+00:00,2026-04-08 00:00:00+00:00,9.284,9.284,10.0,False,99.997964,107.71,-0.012992204657205268,-1.29997353,0,b434_stop,-0.09999796400000001
XLM/USDT:USDT,2026-04-08 00:00:00+00:00,2026-04-08 00:00:00+00:00,0.16342,0.16342,10.0,False,99.996698,6119.0,-0.012148141687305113,-1.21550292,0,b434_stop,-0.015542548743372
BR/USDT:USDT,2026-04-08 00:00:00+00:00,2026-04-08 00:00:00+00:00,0.14654,0.14654,10.0,False,99.998896,6824.0,-0.013251648996585893,-1.32594536,0,b434_stop,-0.1259586094016
VIRTUAL/USDT:USDT,2026-04-08 00:00:00+00:00,2026-04-08 00:00:00+00:00,0.6853,0.6853,10.0,False,99.998976,1459.2,-0.012492431540328277,-1.2499799,0,b434_stop,-0.049992192000000005
1000SHIB/USDT:USDT,2026-04-08 00:00:00+00:00,2026-04-08 00:00:00+00:00,0.006133,0.006133,10.0,False,99.9997916,163052.0,-0.012992341587333093,-1.30001099,0,b434_stop,-0.100013487968
AVAX/USDT:USDT,2026-04-08 04:00:00+00:00,2026-04-08 08:00:00+00:00,9.438,9.395,10.0,False,99.099,105.0,-0.058493121061943404,-5.80008777,240,b434_stop,-0.098608766655
ETH/USDT:USDT,2026-04-08 00:00:00+00:00,2026-04-08 12:00:00+00:00,2239.14,2246.53,10.0,False,99.865644,0.446,0.019385243819036994,1.93708141,720,b434_stop,-0.158493298284346
GTC/USDT:USDT,2026-04-08 00:00:00+00:00,2026-04-08 12:00:00+00:00,0.0804,0.0801,10.0,False,99.999912,12437.8,-0.054012315769894445,-5.40446756,720,b434_stop,-0.4753674238156024
ONDO/USDT:USDT,2026-04-08 00:00:00+00:00,2026-04-08 12:00:00+00:00,0.2695,0.2677,10.0,False,99.997975,3710.5,-0.0806987250946159,-8.07455092,720,b434_stop,-0.1996825648805
AAVE/USDT:USDT,2026-04-08 04:00:00+00:00,2026-04-08 12:00:00+00:00,94.84,95.49,10.0,False,99.582,10.5,0.05545049183058702,5.525184,480,b434_stop,-0.10073700000000001
BEAMX/USDT:USDT,2026-04-08 08:00:00+00:00,2026-04-08 12:00:00+00:00,0.001855,0.001859,10.0,False,99.9998965,539083.0,0.008543439983775594,0.85485572,240,b434_stop,-0.100183723803
LIT/USDT:USDT,2026-04-08 08:00:00+00:00,2026-04-08 12:00:00+00:00,1.0508,1.0455,10.0,True,99.994128,951.6,0.03805910595337519,3.8034037,240,b434_stop,-0.043172853016799996
PENGU/USDT:USDT,2026-04-07 20:00:00+00:00,2026-04-09 00:00:00+00:00,0.006458,0.006508,10.0,False,99.9995468,154846.0,0.06154921238096655,6.15858628,1680,b434_stop,-0.3790737802645896
DOGE/USDT:USDT,2026-04-09 04:00:00+00:00,2026-04-09 04:00:00+00:00,0.09148,0.09148,10.0,True,99.996788,10931.0,-0.012007204362618856,-1.19996146,0,b434_stop,0.0
GTC/USDT:USDT,2026-04-09 04:00:00+00:00,2026-04-09 04:00:00+00:00,0.0777,0.0777,10.0,True,99.9999,12870.0,-0.012007204322593555,-1.1999988,0,b434_stop,0.0
PUMP/USDT:USDT,2026-04-09 04:00:00+00:00,2026-04-09 04:00:00+00:00,0.001746,0.001746,10.0,True,99.9998802,572737.0,-0.011565186258535204,-1.15582333,0,b434_stop,0.04417523344685001
STRK/USDT:USDT,2026-04-09 04:00:00+00:00,2026-04-09 04:00:00+00:00,0.0326,0.0326,10.0,True,99.999848,30674.8,-0.011566035891361149,-1.15590787,0,b434_stop,0.04409030395196127
AAVE/USDT:USDT,2026-04-09 04:00:00+00:00,2026-04-09 04:00:00+00:00,89.64,89.64,10.0,True,99.5004,11.1,-0.012007204322593557,-1.1940048,0,b434_stop,0.0
ONDO/USDT:USDT,2026-04-09 04:00:00+00:00,2026-04-09 04:00:00+00:00,0.2503,0.2503,10.0,True,99.999856,3995.2,-0.012646888133472083,-1.26392818,0,b434_stop,-0.0639299079408
ZRO/USDT:USDT,2026-04-07 20:00:00+00:00,2026-04-09 08:00:00+00:00,1.9105,1.8903,10.0,False,99.99557,523.4,-0.11934291271553861,-11.94092284,2160,b434_stop,-0.17463961253006324
US/USDT:USDT,2026-04-08 04:00:00+00:00,2026-04-09 08:00:00+00:00,0.005839,0.005912,10.0,False,99.9998818,171262.0,0.0998707154887208,9.99305198,1680,b434_stop,-1.301574158163661
ADA/USDT:USDT,2026-04-09 04:00:00+00:00,2026-04-09 08:00:00+00:00,0.2489,0.2505,10.0,True,99.98313,4017.0,-0.07729704841711099,-7.7237638,240,b434_stop,-0.09290992362320762
SAND/USDT:USDT,2026-04-09 04:00:00+00:00,2026-04-09 08:00:00+00:00,0.07646,0.07654,10.0,True,99.994388,13078.0,-0.0244131887593679,-2.43971716,240,b434_stop,-0.1929167592797354
MUBARAK/USDT:USDT,2026-04-09 04:00:00+00:00,2026-04-09 08:00:00+00:00,0.01152,0.01158,10.0,True,99.99936,86805.0,-0.06314900051141796,-6.31107072,240,b434_stop,0.10034658
AVAX/USDT:USDT,2026-04-09 04:00:00+00:00,2026-04-09 08:00:00+00:00,9.022,9.076,10.0,True,99.242,110.0,-0.07092617352721542,-7.034632,240,b434_stop,0.09983600000000001
PENGU/USDT:USDT,2026-04-09 04:00:00+00:00,2026-04-09 08:00:00+00:00,0.006316,0.006324,10.0,True,99.9999648,158328.0,-0.025918202639316996,-2.59026426,240,b434_stop,-0.12288070722095999
TAO/USDT:USDT,2026-04-09 08:00:00+00:00,2026-04-09 08:00:00+00:00,322.32,322.32,10.0,True,99.983664,3.102,-0.013047628558860332,-1.30376698,0,b434_stop,-0.1039630138272
LINK/USDT:USDT,2026-04-09 00:00:00+00:00,2026-04-09 12:00:00+00:00,8.852,8.758,10.0,True,99.992192,112.96,0.09230246262967416,9.22398785,720,b434_stop,-0.20071678920947134
FIL/USDT:USDT,2026-04-09 04:00:00+00:00,2026-04-09 12:00:00+00:00,0.876,0.875,10.0,True,99.9954,1141.5,-0.0004597606927181008,-0.04594637,480,b434_stop,0.011813525630676301
1000SHIB/USDT:USDT,2026-04-09 04:00:00+00:00,2026-04-09 12:00:00+00:00,0.005874,0.005846,10.0,True,99.9995634,170241.0,0.03453871203275878,3.45178381,480,b434_stop,-0.11782947711026641
ETH/USDT:USDT,2026-04-09 08:00:00+00:00,2026-04-09 12:00:00+00:00,2179.97,2179.02,10.0,True,99.842626,0.458,-0.007793502589350516,-0.77765689,240,b434_stop,-0.014906435682399998
SOL/USDT:USDT,2026-04-09 08:00:00+00:00,2026-04-09 12:00:00+00:00,82.24,82.13,10.0,True,99.9216,12.15,0.001255061214339851,0.12533248,240,b434_stop,-0.01291022024250546
XRP/USDT:USDT,2026-04-09 08:00:00+00:00,2026-04-09 12:00:00+00:00,1.3312,1.3289,10.0,True,99.999744,751.2,0.004592901291547539,0.45901338,240,b434_stop,-0.06978635176850737
ZRO/USDT:USDT,2026-04-09 12:00:00+00:00,2026-04-09 12:00:00+00:00,1.9142,1.9142,10.0,True,99.997808,522.4,-0.011506878006231175,-1.14997218,0,b434_stop,0.050001515999999996
VIRTUAL/USDT:USDT,2026-04-09 12:00:00+00:00,2026-04-09 12:00:00+00:00,0.6572,0.6572,10.0,True,99.999552,1521.6,-0.012002801020897583,-1.19955456,0,b434_stop,0.000440066820336
ORCA/USDT:USDT,2026-04-09 12:00:00+00:00,2026-04-09 12:00:00+00:00,0.882,0.882,10.0,True,99.99234,1133.7,-0.01208195739708811,-1.20737833,0,b434_stop,-0.0074702530766155495
1000PEPE/USDT:USDT,2026-04-09 04:00:00+00:00,2026-04-09 16:00:00+00:00,0.0034936,0.003515,10.0,True,99.99975832,286237.0,-0.07602355445615987,-7.59777567,720,b434_stop,-0.2686314865610152
XLM/USDT:USDT,2026-04-09 08:00:00+00:00,2026-04-09 16:00:00+00:00,0.15513,0.15566,10.0,True,99.996798,6446.0,-0.049979719722248475,-4.99481325,480,b434_stop,-0.37642184718599997
SOL/USDT:USDT,2026-04-09 16:00:00+00:00,2026-04-09 16:00:00+00:00,83.7,83.7,10.0,False,99.9378,11.94,-0.012238856722389219,-1.22385829,0,b434_stop,-0.02460468636
VIRTUAL/USDT:USDT,2026-04-09 16:00:00+00:00,2026-04-09 16:00:00+00:00,0.6754,0.6754,10.0,False,99.999724,1480.6,-0.012408416717747832,-1.24158275,0,b434_stop,-0.04158605751354735
ARB/USDT:USDT,2026-04-07 20:00:00+00:00,2026-04-09 20:00:00+00:00,0.097,0.1029,10.0,False,99.99924,10309.2,0.5895542843303302,58.99035336,2880,b434_limit,-0.5974411913712001
NIL/USDT:USDT,2026-04-09 00:00:00+00:00,2026-04-09 20:00:00+00:00,0.03462,0.03489,10.0,True,99.99987,28885.0,-0.0871035081715228,-8.70511329,1200,b434_stop,0.29851451661
TAO/USDT:USDT,2026-04-09 20:00:00+00:00,2026-04-09 20:00:00+00:00,337.16,337.16,10.0,False,99.96794,2.965,-0.010904108389630225,-1.09071529,0,b434_stop,0.10889999314227025
ENA/USDT:USDT,2026-03-27 12:00:00+00:00,2026-04-10 04:00:00+00:00,0.0932,0.0948,10.0,True,99.99428,10729.0,-0.20729954434602382,-20.71633142,19680,b434_stop,-2.33970021846619
SOL/USDT:USDT,2026-04-10 04:00:00+00:00,2026-04-10 08:00:00+00:00,82.84,82.93,10.0,True,99.98788,12.07,-0.02287455046235614,-2.2858055,240,b434_stop,0.0010008444
BTC/USDT:USDT,2026-04-10 08:00:00+00:00,2026-04-10 08:00:00+00:00,71461.2,71461.2,10.0,True,92.89956,0.013,-0.011761256773956827,-1.09196001,0,b434_stop,0.022834711847999997
HYPE/USDT:USDT,2026-03-19 04:00:00+00:00,2026-04-10 12:00:00+00:00,41.512,41.107,10.0,True,99.960896,24.08,0.11475757181909507,11.46438694,32160,b434_stop,2.905666249771524
NEAR/USDT:USDT,2026-04-10 12:00:00+00:00,2026-04-10 12:00:00+00:00,1.363,1.363,10.0,True,99.9079,733.0,-0.012007204322593555,-1.1988948,0,b434_stop,0.0
VIRTUAL/USDT:USDT,2026-04-10 12:00:00+00:00,2026-04-10 12:00:00+00:00,0.6684,0.6684,10.0,True,99.999324,1496.1,-0.011506829337096878,-1.14998475,0,b434_stop,0.0500071425
QNT/USDT:USDT,2026-03-21 12:00:00+00:00,2026-04-10 20:00:00+00:00,78.15,77.04,10.0,True,99.2505,12.7,0.14338975776537,14.22296625,29280,b434_stop,1.3085140533432504
NEAR/USDT:USDT,2026-04-10 16:00:00+00:00,2026-04-10 20:00:00+00:00,1.376,1.376,10.0,False,99.8976,726.0,-0.012911554932150581,-1.29060725,240,b434_stop,-0.09183604703224381
BTC/USDT:USDT,2026-04-10 20:00:00+00:00,2026-04-10 20:00:00+00:00,73187.4,73187.4,10.0,False,95.14362,0.013,-0.011992804317409556,-1.14172344,0,b434_stop,0.0
DOGE/USDT:USDT,2026-04-10 20:00:00+00:00,2026-04-10 20:00:00+00:00,0.09501,0.09501,10.0,False,99.998025,10525.0,-0.011992804317409556,-1.1999763,0,b434_stop,0.0
ADA/USDT:USDT,2026-04-10 20:00:00+00:00,2026-04-10 20:00:00+00:00,0.2579,0.2579,10.0,False,99.98783,3877.0,-0.011992804317409553,-1.19985396,0,b434_stop,0.0
1000PEPE/USDT:USDT,2026-04-10 20:00:00+00:00,2026-04-10 20:00:00+00:00,0.0036915,0.0036915,10.0,False,99.9997818,270892.0,-0.011992804301419113,-1.19999738,0,b434_stop,0.0
AAVE/USDT:USDT,2026-04-10 20:00:00+00:00,2026-04-10 20:00:00+00:00,94.51,94.51,10.0,False,99.2355,10.5,-0.011992804317409553,-1.190826,0,b434_stop,0.0
XLM/USDT:USDT,2026-04-10 20:00:00+00:00,2026-04-10 20:00:00+00:00,0.1565,0.1565,10.0,False,99.98785,6389.0,-0.011992804317409556,-1.1998542,0,b434_stop,0.0
1000SHIB/USDT:USDT,2026-04-10 20:00:00+00:00,2026-04-10 20:00:00+00:00,0.006047,0.006047,10.0,False,99.9998437,165371.0,-0.01199280427343587,-1.19999812,0,b434_stop,0.0
BEAMX/USDT:USDT,2026-04-09 08:00:00+00:00,2026-04-11 00:00:00+00:00,0.001834,0.001845,10.0,True,99.9999504,545256.0,-0.06656297758197692,-6.65230068,2400,b434_stop,0.549113413572
ZRO/USDT:USDT,2026-04-10 00:00:00+00:00,2026-04-11 00:00:00+00:00,1.9949,1.9848,10.0,False,99.984388,501.2,-0.065327761532593,-6.53567531,1440,b434_stop,-0.2767799228796
XRP/USDT:USDT,2026-04-10 20:00:00+00:00,2026-04-11 00:00:00+00:00,1.3624,1.3551,10.0,False,99.986536,733.9,-0.06633005120577773,-6.63609132,240,b434_stop,-0.08199737433696455
FIL/USDT:USDT,2026-04-10 20:00:00+00:00,2026-04-11 00:00:00+00:00,0.916,0.914,10.0,False,99.99972,1091.7,-0.033057021202473676,-3.30767628,240,b434_stop,0.0744103214897086
ORCA/USDT:USDT,2026-04-10 20:00:00+00:00,2026-04-11 00:00:00+00:00,0.913,0.907,10.0,False,99.99176,1095.2,-0.07635488648574057,-7.6394404,240,b434_stop,0.127717996528
MUBARAK/USDT:USDT,2026-04-11 00:00:00+00:00,2026-04-11 00:00:00+00:00,0.01217,0.01217,10.0,False,99.999673,82169.0,-0.012492915127267204,-1.250037,0,b434_stop,-0.050040921
AVAX/USDT:USDT,2026-04-09 16:00:00+00:00,2026-04-11 04:00:00+00:00,9.337,9.319,10.0,False,99.9059,107.0,-0.035339404689627055,-3.5327334,2160,b434_stop,-0.40901819907280224
PENGU/USDT:USDT,2026-04-10 16:00:00+00:00,2026-04-11 04:00:00+00:00,0.006712,0.006695,10.0,False,99.9994032,148986.0,-0.03783955562858672,-3.78620334,720,b434_stop,-0.0549681570344934
VIRTUAL/USDT:USDT,2026-04-10 16:00:00+00:00,2026-04-11 04:00:00+00:00,0.6763,0.6729,10.0,False,99.997718,1478.6,-0.06376613353613152,-6.38029372,720,b434_stop,-0.15609744889070337
ETH/USDT:USDT,2026-04-10 20:00:00+00:00,2026-04-11 04:00:00+00:00,2251.8,2235.94,10.0,False,99.97992,0.444,-0.08168089932590385,-8.17134965,480,b434_stop,0.06602428191159106
ONDO/USDT:USDT,2026-04-11 00:00:00+00:00,2026-04-11 04:00:00+00:00,0.2564,0.2536,10.0,False,99.998564,3900.1,-0.12185342720877858,-12.19247884,240,b434_stop,-0.07876823726500559
ORCA/USDT:USDT,2026-04-11 04:00:00+00:00,2026-04-11 08:00:00+00:00,0.898,0.897,10.0,True,99.9923,1113.5,-0.0010369325554337445,-0.10362306,240,b434_stop,-0.017883556045000006
ZEC/USDT:USDT,2026-04-11 08:00:00+00:00,2026-04-11 08:00:00+00:00,372.69,372.69,10.0,True,99.992727,2.683,-0.013427518408508907,-1.34184859,0,b434_stop,-0.141935867458
AIN/USDT:USDT,2026-04-07 20:00:00+00:00,2026-04-11 12:00:00+00:00,0.05624,0.06114,10.0,False,99.99472,17780.0,0.8020511096417832,80.24899666,5280,b434_limit,-5.62079350362292
LINK/USDT:USDT,2026-04-10 16:00:00+00:00,2026-04-11 12:00:00+00:00,9.055,9.008,10.0,False,99.994365,110.43,-0.06461655209613856,-6.46516787,1200,b434_stop,-0.0781396113574567
ENA/USDT:USDT,2026-04-11 12:00:00+00:00,2026-04-11 12:00:00+00:00,0.0932,0.0932,10.0,True,99.99428,10729.0,-0.011506367289684256,-1.14988057,0,b434_stop,0.050050785
1000SHIB/USDT:USDT,2026-04-11 12:00:00+00:00,2026-04-11 12:00:00+00:00,0.005907,0.005907,10.0,True,99.999603,169290.0,-0.01200720436261773,-1.19999524,0,b434_stop,0.0
WLD/USDT:USDT,2026-04-07 20:00:00+00:00,2026-04-11 16:00:00+00:00,0.2557,0.2929,10.0,False,99.9787,3910.0,1.4331436871488368,143.36981306,5520,b434_limit,-0.79517133619553
NEAR/USDT:USDT,2026-04-10 20:00:00+00:00,2026-04-11 16:00:00+00:00,1.376,1.367,10.0,True,99.8976,726.0,0.05039711194581443,5.0315298,1200,b434_stop,-0.30761939505
ADA/USDT:USDT,2026-04-11 04:00:00+00:00,2026-04-11 16:00:00+00:00,0.2529,0.2481,10.0,True,99.99666,3954.0,0.17559948319364121,17.5488262,720,b434_stop,-0.24180139881461404
FIL/USDT:USDT,2026-04-11 04:00:00+00:00,2026-04-11 16:00:00+00:00,0.9,0.897,10.0,True,99.999,1111.1,0.021815105083210128,2.1801798,720,b434_stop,0.044867817553782066
XRP/USDT:USDT,2026-04-11 08:00:00+00:00,2026-04-11 16:00:00+00:00,1.3458,1.3452,10.0,True,99.99294,743.0,-0.008557140856177666,-0.85514028,480,b434_stop,-0.10129248029278978
XLM/USDT:USDT,2026-04-11 08:00:00+00:00,2026-04-11 16:00:00+00:00,0.15314,0.15428,10.0,True,99.985106,6529.0,-0.09190398175518831,-9.18351594,480,b434_stop,-0.5361688307236175
VIRTUAL/USDT:USDT,2026-04-11 08:00:00+00:00,2026-04-11 16:00:00+00:00,0.6706,0.6706,10.0,True,99.999872,1491.2,-0.012310485739410938,-1.23030837,480,b434_stop,-0.030309909011200006
BTC/USDT:USDT,2026-04-11 12:00:00+00:00,2026-04-11 16:00:00+00:00,72868.2,72817.3,10.0,True,94.72866,0.013,-0.00568905070218257,-0.5385928,240,b434_stop,-0.0639459033091379
DOGE/USDT:USDT,2026-04-11 12:00:00+00:00,2026-04-11 16:00:00+00:00,0.09287,0.09271,10.0,True,99.993129,10767.0,0.0046023353379279494,0.45992579,240,b434_stop,-0.0639102896131674
AVAX/USDT:USDT,2026-04-11 12:00:00+00:00,2026-04-11 16:00:00+00:00,9.275,9.327,10.0,True,99.2425,107.0,-0.06877999777673492,-6.82180339,240,b434_stop,-0.0635549938047618
ONDO/USDT:USDT,2026-04-11 12:00:00+00:00,2026-04-11 16:00:00+00:00,0.2534,0.2539,10.0,True,99.999242,3946.3,-0.03180147079299132,-3.1782149,240,b434_stop,-0.003890104687999992
BTC/USDT:USDT,2026-04-11 20:00:00+00:00,2026-04-11 20:00:00+00:00,73635.9,73635.9,10.0,False,95.72667,0.013,-0.011992804317409553,-1.14872004,0,b434_stop,0.0
XRP/USDT:USDT,2026-04-11 20:00:00+00:00,2026-04-11 20:00:00+00:00,1.3707,1.3707,10.0,False,99.992565,729.5,-0.011992804317409553,-1.19991078,0,b434_stop,0.0
DOGE/USDT:USDT,2026-04-11 20:00:00+00:00,2026-04-11 20:00:00+00:00,0.09467,0.09467,10.0,False,99.999921,10563.0,-0.011992804297421531,-1.19999905,0,b434_stop,0.0
SAND/USDT:USDT,2026-04-11 20:00:00+00:00,2026-04-11 20:00:00+00:00,0.07945,0.07945,10.0,False,99.99577,12586.0,-0.011992804317409556,-1.19994924,0,b434_stop,0.0
ENA/USDT:USDT,2026-04-11 20:00:00+00:00,2026-04-11 20:00:00+00:00,0.0974,0.0974,10.0,False,99.99084,10266.0,-0.012492499699740436,-1.24988502,0,b434_stop,-0.049994937498
AVAX/USDT:USDT,2026-04-11 20:00:00+00:00,2026-04-11 20:00:00+00:00,9.58,9.58,10.0,False,99.632,104.0,-0.011992804317409556,-1.195584,0,b434_stop,0.0
VIRTUAL/USDT:USDT,2026-04-11 20:00:00+00:00,2026-04-11 20:00:00+00:00,0.7039,0.7039,10.0,False,99.996034,1420.6,-0.01249250444732962,-1.24995042,0,b434_stop,-0.04999801699999999
1000SHIB/USDT:USDT,2026-04-11 20:00:00+00:00,2026-04-11 20:00:00+00:00,0.00605,0.00605,10.0,False,99.999845,165289.0,-0.011992804317409553,-1.19999814,0,b434_stop,0.0
SOL/USDT:USDT,2026-04-10 16:00:00+00:00,2026-04-12 00:00:00+00:00,84.2,84.89,10.0,False,99.9454,11.87,0.06788969999686588,6.78933438,1920,b434_stop,-0.19670664133665633
ONDO/USDT:USDT,2026-04-11 16:00:00+00:00,2026-04-12 00:00:00+00:00,0.2539,0.256,10.0,False,99.998515,3938.5,0.06929621963451019,6.93367677,480,b434_stop,-0.13222854445100002
NEAR/USDT:USDT,2026-04-12 00:00:00+00:00,2026-04-12 00:00:00+00:00,1.402,1.402,10.0,False,99.9626,713.0,-0.012992204677193683,-1.2995138,0,b434_stop,-0.0999626
MOVR/USDT:USDT,2026-04-08 04:00:00+00:00,2026-04-12 04:00:00+00:00,1.181,1.176,10.0,False,99.999994,846.74,-0.06552750163302927,-6.55668142,5760,b434_stop,-1.1255217100845274
STRK/USDT:USDT,2026-04-09 16:00:00+00:00,2026-04-12 08:00:00+00:00,0.03339,0.03348,10.0,False,99.999711,29949.0,0.012354601765162884,1.23619788,3840,b434_stop,-0.2575983405131877
PUMP/USDT:USDT,2026-04-10 08:00:00+00:00,2026-04-12 08:00:00+00:00,0.00181,0.001795,10.0,False,99.999966,552486.0,-0.09821623307371113,-9.82751294,2880,b434_stop,-0.3451957267218108
LIT/USDT:USDT,2026-04-10 08:00:00+00:00,2026-04-12 08:00:00+00:00,1.0942,1.1034,10.0,False,99.998938,913.9,0.06894791711594633,6.89885532,2880,b434_stop,-0.30399269601064116
QNT/USDT:USDT,2026-04-12 08:00:00+00:00,2026-04-12 08:00:00+00:00,76.36,76.36,10.0,True,99.268,13.0,-0.013456473872234852,-1.33499577,0,b434_stop,-0.1437797712
SAND/USDT:USDT,2026-04-12 04:00:00+00:00,2026-04-12 12:00:00+00:00,0.07509,0.07548,10.0,True,99.997353,13317.0,-0.0683441789923711,-6.83013645,480,b434_stop,-0.43342203239665467
NEAR/USDT:USDT,2026-04-12 04:00:00+00:00,2026-04-12 16:00:00+00:00,1.344,1.334,10.0,True,99.9936,744.0,0.06447459275376413,6.44317841,720,b434_stop,0.198637610784
AAVE/USDT:USDT,2026-04-12 08:00:00+00:00,2026-04-12 16:00:00+00:00,89.77,89.12,10.0,True,99.6447,11.1,0.05822430812908,5.79826267,480,b434_stop,-0.22532993451
XRP/USDT:USDT,2026-04-12 04:00:00+00:00,2026-04-12 20:00:00+00:00,1.3291,1.3302,10.0,True,99.988193,752.3,-0.022529926468233992,-2.251375,960,b434_stop,-0.22349016841973957
ENA/USDT:USDT,2026-04-12 04:00:00+00:00,2026-04-12 20:00:00+00:00,0.0917,0.0922,10.0,True,99.99885,10905.0,-0.06463576132206168,-6.4596237,960,b434_stop,0.19613400176891851
US/USDT:USDT,2026-04-09 08:00:00+00:00,2026-04-13 00:00:00+00:00,0.005912,0.005719,10.0,True,99.9997064,169147.0,0.3556411320150752,35.54267038,5280,b434_stop,4.07770863703083
HYPE/USDT:USDT,2026-04-12 04:00:00+00:00,2026-04-13 00:00:00+00:00,41.029,40.823,10.0,True,99.987673,24.37,0.03991404047593276,3.98851748,1200,b434_stop,0.1651374251466201
LIT/USDT:USDT,2026-04-12 12:00:00+00:00,2026-04-13 00:00:00+00:00,1.0778,1.092,10.0,True,99.998284,927.8,-0.14192457771112474,-14.1836989,720,b434_stop,0.1989453673527
WLD/USDT:USDT,2026-04-13 00:00:00+00:00,2026-04-13 00:00:00+00:00,0.2889,0.2889,10.0,True,99.98829,3461.0,-0.01115549332047515,-1.11474945,0,b434_stop,0.085110032448
DOT/USDT:USDT,2026-03-24 12:00:00+00:00,2026-04-13 04:00:00+00:00,1.395,1.227,10.0,True,99.9936,716.8,1.0755198731958389,107.48057693,28320,b434_limit,-11.814153310902118
MUBARAK/USDT:USDT,2026-04-12 04:00:00+00:00,2026-04-13 04:00:00+00:00,0.01161,0.01155,10.0,True,99.999252,86132.0,0.04318628641144917,4.31600518,1440,b434_stop,0.34497545574
AVAX/USDT:USDT,2026-04-12 04:00:00+00:00,2026-04-13 04:00:00+00:00,9.077,9.066,10.0,True,99.847,110.0,-0.0008713335405571966,-0.08694784,1440,b434_stop,-0.0995098401
XLM/USDT:USDT,2026-04-12 08:00:00+00:00,2026-04-13 08:00:00+00:00,0.1515,0.1506,10.0,True,99.99,6600.0,0.03635053739514436,3.63250942,1440,b434_stop,-1.1111745843
AAVE/USDT:USDT,2026-04-13 04:00:00+00:00,2026-04-13 08:00:00+00:00,94.53,95.99,10.0,False,99.2565,10.5,0.14125554307791524,14.02894313,240,b434_stop,-0.10078086652200002
AIN/USDT:USDT,2026-04-13 08:00:00+00:00,2026-04-13 08:00:00+00:00,0.07503,0.07842,10.0,True,99.999984,13328.0,-0.45630885307745733,-45.60349948,0,liquidation,0.8055294752736
ETH/USDT:USDT,2026-04-12 04:00:00+00:00,2026-04-13 12:00:00+00:00,2212.71,2186.29,10.0,True,99.793221,0.451,0.10683909992990855,10.65542082,1920,b434_stop,-0.0696297763504768
SOL/USDT:USDT,2026-04-12 04:00:00+00:00,2026-04-13 12:00:00+00:00,82.27,81.82,10.0,True,99.95805,12.15,0.041220517942838354,4.1178504,1920,b434_stop,-0.15343350025981106
DOGE/USDT:USDT,2026-04-12 04:00:00+00:00,2026-04-13 12:00:00+00:00,0.09109,0.09088,10.0,True,99.998602,10978.0,0.008204326923826798,0.81992897,1920,b434_stop,-0.2868510322936764
1000PEPE/USDT:USDT,2026-04-12 04:00:00+00:00,2026-04-13 12:00:00+00:00,0.0034845,0.0034826,10.0,True,99.99992325,286985.0,-0.014431193585446781,-1.44225238,1920,b434_stop,-0.7878519598517835
LINK/USDT:USDT,2026-04-12 04:00:00+00:00,2026-04-13 12:00:00+00:00,8.787,8.724,10.0,True,99.99606,113.8,0.05829963640931671,5.8262361,1920,b434_stop,-0.14751281751532214
ONDO/USDT:USDT,2026-04-12 04:00:00+00:00,2026-04-13 12:00:00+00:00,0.2472,0.2476,10.0,True,99.999816,4045.3,-0.0330343821760989,-3.30145008,1920,b434_stop,-0.4823614153498028
VIRTUAL/USDT:USDT,2026-04-12 04:00:00+00:00,2026-04-13 12:00:00+00:00,0.6518,0.6512,10.0,True,99.999156,1534.2,-0.015400007202396591,-1.53906373,1920,b434_stop,-1.2601461708511152
1000SHIB/USDT:USDT,2026-04-12 04:00:00+00:00,2026-04-13 16:00:00+00:00,0.005805,0.00577,10.0,True,99.9998325,172265.0,0.03964648045628383,3.96226262,2160,b434_stop,-0.8706319508363265
PENGU/USDT:USDT,2026-04-12 08:00:00+00:00,2026-04-13 16:00:00+00:00,0.006623,0.006585,10.0,True,99.9993524,150988.0,0.04471898111503065,4.46918603,1920,b434_stop,-0.0718082682295152
XLM/USDT:USDT,2026-04-13 16:00:00+00:00,2026-04-13 16:00:00+00:00,0.15268,0.15268,10.0,False,99.990132,6549.0,-0.01208704773687847,-1.20931065,0,b434_stop,-0.0094290694476
BTC/USDT:USDT,2026-04-12 00:00:00+00:00,2026-04-13 20:00:00+00:00,73013.4,73272.1,10.0,True,94.91742,0.013,-0.049260478703781835,-4.67287214,2640,b434_stop,-0.16874524497217577
XRP/USDT:USDT,2026-04-13 20:00:00+00:00,2026-04-13 20:00:00+00:00,1.3526,1.3526,10.0,False,99.997718,739.3,-0.01199280435738648,-1.19997262,0,b434_stop,0.0
NEAR/USDT:USDT,2026-04-13 20:00:00+00:00,2026-04-13 20:00:00+00:00,1.406,1.406,10.0,False,99.9666,711.0,-0.011992804317409553,-1.1995992,0,b434_stop,0.0
HYPE/USDT:USDT,2026-04-13 20:00:00+00:00,2026-04-13 20:00:00+00:00,43.587,43.587,10.0,False,99.988578,22.94,-0.01209568268820505,-1.21015577,0,b434_stop,-0.0102928375704
SAND/USDT:USDT,2026-04-13 20:00:00+00:00,2026-04-13 20:00:00+00:00,0.07725,0.07725,10.0,False,99.9924,12944.0,-0.011992804317409556,-1.1999088,0,b434_stop,0.0
1000PEPE/USDT:USDT,2026-04-13 20:00:00+00:00,2026-04-13 20:00:00+00:00,0.0036279,0.0036279,10.0,False,99.99979839,275641.0,-0.011992804310613617,-1.19999758,0,b434_stop,0.0
AVAX/USDT:USDT,2026-04-13 20:00:00+00:00,2026-04-13 20:00:00+00:00,9.403,9.403,10.0,False,99.6718,106.0,-0.011992804317409553,-1.1960616,0,b434_stop,0.0
ONDO/USDT:USDT,2026-04-13 20:00:00+00:00,2026-04-13 20:00:00+00:00,0.2514,0.2514,10.0,False,99.999378,3977.7,-0.01215250852883891,-1.21597244,0,b434_stop,-0.0159799006044
NIL/USDT:USDT,2026-04-13 20:00:00+00:00,2026-04-13 20:00:00+00:00,0.03325,0.03325,10.0,False,99.9997075,30075.1,-0.012492424507561353,-1.24998834,0,b434_stop,-0.0499918537734
ZRO/USDT:USDT,2026-04-13 20:00:00+00:00,2026-04-13 20:00:00+00:00,1.9891,1.9891,10.0,False,99.992057,502.7,-0.012315010961652485,-1.23214212,0,b434_stop,-0.0322374391768
SOL/USDT:USDT,2026-04-14 00:00:00+00:00,2026-04-14 00:00:00+00:00,86.49,86.49,10.0,False,99.98244,11.56,-0.012992320228166026,-1.29978328,0,b434_stop,-0.099994
ADA/USDT:USDT,2026-04-14 00:00:00+00:00,2026-04-14 00:00:00+00:00,0.2485,0.2485,10.0,False,99.9964,4024.0,-0.012180167348706944,-1.21870367,0,b434_stop,-0.018746866336
PUMP/USDT:USDT,2026-04-14 00:00:00+00:00,2026-04-14 00:00:00+00:00,0.001923,0.001923,10.0,False,99.999846,520020.0,-0.01249248106132709,-1.24999573,0,b434_stop,-0.049997582910000005
ENA/USDT:USDT,2026-04-14 00:00:00+00:00,2026-04-14 00:00:00+00:00,0.10087,0.10087,10.0,False,99.992431,9913.0,-0.012124064682248727,-1.21304209,0,b434_stop,-0.0131329200320383
LINK/USDT:USDT,2026-04-14 00:00:00+00:00,2026-04-14 00:00:00+00:00,9.359,9.359,10.0,False,99.991556,106.84,-0.012992102249995861,-1.29987998,0,b434_stop,-0.09998131068504001
FIL/USDT:USDT,2026-04-14 00:00:00+00:00,2026-04-14 00:00:00+00:00,0.918,0.918,10.0,False,99.99774,1089.3,-0.012993200702102407,-1.30007028,0,b434_stop,-0.1000973978784
VIRTUAL/USDT:USDT,2026-04-14 00:00:00+00:00,2026-04-14 00:00:00+00:00,0.6993,0.6993,10.0,False,99.9999,1430.0,-0.012492433040104438,-1.2499916,0,b434_stop,-0.049992800000000004
1000SHIB/USDT:USDT,2026-04-14 00:00:00+00:00,2026-04-14 00:00:00+00:00,0.006003,0.006003,10.0,False,99.9997749,166583.0,-0.012992044835738537,-1.29998108,0,b434_stop,-0.099983782932
ORCA/USDT:USDT,2026-04-14 00:00:00+00:00,2026-04-14 00:00:00+00:00,0.907,0.907,10.0,False,99.99675,1102.5,-0.012493055434655415,-1.2500145,0,b434_stop,-0.05005350000000001
PENGU/USDT:USDT,2026-04-14 00:00:00+00:00,2026-04-14 04:00:00+00:00,0.007029,0.006976,10.0,False,99.9994743,142267.0,-0.08829984406435701,-8.83523595,240,b434_stop,-0.09961535340000001
BR/USDT:USDT,2026-04-08 08:00:00+00:00,2026-04-14 12:00:00+00:00,0.13209,0.12033,10.0,True,99.99213,7570.0,0.906341945781135,90.57268543,8880,b434_stop,2.695977072383656
MUBARAK/USDT:USDT,2026-04-13 12:00:00+00:00,2026-04-14 12:00:00+00:00,0.01204,0.01331,10.0,False,99.999424,83056.0,1.0378325824529526,103.84493005,1440,b434_limit,-0.372908192568
US/USDT:USDT,2026-04-13 16:00:00+00:00,2026-04-14 12:00:00+00:00,0.004777,0.004791,10.0,True,99.9998072,209336.0,-0.03834359643996204,-3.83205164,1200,b434_stop,0.3004084689168608
ETH/USDT:USDT,2026-04-14 00:00:00+00:00,2026-04-14 12:00:00+00:00,2368.8,2373.13,10.0,False,99.96336,0.422,0.004262319359225973,0.42633141,720,b434_stop,-0.200271916
DOGE/USDT:USDT,2026-04-13 20:00:00+00:00,2026-04-14 16:00:00+00:00,0.09304,0.09537,10.0,False,99.999392,10748.0,0.23565384652713586,23.57938052,1200,b434_stop,-0.248441073304
WLD/USDT:USDT,2026-04-13 20:00:00+00:00,2026-04-14 16:00:00+00:00,0.2998,0.3097,10.0,False,99.9833,3335.0,0.3156687300698865,31.5805383,1200,b434_stop,-0.2163521959172735
BTC/USDT:USDT,2026-04-14 00:00:00+00:00,2026-04-14 16:00:00+00:00,74384.9,75268.1,10.0,False,96.70037,0.013,0.10743947430448603,10.39567058,960,b434_stop,0.081363982544
MOVR/USDT:USDT,2026-04-14 04:00:00+00:00,2026-04-14 16:00:00+00:00,1.2,1.208,10.0,False,99.9996,833.33,0.05259760335463489,5.26289514,720,b434_stop,-0.19974967891475504
US/USDT:USDT,2026-04-14 20:00:00+00:00,2026-04-14 20:00:00+00:00,0.00527,0.00527,10.0,False,99.999831,189753.0,-0.012492551893943781,-1.25000263,0,b434_stop,-0.050004659325
ENA/USDT:USDT,2026-04-14 20:00:00+00:00,2026-04-15 00:00:00+00:00,0.09518,0.09621,10.0,True,99.996108,10506.0,-0.12036865252862482,-12.02917494,240,b434_stop,-0.0015489405113759958
ZRO/USDT:USDT,2026-04-14 20:00:00+00:00,2026-04-15 00:00:00+00:00,1.9097,1.919,10.0,True,99.991892,523.6,-0.06008647507335611,-6.00455543,240,b434_stop,0.06774895979960416
ARB/USDT:USDT,2026-04-12 04:00:00+00:00,2026-04-15 04:00:00+00:00,0.1123,0.1122,10.0,True,99.999781,8904.7,-0.0015088190937874997,-0.15079105,4320,b434_stop,0.15820204464451063
WLD/USDT:USDT,2026-04-14 20:00:00+00:00,2026-04-15 04:00:00+00:00,0.2955,0.298,10.0,True,99.9972,3384.0,-0.09623958454226754,-9.61791477,480,b434_stop,0.047127631319999995
PUMP/USDT:USDT,2026-04-15 00:00:00+00:00,2026-04-15 04:00:00+00:00,0.001825,0.001845,10.0,True,99.9999625,547945.0,-0.12072174809234854,-12.06492698,240,b434_stop,0.1005479075
ORCA/USDT:USDT,2026-04-15 04:00:00+00:00,2026-04-15 08:00:00+00:00,0.882,0.881,10.0,True,99.99234,1133.7,0.00034388485668908786,0.03436522,240,b434_stop,0.09989307889650001
AVAX/USDT:USDT,2026-04-15 08:00:00+00:00,2026-04-15 08:00:00+00:00,9.265,9.265,10.0,True,99.1355,107.0,-0.011112267372528161,-1.10095921,0,b434_stop,0.08866679120000001
VIRTUAL/USDT:USDT,2026-04-15 08:00:00+00:00,2026-04-15 08:00:00+00:00,0.6669,0.6669,10.0,True,99.994986,1499.4,-0.011736441877242956,-1.17288119,0,b434_stop,0.027058643211599998
LYN/USDT:USDT,2026-03-26 08:00:00+00:00,2026-04-15 12:00:00+00:00,0.0627,0.05939,10.0,True,99.99396,15948.0,0.8257644457142461,82.52191408,29040,b434_stop,30.902288870573507
NEAR/USDT:USDT,2026-04-14 20:00:00+00:00,2026-04-15 12:00:00+00:00,1.37,1.38,10.0,True,99.873,729.0,-0.08446420299788336,-8.43063193,960,b434_stop,0.0622180744012602
SOL/USDT:USDT,2026-04-15 04:00:00+00:00,2026-04-15 12:00:00+00:00,83.4,83.55,10.0,True,99.9966,11.99,-0.03092206936116476,-3.09024654,480,b434_stop,-0.0907082437242132
HYPE/USDT:USDT,2026-04-15 04:00:00+00:00,2026-04-15 12:00:00+00:00,43.948,44.182,10.0,True,99.9817,22.75,-0.06797202933564098,-6.79188147,480,b434_stop,-0.2654069704311662
1000PEPE/USDT:USDT,2026-04-15 04:00:00+00:00,2026-04-15 12:00:00+00:00,0.003591,0.0036127,10.0,True,99.9996543,278473.0,-0.0732702696051079,-7.32260543,480,b434_stop,-0.076119763586568
BTC/USDT:USDT,2026-04-15 16:00:00+00:00,2026-04-15 16:00:00+00:00,73797.5,73797.5,10.0,True,95.93675,0.013,-0.012722877259203989,-1.21985914,0,b434_stop,-0.06861814324223937
HYPE/USDT:USDT,2026-04-15 20:00:00+00:00,2026-04-15 20:00:00+00:00,44.833,44.833,10.0,False,99.97759,22.3,-0.012060199692550021,-1.20647315,0,b434_stop,-0.006742067469037521
PUMP/USDT:USDT,2026-04-15 20:00:00+00:00,2026-04-15 20:00:00+00:00,0.001938,0.001938,10.0,False,99.999831,515995.0,-0.012492772661856357,-1.25002472,0,b434_stop,-0.05002674724
1000PEPE/USDT:USDT,2026-04-15 20:00:00+00:00,2026-04-15 20:00:00+00:00,0.0037737,0.0037737,10.0,False,99.99965367,264991.0,-0.011992804277033638,-1.19999584,0,b434_stop,0.0
ARB/USDT:USDT,2026-04-15 20:00:00+00:00,2026-04-15 20:00:00+00:00,0.1165,0.1165,10.0,False,99.99894,8583.6,-0.011992804317409553,-1.19998728,0,b434_stop,0.0
DOT/USDT:USDT,2026-04-15 20:00:00+00:00,2026-04-15 20:00:00+00:00,1.191,1.191,10.0,False,99.99636,839.6,-0.011992804317409556,-1.19995632,0,b434_stop,0.0
ORCA/USDT:USDT,2026-04-15 20:00:00+00:00,2026-04-15 20:00:00+00:00,0.901,0.901,10.0,False,99.99298,1109.8,-0.012492223246296556,-1.24988411,0,b434_stop,-0.0499683504661
BTC/USDT:USDT,2026-04-15 20:00:00+00:00,2026-04-16 00:00:00+00:00,74957.7,74776.3,10.0,False,97.44501,0.013,-0.035823329046871424,-3.49289914,240,b434_stop,0.033226056707999996
ENA/USDT:USDT,2026-04-15 20:00:00+00:00,2026-04-16 00:00:00+00:00,0.10027,0.09929,10.0,False,99.999271,9973.0,-0.11054002220693979,-11.06055399,240,b434_stop,-0.0928868629794824
HYPE/USDT:USDT,2026-04-16 00:00:00+00:00,2026-04-16 00:00:00+00:00,44.618,44.618,10.0,True,99.988938,22.41,-0.012057637197856044,-1.20490696,0,b434_stop,-0.005039704941173785
MUBARAK/USDT:USDT,2026-04-16 00:00:00+00:00,2026-04-16 00:00:00+00:00,0.01328,0.01328,10.0,True,99.999728,75301.0,-0.011506857094128582,-1.14999217,0,b434_stop,0.0500045703125
HYPE/USDT:USDT,2026-04-16 08:00:00+00:00,2026-04-16 08:00:00+00:00,45.252,45.252,10.0,False,99.961668,22.09,-0.011423660848517947,-1.14261335,0,b434_stop,0.05692666548734966
QNT/USDT:USDT,2026-04-16 08:00:00+00:00,2026-04-16 08:00:00+00:00,75.09,75.09,10.0,False,99.8697,13.3,-0.012992119917541383,-1.29829763,0,b434_stop,-0.09986123228900001
AVAX/USDT:USDT,2026-04-15 12:00:00+00:00,2026-04-16 12:00:00+00:00,9.419,9.46,10.0,False,99.8414,106.0,0.02857680091939027,2.8548597,1440,b434_stop,-0.290435901722
SOL/USDT:USDT,2026-04-16 00:00:00+00:00,2026-04-16 12:00:00+00:00,84.86,85.03,10.0,False,99.96508,11.78,0.006013905372566014,0.60154124,720,b434_stop,-0.20027624465534
NEAR/USDT:USDT,2026-04-16 00:00:00+00:00,2026-04-16 12:00:00+00:00,1.409,1.404,10.0,False,99.8981,709.0,-0.049009258143422524,-4.89886933,720,b434_stop,-0.1572191302103756
HYPE/USDT:USDT,2026-04-16 12:00:00+00:00,2026-04-16 12:00:00+00:00,44.59,44.59,10.0,True,99.97078,22.42,-0.012878168343996039,-1.28666807,0,b434_stop,-0.08701870900700001
BR/USDT:USDT,2026-04-16 12:00:00+00:00,2026-04-16 12:00:00+00:00,0.15291,0.15291,10.0,True,99.987849,6539.0,-0.011506969554676272,-1.1498668,0,b434_stop,0.04998738550000001
BNB/USDT:USDT,2026-04-04 00:00:00+00:00,2026-04-16 16:00:00+00:00,588.4,625.14,10.0,False,99.4396,1.69,0.601850107498725,59.88364259,18240,b434_limit,-0.9764278532134549
SUI/USDT:USDT,2026-04-07 20:00:00+00:00,2026-04-16 16:00:00+00:00,0.8909,0.985,10.0,False,99.994616,1122.4,1.0334716937849922,103.40361013,12720,b434_limit,-0.9509237767120764
ETH/USDT:USDT,2026-04-16 08:00:00+00:00,2026-04-16 16:00:00+00:00,2340.39,2337.59,10.0,True,99.934653,0.427,-0.000922461816532495,-0.09213059,480,b434_stop,-0.08923211092250496
BTC/USDT:USDT,2026-04-16 12:00:00+00:00,2026-04-16 16:00:00+00:00,74528.4,74659.5,10.0,True,96.88692,0.013,-0.029841960890143314,-2.8895609,240,b434_stop,-0.021595283301206646
WLD/USDT:USDT,2026-04-16 16:00:00+00:00,2026-04-16 16:00:00+00:00,0.32,0.32,10.0,False,100.0,3125.0,-0.012713771736957825,-1.27214,0,b434_stop,-0.07214
ZRO/USDT:USDT,2026-04-16 16:00:00+00:00,2026-04-16 16:00:00+00:00,1.9468,1.9468,10.0,False,99.987648,513.6,-0.012167247051863742,-1.21730436,0,b434_stop,-0.0174525791904096
GTC/USDT:USDT,2026-04-13 16:00:00+00:00,2026-04-16 20:00:00+00:00,0.07743,0.08746,10.0,False,99.9992964,12914.8,1.2538690453887036,125.46125393,4560,b434_limit,-2.7964772447672046
LIT/USDT:USDT,2026-04-16 20:00:00+00:00,2026-04-16 20:00:00+00:00,1.0593,1.0593,10.0,False,99.99792,944.0,-0.012492525285261492,-1.24997608,0,b434_stop,-0.0500010368
BEAMX/USDT:USDT,2026-04-13 12:00:00+00:00,2026-04-17 00:00:00+00:00,0.001836,0.002027,10.0,False,99.9999432,544662.0,1.0155484215246875,101.61571734,5040,b434_limit,-1.152307079694
AIN/USDT:USDT,2026-04-17 04:00:00+00:00,2026-04-17 04:00:00+00:00,0.07157,0.07157,10.0,False,99.997604,13972.0,-0.017757993740574598,-1.77682228,0,b434_stop,-0.576851030532756
LIT/USDT:USDT,2026-04-17 00:00:00+00:00,2026-04-17 08:00:00+00:00,1.0426,1.0174,10.0,True,99.995766,959.1,0.23147218466277691,23.13235067,480,b434_stop,0.14847827100000002
AXS/USDT:USDT,2026-03-21 04:00:00+00:00,2026-04-17 12:00:00+00:00,1.199,1.182,10.0,True,99.9966,834.0,-0.40987574045798525,-40.96158876,39360,b434_stop,-53.94813636067814
UNI/USDT:USDT,2026-04-02 04:00:00+00:00,2026-04-17 12:00:00+00:00,3.442,3.453,10.0,True,99.818,290.0,-0.04786478270580533,-4.77490022,22080,b434_stop,-0.3851702249321769
LTC/USDT:USDT,2026-04-03 16:00:00+00:00,2026-04-17 12:00:00+00:00,52.88,56.16,10.0,False,99.99608,18.91,0.5984818143747909,59.88174289,19920,b434_limit,-0.9058892695628854
VIRTUAL/USDT:USDT,2026-04-15 12:00:00+00:00,2026-04-17 12:00:00+00:00,0.6798,0.736,10.0,False,99.99858,1471.0,0.8092892355609527,80.97633103,2880,b434_limit,-0.44428388525400003
NEAR/USDT:USDT,2026-04-17 12:00:00+00:00,2026-04-17 12:00:00+00:00,1.394,1.394,10.0,True,99.9498,717.0,-0.012007204322593557,-1.1993976,0,b434_stop,0.0
WLD/USDT:USDT,2026-04-17 12:00:00+00:00,2026-04-17 12:00:00+00:00,0.3062,0.3062,10.0,True,99.9743,3265.0,-0.012007204322593557,-1.1996916,0,b434_stop,0.0
BTC/USDT:USDT,2026-04-17 16:00:00+00:00,2026-04-17 16:00:00+00:00,77736.2,77736.2,10.0,False,93.28344,0.012,-0.010914576268496524,-1.01876011,0,b434_stop,0.100641172992
ETH/USDT:USDT,2026-04-17 16:00:00+00:00,2026-04-17 16:00:00+00:00,2440.71,2440.71,10.0,False,99.825039,0.409,-0.012174595817574595,-1.2160587,0,b434_stop,-0.018158235438205897
LYN/USDT:USDT,2026-04-17 16:00:00+00:00,2026-04-17 16:00:00+00:00,0.06835,0.07144,10.0,True,99.99605,14630.0,-0.45717397051912384,-45.68816186,0,liquidation,0.7456147649831649
LIT/USDT:USDT,2026-04-17 16:00:00+00:00,2026-04-17 16:00:00+00:00,1.0928,1.0928,10.0,False,99.9912,915.0,-0.012492550273866436,-1.24989458,0,b434_stop,-0.050000175
BEAMX/USDT:USDT,2026-04-18 04:00:00+00:00,2026-04-18 04:00:00+00:00,0.002005,0.002005,10.0,True,99.9999765,498753.0,-0.011506904144986993,-1.14999973,0,b434_stop,0.04999998825
FIL/USDT:USDT,2026-04-18 04:00:00+00:00,2026-04-18 04:00:00+00:00,0.978,0.978,10.0,True,99.99072,1022.4,-0.012007204322593555,-1.19988864,0,b434_stop,0.0
UNI/USDT:USDT,2026-04-18 12:00:00+00:00,2026-04-18 12:00:00+00:00,3.359,3.359,10.0,True,99.7623,297.0,-0.012007204322593557,-1.1971476,0,b434_stop,0.0
FET/USDT:USDT,2026-03-24 00:00:00+00:00,2026-04-18 16:00:00+00:00,0.2265,0.2242,10.0,False,99.99975,4415.0,0.34687433450544447,34.70815914,36960,b434_stop,46.05656343693093
ETH/USDT:USDT,2026-04-18 12:00:00+00:00,2026-04-18 16:00:00+00:00,2351.46,2361.98,10.0,True,99.93705,0.425,-0.058313132771872764,-5.82414588,240,b434_stop,-0.15121868356
XLM/USDT:USDT,2026-04-18 20:00:00+00:00,2026-04-18 20:00:00+00:00,0.1688,0.1688,10.0,True,99.99712,5924.0,-0.012007204322593557,-1.19996544,0,b434_stop,0.0
MUBARAK/USDT:USDT,2026-04-16 04:00:00+00:00,2026-04-19 00:00:00+00:00,0.01404,0.01422,10.0,False,99.9999,71225.0,0.10649262048422552,10.65564095,4080,b434_stop,-0.9571679530875
AAVE/USDT:USDT,2026-04-18 08:00:00+00:00,2026-04-19 00:00:00+00:00,114.83,101.09,10.0,True,99.9021,8.7,1.1880805420974614,118.62052608,960,b434_limit,0.20962848086819996
ZRO/USDT:USDT,2026-04-18 08:00:00+00:00,2026-04-19 00:00:00+00:00,1.9429,1.7775,10.0,True,99.981634,514.6,0.8395944797900791,83.89366157,960,b434_limit,-0.07246772849066396
NIL/USDT:USDT,2026-04-18 16:00:00+00:00,2026-04-19 08:00:00+00:00,0.03964,0.03729,10.0,True,99.999828,25227.0,0.5839424446451633,58.35910754,960,b434_stop,0.240085409454
XRP/USDT:USDT,2026-04-18 12:00:00+00:00,2026-04-19 12:00:00+00:00,1.4308,1.4289,10.0,True,99.998612,698.9,0.0017189564186508122,0.17179012,1440,b434_stop,0.04306671493355536
DOGE/USDT:USDT,2026-04-18 12:00:00+00:00,2026-04-19 12:00:00+00:00,0.09595,0.09448,10.0,True,99.99909,10422.0,0.13977965362382538,13.96945146,1440,b434_stop,-0.1600916624856
ENA/USDT:USDT,2026-04-19 00:00:00+00:00,2026-04-19 12:00:00+00:00,0.11984,0.12102,10.0,True,99.994496,8344.0,-0.10983222857590683,-10.97602877,720,b434_stop,0.0757327387153232
ZEC/USDT:USDT,2026-04-19 16:00:00+00:00,2026-04-19 16:00:00+00:00,324.74,324.74,10.0,False,99.987446,3.079,-0.011198205542891755,-1.12035178,0,b434_stop,0.07949757020170001
ZEC/USDT:USDT,2026-04-19 20:00:00+00:00,2026-04-20 00:00:00+00:00,303.28,301.4,10.0,True,99.991416,3.297,0.05066441977623906,5.06296747,240,b434_stop,0.06078544712100001
GTC/USDT:USDT,2026-04-20 08:00:00+00:00,2026-04-20 08:00:00+00:00,0.11021,0.1152,10.0,True,99.9990435,9073.5,-0.46796220669689015,-46.7676956,0,liquidation,-0.26377601629680675
ZEC/USDT:USDT,2026-04-20 20:00:00+00:00,2026-04-20 20:00:00+00:00,318.05,318.05,10.0,False,99.99492,3.144,-0.011992804317409556,-1.19993904,0,b434_stop,0.0
WLD/USDT:USDT,2026-04-20 20:00:00+00:00,2026-04-21 00:00:00+00:00,0.266,0.264,10.0,False,99.9894,3759.0,-0.07453299993832926,-7.45698145,240,b434_stop,1.2563805536363593
PENGU/USDT:USDT,2026-04-18 08:00:00+00:00,2026-04-21 08:00:00+00:00,0.007791,0.007628,10.0,True,99.9998223,128353.0,0.1991664348673239,19.90465813,4320,b434_stop,0.1705640740858978
AVAX/USDT:USDT,2026-04-18 12:00:00+00:00,2026-04-21 08:00:00+00:00,9.385,9.336,10.0,True,99.481,106.0,0.03891372046416197,3.86885312,4080,b434_stop,-0.13449128249329398
BTC/USDT:USDT,2026-04-18 16:00:00+00:00,2026-04-21 08:00:00+00:00,76124.8,76050.0,10.0,True,98.96224,0.013,-0.007962994789536782,-0.78756298,3840,b434_stop,-0.5729995370136962
BNB/USDT:USDT,2026-04-18 16:00:00+00:00,2026-04-21 08:00:00+00:00,633.62,633.07,10.0,True,99.47834,1.57,-0.0021051013435921364,-0.20928634,3840,b434_stop,0.1204356409615392
ZRO/USDT:USDT,2026-04-21 04:00:00+00:00,2026-04-21 08:00:00+00:00,1.6726,1.6512,10.0,False,99.988028,597.8,-0.14075692917290858,-14.08245218,240,b434_stop,-0.0973515972884
NIL/USDT:USDT,2026-04-21 04:00:00+00:00,2026-04-21 12:00:00+00:00,0.04072,0.04101,10.0,False,99.9997688,24557.9,0.0576269195616411,5.76613624,480,b434_stop,-0.15138446090205004
BTC/USDT:USDT,2026-04-21 08:00:00+00:00,2026-04-21 12:00:00+00:00,76050.0,76408.3,10.0,False,98.865,0.013,0.03564648557247081,3.52630431,240,b434_stop,0.05757905171199999
BNB/USDT:USDT,2026-04-21 08:00:00+00:00,2026-04-21 12:00:00+00:00,633.07,634.53,10.0,False,99.39199,1.57,0.011041758220219116,1.0981208,240,b434_stop,0.0
FET/USDT:USDT,2026-04-21 08:00:00+00:00,2026-04-21 12:00:00+00:00,0.2128,0.2138,10.0,False,99.99472,4699.0,0.042727007734959035,4.27503866,240,b434_stop,0.778794699837
XLM/USDT:USDT,2026-04-21 08:00:00+00:00,2026-04-21 12:00:00+00:00,0.17933,0.18082,10.0,False,99.994408,5576.0,0.07017454798642798,7.02127262,240,b434_stop,-0.08204954308652401
DOGE/USDT:USDT,2026-04-21 12:00:00+00:00,2026-04-21 12:00:00+00:00,0.09539,0.09539,10.0,False,99.997337,10483.0,-0.011992804277432474,-1.19996804,0,b434_stop,0.0
AAVE/USDT:USDT,2026-04-21 12:00:00+00:00,2026-04-21 12:00:00+00:00,93.01,93.01,10.0,False,99.5207,10.7,-0.011992804317409553,-1.1942484,0,b434_stop,0.0
BTC/USDT:USDT,2026-04-21 20:00:00+00:00,2026-04-21 20:00:00+00:00,74988.7,74988.7,10.0,True,97.48531,0.013,-0.012007204322593555,-1.16982372,0,b434_stop,0.0
DOGE/USDT:USDT,2026-04-21 20:00:00+00:00,2026-04-21 20:00:00+00:00,0.0938,0.0938,10.0,True,99.9908,10660.0,-0.012007204322593555,-1.1998896,0,b434_stop,0.0
NIL/USDT:USDT,2026-04-21 20:00:00+00:00,2026-04-21 20:00:00+00:00,0.03868,0.03868,10.0,True,99.9997908,25853.1,-0.011506774822623198,-1.14998467,0,b434_stop,0.05001282195
STRK/USDT:USDT,2026-04-15 16:00:00+00:00,2026-04-22 00:00:00+00:00,0.03343,0.03775,10.0,False,99.9998276,29913.2,1.2637034044891506,126.44594466,9120,b434_limit,-1.5015463935640747
SOL/USDT:USDT,2026-04-18 12:00:00+00:00,2026-04-22 00:00:00+00:00,86.48,86.01,10.0,True,99.97088,11.56,0.040614046942548915,4.05778588,5040,b434_stop,-0.1790234785881904
ADA/USDT:USDT,2026-04-18 12:00:00+00:00,2026-04-22 00:00:00+00:00,0.2508,0.2498,10.0,True,99.99396,3987.0,0.02846828532393727,2.84494859,5040,b434_stop,0.055483913684418296
LINK/USDT:USDT,2026-04-18 12:00:00+00:00,2026-04-22 00:00:00+00:00,9.397,9.392,10.0,True,99.993477,106.41,-0.0036644453555648203,-0.36620078,5040,b434_stop,0.30135171138529204
ONDO/USDT:USDT,2026-04-18 12:00:00+00:00,2026-04-22 00:00:00+00:00,0.2608,0.2579,10.0,True,99.998544,3834.3,0.10060554546513101,10.05437182,5040,b434_stop,0.12821267090798738
1000SHIB/USDT:USDT,2026-04-18 12:00:00+00:00,2026-04-22 00:00:00+00:00,0.006109,0.006087,10.0,True,99.9994428,163692.0,0.026687361329553873,2.66712003,5040,b434_stop,0.26372860933050724
ORCA/USDT:USDT,2026-04-18 16:00:00+00:00,2026-04-22 00:00:00+00:00,0.924,0.926,10.0,True,99.99528,1082.2,-0.029777957450750375,-2.9758686,4800,b434_stop,0.3897734014695894
BCH/USDT:USDT,2026-04-01 16:00:00+00:00,2026-04-22 04:00:00+00:00,458.78,452.78,10.0,True,99.968162,2.179,0.1241708111694601,12.40567989,29520,b434_stop,0.5234534359143972
SUI/USDT:USDT,2026-04-18 12:00:00+00:00,2026-04-22 04:00:00+00:00,0.961,0.9615,10.0,True,99.99205,1040.5,-0.014885398618327638,-1.48752847,5280,b434_stop,0.23293827559312186
PUMP/USDT:USDT,2026-04-18 12:00:00+00:00,2026-04-22 04:00:00+00:00,0.00189,0.001871,10.0,True,99.9999,529100.0,0.08892706311157383,8.8873618,5280,b434_stop,0.028428863687510037
LTC/USDT:USDT,2026-04-18 12:00:00+00:00,2026-04-22 04:00:00+00:00,55.97,55.81,10.0,True,99.996002,17.866,0.020294253729683364,2.02812663,5280,b434_stop,0.36780351354094
ARB/USDT:USDT,2026-04-18 16:00:00+00:00,2026-04-22 04:00:00+00:00,0.1282,0.1276,10.0,True,99.999846,7800.3,0.037845384277489146,3.78226188,5040,b434_stop,0.2992719253170931
DOT/USDT:USDT,2026-04-18 16:00:00+00:00,2026-04-22 04:00:00+00:00,1.295,1.291,10.0,True,99.9999,772.2,0.02126989639497144,2.12571132,5040,b434_stop,0.23505684225605014
MUBARAK/USDT:USDT,2026-04-22 08:00:00+00:00,2026-04-22 12:00:00+00:00,0.01409,0.014,10.0,False,99.999548,70972.0,-0.07678755765341641,-7.68332829,240,b434_stop,-0.09968620662000001
NIL/USDT:USDT,2026-04-22 08:00:00+00:00,2026-04-22 12:00:00+00:00,0.04099,0.04084,10.0,False,99.9996139,24396.1,-0.04954091174517962,-4.95704449,240,b434_stop,-0.0998297682518
DOT/USDT:USDT,2026-04-22 04:00:00+00:00,2026-04-22 16:00:00+00:00,1.291,1.298,10.0,False,99.98795,774.5,0.04106520840158601,4.10848962,720,b434_stop,-0.10990207511100002
XRP/USDT:USDT,2026-04-22 04:00:00+00:00,2026-04-22 20:00:00+00:00,1.4427,1.4408,10.0,False,99.993537,693.1,-0.02592438426769038,-2.59382624,960,b434_stop,-0.0778039315396032
FIL/USDT:USDT,2026-04-22 04:00:00+00:00,2026-04-22 20:00:00+00:00,0.942,0.943,10.0,False,99.9933,1061.5,-0.003406716756918576,-0.34085324,960,b434_stop,-0.2017967366745
ARB/USDT:USDT,2026-04-22 20:00:00+00:00,2026-04-22 20:00:00+00:00,0.1308,0.1308,10.0,False,99.999216,7645.2,-0.01199280429742139,-1.19999059,0,b434_stop,0.0
ADA/USDT:USDT,2026-04-22 00:00:00+00:00,2026-04-23 00:00:00+00:00,0.2498,0.2482,10.0,False,99.99494,4003.0,-0.0785009951365622,-7.85441212,1440,b434_stop,-0.25351572278596723
UNI/USDT:USDT,2026-04-22 04:00:00+00:00,2026-04-23 00:00:00+00:00,3.318,3.314,10.0,False,99.8718,301.0,-0.026578521796063882,-2.65603748,1200,b434_stop,-0.2542982829133019
HYPE/USDT:USDT,2026-04-22 12:00:00+00:00,2026-04-23 00:00:00+00:00,41.019,41.131,10.0,False,99.963303,24.37,0.01543868342292215,1.54422777,720,b434_stop,0.015985065981497716
XLM/USDT:USDT,2026-04-23 00:00:00+00:00,2026-04-23 04:00:00+00:00,0.1765,0.17537,10.0,True,99.98725,5665.0,0.05169286960813539,5.1655267,240,b434_stop,-0.039917171668
SUI/USDT:USDT,2026-04-23 04:00:00+00:00,2026-04-23 04:00:00+00:00,0.9322,0.9322,10.0,True,99.997094,1072.7,-0.012007204342606144,-1.19996513,0,b434_stop,0.0
LINK/USDT:USDT,2026-04-23 04:00:00+00:00,2026-04-23 04:00:00+00:00,9.173,9.173,10.0,True,99.994873,109.01,-0.012007204362619622,-1.19993848,0,b434_stop,0.0
ARB/USDT:USDT,2026-04-23 04:00:00+00:00,2026-04-23 04:00:00+00:00,0.124,0.124,10.0,True,99.9998,8064.5,-0.012007204322593558,-1.1999976,0,b434_stop,0.0
BEAMX/USDT:USDT,2026-04-21 08:00:00+00:00,2026-04-23 08:00:00+00:00,0.001986,0.00198,10.0,False,99.9998664,503524.0,-0.04873262597027021,-4.87618004,2880,b434_stop,-0.6568503309060001
SOL/USDT:USDT,2026-04-22 00:00:00+00:00,2026-04-23 08:00:00+00:00,86.01,85.85,10.0,False,99.94362,11.62,-0.03369951837730782,-3.37007269,1920,b434_stop,-0.3126647697082244
ETH/USDT:USDT,2026-04-22 00:00:00+00:00,2026-04-23 08:00:00+00:00,2326.12,2342.81,10.0,False,99.790548,0.429,0.05723294069985812,5.7147333,1920,b434_stop,-0.24349411835849719
NIL/USDT:USDT,2026-04-23 00:00:00+00:00,2026-04-23 08:00:00+00:00,0.03877,0.03928,10.0,True,99.9998487,25793.1,-0.14219882291147787,-14.21132886,480,b434_stop,0.15104301366915
MUBARAK/USDT:USDT,2026-04-23 04:00:00+00:00,2026-04-23 08:00:00+00:00,0.01329,0.01343,10.0,True,99.999276,75244.0,-0.11647018304800758,-11.63994582,240,b434_stop,0.100525984
LTC/USDT:USDT,2026-04-23 08:00:00+00:00,2026-04-23 08:00:00+00:00,55.14,55.14,10.0,True,99.99639,18.135,-0.01282898473931687,-1.28208245,0,b434_stop,-0.08212576654615905
MOVR/USDT:USDT,2026-04-18 16:00:00+00:00,2026-04-23 12:00:00+00:00,2.314,1.799,10.0,True,99.99951,432.15,2.1751096440288507,217.37939266,6960,b434_stop,-4.111397569952543
XRP/USDT:USDT,2026-04-23 04:00:00+00:00,2026-04-23 12:00:00+00:00,1.4153,1.4155,10.0,True,99.990945,706.5,-0.014183766129096435,-1.41739723,480,b434_stop,-0.07612110632699999
ADA/USDT:USDT,2026-04-23 04:00:00+00:00,2026-04-23 12:00:00+00:00,0.2461,0.2473,10.0,True,99.99043,4063.0,-0.06199581562913345,-6.19526887,480,b434_stop,-0.1168583460889784
SOL/USDT:USDT,2026-04-23 08:00:00+00:00,2026-04-23 12:00:00+00:00,85.85,85.76,10.0,True,99.9294,11.64,-0.0019325172489127736,-0.19299942,240,b434_stop,-0.042075177840000005
PUMP/USDT:USDT,2026-04-23 08:00:00+00:00,2026-04-23 12:00:00+00:00,0.001804,0.001799,10.0,True,99.9998692,554323.0,0.015374570039895586,1.53653252,240,b434_stop,-0.03674701823195481
UNI/USDT:USDT,2026-04-23 08:00:00+00:00,2026-04-23 12:00:00+00:00,3.251,3.243,10.0,True,99.8057,307.0,0.012162899473853805,1.21319834,240,b434_stop,-0.046606863822917996
AVAX/USDT:USDT,2026-04-23 08:00:00+00:00,2026-04-23 12:00:00+00:00,9.281,9.269,10.0,True,99.3067,107.0,-0.00010897908612457396,-0.01081586,240,b434_stop,-0.10390586387999999
FIL/USDT:USDT,2026-04-23 08:00:00+00:00,2026-04-23 12:00:00+00:00,0.921,0.922,10.0,True,99.99297,1085.7,-0.022685239559213137,-2.26700346,240,b434_stop,0.0192636026680944
ORCA/USDT:USDT,2026-04-23 08:00:00+00:00,2026-04-23 12:00:00+00:00,0.921,0.923,10.0,True,99.99297,1085.7,-0.032746575648406565,-3.2724627,240,b434_stop,0.10015578211485002
BNB/USDT:USDT,2026-04-23 12:00:00+00:00,2026-04-23 12:00:00+00:00,633.71,633.71,10.0,True,99.49247,1.57,-0.012007204322593557,-1.19390964,0,b434_stop,0.0
ONDO/USDT:USDT,2026-04-23 12:00:00+00:00,2026-04-23 12:00:00+00:00,0.2575,0.2575,10.0,True,99.99755,3883.4,-0.012577655861193776,-1.25698013,0,b434_stop,-0.05700953396773095
1000SHIB/USDT:USDT,2026-04-23 12:00:00+00:00,2026-04-23 12:00:00+00:00,0.006095,0.006095,10.0,True,99.999446,164068.0,-0.012007204302581438,-1.19999335,0,b434_stop,0.0
MOVR/USDT:USDT,2026-04-23 16:00:00+00:00,2026-04-23 16:00:00+00:00,3.192,3.192,10.0,False,99.998976,313.28,0.08403468352135554,8.40842433,0,b434_stop,9.608412041332775
1000SHIB/USDT:USDT,2026-04-23 16:00:00+00:00,2026-04-23 16:00:00+00:00,0.006186,0.006186,10.0,False,99.999783,161655.0,-0.012991663410778282,-1.29994302,0,b434_stop,-0.09994562857499999
BCH/USDT:USDT,2026-04-23 20:00:00+00:00,2026-04-23 20:00:00+00:00,456.88,456.88,10.0,True,99.965344,2.188,-0.012007204342612501,-1.19958413,0,b434_stop,0.0
1000SHIB/USDT:USDT,2026-04-23 20:00:00+00:00,2026-04-23 20:00:00+00:00,0.006085,0.006085,10.0,True,99.999673,164338.0,-0.012007204362617702,-1.19999608,0,b434_stop,0.0
LTC/USDT:USDT,2026-04-24 00:00:00+00:00,2026-04-24 00:00:00+00:00,56.17,56.17,10.0,False,99.999451,17.803,-0.012592344566710828,-1.25998308,0,b434_stop,-0.059989670654900004
BCH/USDT:USDT,2026-04-24 00:00:00+00:00,2026-04-24 00:00:00+00:00,460.56,460.56,10.0,False,99.987576,2.171,-0.012512381342175603,-1.25183333,0,b434_stop,-0.05198241933624759
STRK/USDT:USDT,2026-04-24 04:00:00+00:00,2026-04-24 04:00:00+00:00,0.04249,0.04249,10.0,True,99.9997901,23534.9,-0.011683233748642961,-1.16761993,0,b434_stop,0.032377550302499995
BCH/USDT:USDT,2026-04-24 04:00:00+00:00,2026-04-24 12:00:00+00:00,456.49,457.35,10.0,True,99.97131,2.19,-0.03055759417008519,-3.05304979,480,b434_stop,0.031135969562999997
AVAX/USDT:USDT,2026-04-24 12:00:00+00:00,2026-04-24 12:00:00+00:00,9.436,9.436,10.0,False,99.078,105.0,-0.011992804317409556,-1.188936,0,b434_stop,0.0
XRP/USDT:USDT,2026-04-24 16:00:00+00:00,2026-04-24 16:00:00+00:00,1.4471,1.4471,10.0,False,99.99461,691.0,-0.011807511399879445,-1.18139591,0,b434_stop,0.0185394143657106
BEAMX/USDT:USDT,2026-04-24 16:00:00+00:00,2026-04-24 16:00:00+00:00,0.002024,0.002024,10.0,False,99.9999704,494071.0,-0.012492504497301618,-1.24999963,0,b434_stop,-0.049999985200000006
ONDO/USDT:USDT,2026-04-24 12:00:00+00:00,2026-04-24 20:00:00+00:00,0.264,0.2656,10.0,False,99.99792,3787.8,0.04714507506089527,4.71723809,480,b434_stop,-0.139630580472
ADA/USDT:USDT,2026-04-24 16:00:00+00:00,2026-04-24 20:00:00+00:00,0.2521,0.2517,10.0,False,99.98286,3966.0,-0.028839962457992245,-2.88523203,240,b434_stop,-0.099989546676
ORCA/USDT:USDT,2026-04-24 16:00:00+00:00,2026-04-24 20:00:00+00:00,0.942,0.94,10.0,False,99.9933,1061.5,-0.03419771829089922,-3.42159443,240,b434_stop,-0.09994862783399999
AXS/USDT:USDT,2026-04-18 16:00:00+00:00,2026-04-25 00:00:00+00:00,1.145,1.132,10.0,True,99.9585,873.0,0.07457116686614859,7.44954957,9120,b434_stop,-2.7067578284275604
SAND/USDT:USDT,2026-04-18 16:00:00+00:00,2026-04-25 04:00:00+00:00,0.08246,0.08075,10.0,True,99.999242,12127.0,0.19259723705335663,19.24802197,9360,b434_stop,-0.3015994325322685
GTC/USDT:USDT,2026-04-24 00:00:00+00:00,2026-04-25 04:00:00+00:00,0.10977,0.11638,10.0,False,99.9993723,9109.9,0.5861831554860584,58.65311837,1680,b434_stop,-0.32719829416378
TRUMP/USDT:USDT,2026-03-26 08:00:00+00:00,2026-04-25 12:00:00+00:00,3.136,2.87,10.0,True,99.997632,318.87,0.4676090897933324,46.7317458,43440,b434_limit,-36.93859426618949
SUI/USDT:USDT,2026-04-24 12:00:00+00:00,2026-04-25 12:00:00+00:00,0.9495,0.9453,10.0,False,99.991845,1053.1,-0.05673329300020408,-5.67627036,1440,b434_stop,-0.05600202826097041
LINK/USDT:USDT,2026-04-24 20:00:00+00:00,2026-04-25 12:00:00+00:00,9.402,9.386,10.0,False,99.999672,106.36,-0.03098521416398297,-3.10037036,960,b434_stop,-0.19963535646808
ENA/USDT:USDT,2026-04-24 08:00:00+00:00,2026-04-25 16:00:00+00:00,0.10842,0.10756,10.0,False,99.995766,9223.0,-0.09200228294411938,-9.20535866,1920,b434_stop,-0.0783885343495406
1000SHIB/USDT:USDT,2026-04-24 12:00:00+00:00,2026-04-25 16:00:00+00:00,0.006197,0.006174,10.0,False,99.9997496,161368.0,-0.0518741114038683,-5.19051059,1680,b434_stop,-0.28127647560771196
SOL/USDT:USDT,2026-04-25 04:00:00+00:00,2026-04-25 16:00:00+00:00,86.41,86.18,10.0,False,99.97637,11.57,-0.03821487356858788,-3.82287669,720,b434_stop,0.036343089302
MOVR/USDT:USDT,2026-04-25 16:00:00+00:00,2026-04-25 16:00:00+00:00,2.313,2.313,10.0,True,99.997929,432.33,-0.014246099419348552,-1.42372569,0,b434_stop,-0.22375054423025945
MUBARAK/USDT:USDT,2026-04-24 00:00:00+00:00,2026-04-25 20:00:00+00:00,0.01363,0.0135,10.0,False,99.999221,73367.0,-0.11336395116434406,-11.34310859,2640,b434_stop,-0.6111305657415
LINK/USDT:USDT,2026-04-25 20:00:00+00:00,2026-04-25 20:00:00+00:00,9.301,9.301,10.0,True,99.995051,107.51,-0.012007204302580558,-1.19994061,0,b434_stop,0.0
BEAMX/USDT:USDT,2026-04-25 16:00:00+00:00,2026-04-26 00:00:00+00:00,0.001999,0.002002,10.0,True,99.999975,500250.0,-0.025532010085223857,-2.55166845,480,b434_stop,0.149981703375
TRUMP/USDT:USDT,2026-04-25 16:00:00+00:00,2026-04-26 00:00:00+00:00,2.53,2.562,10.0,True,99.99825,395.25,-0.1858197782619691,-18.57050365,480,b434_stop,-4.7149358522846585
SOL/USDT:USDT,2026-04-25 20:00:00+00:00,2026-04-26 00:00:00+00:00,85.63,86.13,10.0,True,99.93021,11.67,-0.07093143250441944,-7.08394003,240,b434_stop,-0.046276512084
MOVR/USDT:USDT,2026-04-26 00:00:00+00:00,2026-04-26 00:00:00+00:00,2.465,2.465,10.0,False,99.997655,405.67,0.019765037545697105,1.97764328,0,b434_stop,3.1776151424067
COLLECT/USDT:USDT,2026-03-25 12:00:00+00:00,2026-04-26 04:00:00+00:00,0.07197,0.03334,10.0,True,99.995118,13894.0,5.531702498180239,552.8113581,45600,b434_limit,16.964044379949296
PENGU/USDT:USDT,2026-04-24 16:00:00+00:00,2026-04-26 04:00:00+00:00,0.008591,0.008603,10.0,True,99.99924,116400.0,-0.02398483437599601,-2.39702613,2160,b434_stop,0.20060283221052
1000SHIB/USDT:USDT,2026-04-25 16:00:00+00:00,2026-04-26 04:00:00+00:00,0.006174,0.00616,10.0,True,99.9996606,161969.0,0.011102595516910006,1.10958963,720,b434_stop,0.0406590182710452
AVAX/USDT:USDT,2026-04-25 16:00:00+00:00,2026-04-26 04:00:00+00:00,9.34,9.334,10.0,True,99.938,107.0,-0.006036398660825905,-0.60290365,720,b434_stop,-0.04603285132022279
MUBARAK/USDT:USDT,2026-04-25 20:00:00+00:00,2026-04-26 04:00:00+00:00,0.0135,0.01359,10.0,True,99.9999,74074.0,-0.07724558174828337,-7.71991572,480,b434_stop,0.150743071479
SUI/USDT:USDT,2026-04-25 20:00:00+00:00,2026-04-26 04:00:00+00:00,0.9325,0.9346,10.0,True,99.991975,1072.3,-0.0339726796795675,-3.39495714,480,b434_stop,0.0581276596616334
ADA/USDT:USDT,2026-04-25 20:00:00+00:00,2026-04-26 04:00:00+00:00,0.2489,0.2493,10.0,True,99.98313,4017.0,-0.02825999009390899,-2.82382695,480,b434_stop,-0.016265311023
WLD/USDT:USDT,2026-04-25 20:00:00+00:00,2026-04-26 04:00:00+00:00,0.2563,0.2571,10.0,True,99.98263,3901.0,-0.04778457644668825,-4.77476105,480,b434_stop,-0.45229701338129885
ENA/USDT:USDT,2026-04-26 04:00:00+00:00,2026-04-26 04:00:00+00:00,0.10618,0.10618,10.0,True,99.989706,9417.0,-0.011624082214401978,-1.16159119,0,b434_stop,0.0382852770009732
ONDO/USDT:USDT,2026-04-25 12:00:00+00:00,2026-04-26 08:00:00+00:00,0.2612,0.2634,10.0,True,99.997808,3828.4,-0.09615767951938088,-9.60978784,1200,b434_stop,0.01771934799072865
LTC/USDT:USDT,2026-04-25 20:00:00+00:00,2026-04-26 08:00:00+00:00,56.03,56.28,10.0,True,99.996741,17.847,-0.0572606132716755,-5.72243919,720,b434_stop,-0.05805124922250001
ZRO/USDT:USDT,2026-04-26 00:00:00+00:00,2026-04-26 08:00:00+00:00,1.5219,1.5235,10.0,True,99.98883,657.0,-0.025177879509425374,-2.51599621,480,b434_stop,-0.2642995263757752
AIN/USDT:USDT,2026-04-18 20:00:00+00:00,2026-04-26 12:00:00+00:00,0.06632,0.06393,10.0,True,99.997296,15078.0,0.43020519708713234,42.99354482,11040,b434_stop,8.135470522932476
ETH/USDT:USDT,2026-04-23 12:00:00+00:00,2026-04-26 12:00:00+00:00,2327.92,2334.78,10.0,True,99.867768,0.429,-0.04578050736302579,-4.56925389,4320,b434_stop,-0.4261349119848889
SOL/USDT:USDT,2026-04-26 08:00:00+00:00,2026-04-26 12:00:00+00:00,86.59,86.45,10.0,False,99.92486,11.54,-0.029082123144828526,-2.9077707,240,b434_stop,-0.09404173612155434
WLD/USDT:USDT,2026-04-26 08:00:00+00:00,2026-04-26 12:00:00+00:00,0.2608,0.2599,10.0,False,99.99072,3834.0,-0.04496998702650904,-4.49927933,240,b434_stop,0.149138946198
ENA/USDT:USDT,2026-04-26 08:00:00+00:00,2026-04-26 12:00:00+00:00,0.10934,0.11062,10.0,False,99.99143,9145.0,0.1042906035052401,10.43442348,240,b434_stop,-0.0642559954415
BEAMX/USDT:USDT,2026-04-26 08:00:00+00:00,2026-04-26 12:00:00+00:00,0.002063,0.002082,10.0,False,99.999799,484730.0,0.0789921708670078,7.90394073,240,b434_stop,-0.100405760375
UNI/USDT:USDT,2026-04-26 08:00:00+00:00,2026-04-26 12:00:00+00:00,3.282,3.288,10.0,False,99.7728,304.0,0.005267406283834818,0.5258592,240,b434_stop,-0.09977280000000001
SUI/USDT:USDT,2026-04-26 12:00:00+00:00,2026-04-26 12:00:00+00:00,0.9475,0.9475,10.0,False,99.99915,1055.4,-0.011992804317409553,-1.1999898,0,b434_stop,0.0
ADA/USDT:USDT,2026-04-26 12:00:00+00:00,2026-04-26 12:00:00+00:00,0.2534,0.2534,10.0,False,99.99164,3946.0,-0.011992804317409553,-1.19989968,0,b434_stop,0.0
PUMP/USDT:USDT,2026-04-26 12:00:00+00:00,2026-04-26 12:00:00+00:00,0.001762,0.001762,10.0,False,99.9998432,567536.0,-0.012492788127568457,-1.25002642,0,b434_stop,-0.050028298400000004
AVAX/USDT:USDT,2026-04-26 12:00:00+00:00,2026-04-26 12:00:00+00:00,9.479,9.479,10.0,False,99.5295,105.0,-0.011992804317409553,-1.194354,0,b434_stop,0.0
ONDO/USDT:USDT,2026-04-26 12:00:00+00:00,2026-04-26 12:00:00+00:00,0.2708,0.2708,10.0,False,99.998316,3692.7,-0.012492320004888351,-1.24996049,0,b434_stop,-0.0499806945
ZEC/USDT:USDT,2026-04-26 12:00:00+00:00,2026-04-26 16:00:00+00:00,353.72,355.08,10.0,True,99.996644,2.827,-0.05055700908065722,-5.05249792,240,b434_stop,-0.00551136400180339
PENGU/USDT:USDT,2026-04-26 20:00:00+00:00,2026-04-26 20:00:00+00:00,0.009002,0.009002,10.0,False,99.9996172,111086.0,-0.011272308691073266,-1.12790289,0,b434_stop,0.07209251563066
1000PEPE/USDT:USDT,2026-04-18 08:00:00+00:00,2026-04-27 00:00:00+00:00,0.0039571,0.003894,10.0,True,99.9998741,252710.0,0.14776694579443828,14.76780997,12480,b434_stop,0.012239860079623008
VIRTUAL/USDT:USDT,2026-04-18 12:00:00+00:00,2026-04-27 00:00:00+00:00,0.7165,0.7117,10.0,True,99.99474,1395.6,0.058828758991482204,5.87903692,12240,b434_stop,0.376074474739205
XRP/USDT:USDT,2026-04-25 08:00:00+00:00,2026-04-27 00:00:00+00:00,1.4325,1.4302,10.0,True,99.9885,698.0,0.0025385079580329444,0.25366931,2400,b434_stop,-0.152831932193972
AXS/USDT:USDT,2026-04-27 00:00:00+00:00,2026-04-27 00:00:00+00:00,1.418,1.418,10.0,True,99.969,705.0,-0.0120199186903033,-1.20089828,0,b434_stop,-0.0012702760217999998
ARB/USDT:USDT,2026-04-24 04:00:00+00:00,2026-04-27 04:00:00+00:00,0.1287,0.1321,10.0,False,99.9999,7770.0,0.24888607459065185,24.90351572,4320,b434_stop,-0.298634683686696
FIL/USDT:USDT,2026-04-24 08:00:00+00:00,2026-04-27 04:00:00+00:00,0.933,0.952,10.0,False,99.99894,1071.8,0.18619226556286006,18.63020061,4080,b434_stop,-0.5217935855229332
LINK/USDT:USDT,2026-04-26 08:00:00+00:00,2026-04-27 04:00:00+00:00,9.418,9.54,10.0,False,99.990906,106.17,0.11553125906110996,11.55900651,1200,b434_stop,-0.18607097884386
ZRO/USDT:USDT,2026-04-26 12:00:00+00:00,2026-04-27 04:00:00+00:00,1.5624,1.5702,10.0,False,99.9936,640.0,0.03558087631659995,3.55999463,960,b434_stop,-0.229086969204608
XRP/USDT:USDT,2026-04-27 04:00:00+00:00,2026-04-27 04:00:00+00:00,1.442,1.442,10.0,False,99.98828,693.4,-0.011992804317409553,-1.19985936,0,b434_stop,0.0
BNB/USDT:USDT,2026-04-27 04:00:00+00:00,2026-04-27 04:00:00+00:00,638.75,638.75,10.0,False,99.645,1.56,-0.011992804317409556,-1.19574,0,b434_stop,0.0
1000SHIB/USDT:USDT,2026-04-27 04:00:00+00:00,2026-04-27 04:00:00+00:00,0.006289,0.006289,10.0,False,99.9995023,159007.0,-0.011992804341395285,-1.19999403,0,b434_stop,0.0
BNB/USDT:USDT,2026-04-27 08:00:00+00:00,2026-04-27 08:00:00+00:00,626.12,626.12,10.0,True,99.55308,1.59,-0.012007204322593557,-1.19463696,0,b434_stop,0.0
NEAR/USDT:USDT,2026-04-21 00:00:00+00:00,2026-04-27 12:00:00+00:00,1.361,1.378,10.0,False,99.8974,734.0,0.10512828716730685,10.50834378,9360,b434_stop,-0.7634006233572757
NIL/USDT:USDT,2026-04-24 12:00:00+00:00,2026-04-27 12:00:00+00:00,0.04103,0.04227,10.0,False,99.9999572,24372.4,0.2800092660562385,28.01771517,4320,b434_stop,-0.9859282765358001
SUI/USDT:USDT,2026-04-27 08:00:00+00:00,2026-04-27 12:00:00+00:00,0.9241,0.9288,10.0,True,99.996861,1082.1,-0.06392751238803591,-6.38871504,240,b434_stop,-0.09983119054878942
ADA/USDT:USDT,2026-04-27 08:00:00+00:00,2026-04-27 12:00:00+00:00,0.2468,0.2475,10.0,True,99.97868,4051.0,-0.040988457870696916,-4.09551313,240,b434_stop,-0.058367553384
AVAX/USDT:USDT,2026-04-27 08:00:00+00:00,2026-04-27 12:00:00+00:00,9.225,9.259,10.0,True,99.63,108.0,-0.05072569889419349,-5.0507691,240,b434_stop,-0.18100590381374398
1000SHIB/USDT:USDT,2026-04-27 08:00:00+00:00,2026-04-27 12:00:00+00:00,0.006087,0.006124,10.0,True,99.9996708,164284.0,-0.07362270204174061,-7.35782862,240,b434_stop,-0.07567746225389281
ORCA/USDT:USDT,2026-04-27 08:00:00+00:00,2026-04-27 12:00:00+00:00,1.226,1.189,10.0,True,99.99256,815.6,0.28154182293736196,28.13519637,240,b434_stop,-0.8601992276633114
SOL/USDT:USDT,2026-04-27 12:00:00+00:00,2026-04-27 12:00:00+00:00,85.19,85.19,10.0,True,99.92787,11.73,-0.012007204322593555,-1.19913444,0,b434_stop,0.0
1000PEPE/USDT:USDT,2026-04-27 12:00:00+00:00,2026-04-27 12:00:00+00:00,0.0038516,0.0038516,10.0,True,99.99986112,259632.0,-0.012007204288172854,-1.19999833,0,b434_stop,0.0
ONDO/USDT:USDT,2026-04-27 12:00:00+00:00,2026-04-27 12:00:00+00:00,0.262,0.262,10.0,True,99.99754,3816.7,-0.011609565763418641,-1.16023146,0,b434_stop,0.039739022396
VIRTUAL/USDT:USDT,2026-04-27 12:00:00+00:00,2026-04-27 12:00:00+00:00,0.6979,0.6979,10.0,True,99.995112,1432.8,-0.012566222101655158,-1.25580685,0,b434_stop,-0.05586550235907047
ETH/USDT:USDT,2026-04-27 16:00:00+00:00,2026-04-27 16:00:00+00:00,2273.52,2273.52,10.0,True,99.807528,0.439,-0.012767121864031682,-1.27349032,0,b434_stop,-0.07579998233642658
ORCA/USDT:USDT,2026-04-27 16:00:00+00:00,2026-04-27 16:00:00+00:00,1.602,1.602,10.0,False,99.99684,624.2,0.06200985987135607,6.20451051,0,b434_stop,7.4044725944150445
ENA/USDT:USDT,2026-04-27 16:00:00+00:00,2026-04-27 20:00:00+00:00,0.10496,0.10488,10.0,True,99.995392,9527.0,-0.004333845190878771,-0.43310453,240,b434_stop,0.004222874322477999
UNI/USDT:USDT,2026-04-27 16:00:00+00:00,2026-04-27 20:00:00+00:00,3.193,3.209,10.0,True,99.9409,313.0,-0.06245155145245973,-6.23771938,240,b434_stop,-0.02742378296
ARB/USDT:USDT,2026-04-27 08:00:00+00:00,2026-04-28 00:00:00+00:00,0.1257,0.1266,10.0,True,99.999378,7955.4,-0.08536642971843642,-8.53146792,960,b434_stop,-0.16731946459263025
FIL/USDT:USDT,2026-04-27 08:00:00+00:00,2026-04-28 04:00:00+00:00,0.92,0.919,10.0,True,99.9948,1086.9,-0.0009570016352077043,-0.09563777,1200,b434_stop,0.01674769203874762
BTC/USDT:USDT,2026-04-22 00:00:00+00:00,2026-04-28 12:00:00+00:00,76288.3,76198.9,10.0,False,99.17479,0.013,-0.016983013706499954,-1.68529739,9360,b434_stop,0.6663027715967869
LYN/USDT:USDT,2026-04-21 08:00:00+00:00,2026-04-28 16:00:00+00:00,0.05461,0.08201,10.0,False,99.996371,18311.0,4.808014658446599,481.07248797,10560,b434_limit,-19.1479227400369
UNI/USDT:USDT,2026-04-28 20:00:00+00:00,2026-04-28 20:00:00+00:00,3.27,3.27,10.0,False,99.735,305.0,-0.011992804317409556,-1.19682,0,b434_stop,0.0
US/USDT:USDT,2026-04-18 16:00:00+00:00,2026-04-29 00:00:00+00:00,0.004819,0.004808,10.0,True,99.9995509,207511.0,0.10182941398990261,10.17678593,14880,b434_stop,9.092789964594903
DOGE/USDT:USDT,2026-04-22 00:00:00+00:00,2026-04-29 04:00:00+00:00,0.09513,0.10133,10.0,False,99.991143,10511.0,0.6228717004268985,62.31902226,10320,b434_limit,-1.6101831009348115
MOVR/USDT:USDT,2026-04-26 04:00:00+00:00,2026-04-29 04:00:00+00:00,2.309,2.367,10.0,True,99.998172,433.08,-0.30461011490087714,-30.44217839,4320,b434_stop,-4.10848914227125
LINK/USDT:USDT,2026-04-27 12:00:00+00:00,2026-04-29 04:00:00+00:00,9.329,9.304,10.0,True,99.997551,107.19,0.01797039086533457,1.79591688,2400,b434_stop,0.3145296414205783
ZRO/USDT:USDT,2026-04-27 16:00:00+00:00,2026-04-29 04:00:00+00:00,1.4661,1.4438,10.0,True,99.98802,682.0,0.14095577083194402,14.0854321,2160,b434_stop,0.0675631814311696
AAVE/USDT:USDT,2026-04-29 00:00:00+00:00,2026-04-29 04:00:00+00:00,96.41,97.21,10.0,True,99.3023,10.3,-0.0944817578597687,-9.37662651,240,b434_stop,0.059945085360000004
AXS/USDT:USDT,2026-04-29 04:00:00+00:00,2026-04-29 04:00:00+00:00,1.536,1.536,10.0,False,99.9936,651.0,-0.01238656807515593,-1.23932068,0,b434_stop,-0.039397478400000005
WLD/USDT:USDT,2026-04-27 12:00:00+00:00,2026-04-29 08:00:00+00:00,0.2532,0.2523,10.0,True,99.98868,3949.0,-0.009230337549816002,-0.92237551,2640,b434_stop,-3.2787438107199645
ONDO/USDT:USDT,2026-04-29 04:00:00+00:00,2026-04-29 08:00:00+00:00,0.2669,0.2655,10.0,False,99.999423,3746.7,-0.0650743682834224,-6.51130372,240,b434_stop,-0.06907787471772611
PENGU/USDT:USDT,2026-04-29 08:00:00+00:00,2026-04-29 08:00:00+00:00,0.009987,0.009987,10.0,True,99.999831,100130.0,-0.012040627713079486,-1.2033383,0,b434_stop,-0.0033403287896000004
MOVR/USDT:USDT,2026-04-29 08:00:00+00:00,2026-04-29 08:00:00+00:00,2.437,2.437,10.0,False,99.999858,410.34,0.011605536667749336,1.16124835,0,b434_stop,2.3612466470249998
ZRO/USDT:USDT,2026-04-29 08:00:00+00:00,2026-04-29 08:00:00+00:00,1.4829,1.4829,10.0,False,99.991947,674.3,-0.012492766186374639,-1.24992552,0,b434_stop,-0.05002215960335
AIN/USDT:USDT,2026-04-29 00:00:00+00:00,2026-04-29 12:00:00+00:00,0.08785,0.08716,10.0,True,99.999655,11383.0,0.08490972359694143,8.4858485,720,b434_stop,1.8268618005093695
BCH/USDT:USDT,2026-04-29 00:00:00+00:00,2026-04-29 12:00:00+00:00,453.36,453.92,10.0,False,99.96588,2.205,-0.0015355260202188543,-0.15359231,720,b434_stop,-0.188060874727005
TRUMP/USDT:USDT,2026-04-29 00:00:00+00:00,2026-04-29 12:00:00+00:00,2.485,2.473,10.0,False,99.998885,402.41,-0.05482639714283104,-5.48586813,720,b434_stop,0.540141141869498
STRK/USDT:USDT,2026-04-29 04:00:00+00:00,2026-04-29 12:00:00+00:00,0.03989,0.04001,10.0,False,99.9998421,25068.9,0.016557993664560303,1.65679023,480,b434_stop,-0.14967470725815002
ENA/USDT:USDT,2026-04-29 04:00:00+00:00,2026-04-29 12:00:00+00:00,0.10825,0.10831,10.0,False,99.990525,9237.0,-0.007792993632998617,-0.77969306,480,b434_stop,-0.1336942275339348
1000PEPE/USDT:USDT,2026-04-29 04:00:00+00:00,2026-04-29 12:00:00+00:00,0.0039115,0.0041086,10.0,False,99.9998444,255656.0,0.49029334794542,49.05867606,480,b434_stop,-0.10088952728
LTC/USDT:USDT,2026-04-29 04:00:00+00:00,2026-04-29 12:00:00+00:00,55.9,56.77,10.0,False,99.99951,17.889,0.1424544199934779,14.25391942,480,b434_stop,-0.1001784
FIL/USDT:USDT,2026-04-29 04:00:00+00:00,2026-04-29 12:00:00+00:00,0.937,0.975,10.0,False,99.99664,1067.2,0.3923127942423671,39.25349923,480,b434_stop,-0.07580892552
1000SHIB/USDT:USDT,2026-04-29 04:00:00+00:00,2026-04-29 12:00:00+00:00,0.006189,0.006449,10.0,False,99.9993864,161576.0,0.40659570164715975,40.68371627,480,b434_stop,-0.10084523676
ETH/USDT:USDT,2026-04-29 08:00:00+00:00,2026-04-29 12:00:00+00:00,2322.83,2330.56,10.0,False,99.88169,0.43,0.02077932687591432,2.07671957,240,b434_stop,-0.046605812342260654
BNB/USDT:USDT,2026-04-29 08:00:00+00:00,2026-04-29 12:00:00+00:00,625.29,626.34,10.0,False,99.42111,1.59,0.00477926553092757,0.47544498,240,b434_stop,0.0
SUI/USDT:USDT,2026-04-29 08:00:00+00:00,2026-04-29 12:00:00+00:00,0.9302,0.9294,10.0,False,99.9965,1075.0,-0.021582221198249634,-2.15944147,240,b434_stop,-0.099999474525
ADA/USDT:USDT,2026-04-29 08:00:00+00:00,2026-04-29 12:00:00+00:00,0.2494,0.2513,10.0,False,99.98446,4009.0,0.06309916399505386,6.3127212,240,b434_stop,-0.09999502371499999
AVAX/USDT:USDT,2026-04-29 08:00:00+00:00,2026-04-29 12:00:00+00:00,9.293,9.346,10.0,False,99.4351,107.0,0.04397140666895733,4.3749246,240,b434_stop,-0.099451597474
VIRTUAL/USDT:USDT,2026-04-29 08:00:00+00:00,2026-04-29 12:00:00+00:00,0.7054,0.7138,10.0,False,99.997504,1417.6,0.10594020782945031,10.60011261,240,b434_stop,-0.1006126339536
ORCA/USDT:USDT,2026-04-29 08:00:00+00:00,2026-04-29 12:00:00+00:00,1.584,1.648,10.0,True,99.99792,631.3,-0.5229852978460463,-52.26606351,240,b434_stop,-10.63864655254979
BTC/USDT:USDT,2026-04-29 12:00:00+00:00,2026-04-29 12:00:00+00:00,77552.5,77552.5,10.0,False,93.063,0.012,-0.011992804317409556,-1.116756,0,b434_stop,0.0
SOL/USDT:USDT,2026-04-29 12:00:00+00:00,2026-04-29 12:00:00+00:00,84.87,84.87,10.0,False,99.97686,11.78,-0.011992804317409553,-1.19972232,0,b434_stop,0.0
NEAR/USDT:USDT,2026-04-29 12:00:00+00:00,2026-04-29 12:00:00+00:00,1.356,1.356,10.0,False,99.9372,737.0,-0.011992804317409556,-1.1992464,0,b434_stop,0.0
LINK/USDT:USDT,2026-04-29 12:00:00+00:00,2026-04-29 12:00:00+00:00,9.354,9.354,10.0,False,99.99426,106.9,-0.011992804317409556,-1.19993112,0,b434_stop,0.0
ARB/USDT:USDT,2026-04-29 12:00:00+00:00,2026-04-29 12:00:00+00:00,0.1304,0.1304,10.0,False,99.999848,7668.7,-0.011992804357385629,-1.19999818,0,b434_stop,0.0
BR/USDT:USDT,2026-04-20 12:00:00+00:00,2026-04-29 16:00:00+00:00,0.09918,0.0964,10.0,False,99.993276,10082.0,-0.3259214659287874,-32.60950907,13200,b434_stop,-3.3984465330819082
MUBARAK/USDT:USDT,2026-04-28 16:00:00+00:00,2026-04-29 16:00:00+00:00,0.01362,0.01352,10.0,False,99.999402,73421.0,-0.088963017907302,-8.90158634,1440,b434_stop,-0.36389877835100004
BNB/USDT:USDT,2026-04-29 16:00:00+00:00,2026-04-29 16:00:00+00:00,616.75,616.75,10.0,True,99.9135,1.62,-0.012007204322593557,-1.198962,0,b434_stop,0.0
SUI/USDT:USDT,2026-04-29 16:00:00+00:00,2026-04-29 16:00:00+00:00,0.9014,0.9014,10.0,True,99.992302,1109.3,-0.0128735280264008,-1.28648135,0,b434_stop,-0.0865737288731
LINK/USDT:USDT,2026-04-29 16:00:00+00:00,2026-04-29 16:00:00+00:00,9.09,9.09,10.0,True,99.99909,110.01,-0.012535240646635453,-1.25276055,0,b434_stop,-0.052771473350998035
ENA/USDT:USDT,2026-04-29 16:00:00+00:00,2026-04-29 20:00:00+00:00,0.10228,0.10238,10.0,True,99.999156,9777.0,-0.022064500412896593,-2.20510756,240,b434_stop,-0.0268310680374216
ONDO/USDT:USDT,2026-04-29 16:00:00+00:00,2026-04-29 20:00:00+00:00,0.2608,0.2581,10.0,True,99.998544,3834.3,0.0913278228289579,9.12716972,240,b434_stop,-0.031669314929088456
ETH/USDT:USDT,2026-04-29 20:00:00+00:00,2026-04-29 20:00:00+00:00,2232.34,2232.34,10.0,True,99.785598,0.447,-0.012007204362703569,-1.19742718,0,b434_stop,0.0
ADA/USDT:USDT,2026-04-29 20:00:00+00:00,2026-04-29 20:00:00+00:00,0.2415,0.2415,10.0,True,99.981,4140.0,-0.012007204322593557,-1.199772,0,b434_stop,0.0
WLD/USDT:USDT,2026-04-29 20:00:00+00:00,2026-04-29 20:00:00+00:00,0.2423,0.2423,10.0,True,99.99721,4127.0,-0.012007204322593557,-1.19996652,0,b434_stop,0.0
1000PEPE/USDT:USDT,2026-04-29 20:00:00+00:00,2026-04-29 20:00:00+00:00,0.0037995,0.0037995,10.0,True,99.9998004,263192.0,-0.012007204274564646,-1.1999976,0,b434_stop,0.0
UNI/USDT:USDT,2026-04-29 20:00:00+00:00,2026-04-29 20:00:00+00:00,3.15,3.15,10.0,True,99.855,317.0,-0.012007204322593557,-1.19826,0,b434_stop,0.0
AVAX/USDT:USDT,2026-04-29 20:00:00+00:00,2026-04-29 20:00:00+00:00,9.05,9.05,10.0,True,99.55,110.0,-0.012007204322593557,-1.1946,0,b434_stop,0.0
LTC/USDT:USDT,2026-04-29 20:00:00+00:00,2026-04-29 20:00:00+00:00,54.73,54.73,10.0,True,99.997183,18.271,-0.012007204362618696,-1.1999662,0,b434_stop,0.0
BCH/USDT:USDT,2026-04-29 20:00:00+00:00,2026-04-29 20:00:00+00:00,445.12,445.12,10.0,True,99.973952,2.246,-0.012007204282559114,-1.19968742,0,b434_stop,0.0
ARB/USDT:USDT,2026-04-29 20:00:00+00:00,2026-04-29 20:00:00+00:00,0.1231,0.1231,10.0,True,99.999054,8123.4,-0.012007204342605753,-1.19998865,0,b434_stop,0.0
TRUMP/USDT:USDT,2026-04-29 20:00:00+00:00,2026-04-29 20:00:00+00:00,2.36,2.36,10.0,True,99.99792,423.72,-0.014269261579508174,-1.42604034,0,b434_stop,-0.22606529774400003
FIL/USDT:USDT,2026-04-29 20:00:00+00:00,2026-04-29 20:00:00+00:00,0.894,0.894,10.0,True,99.9939,1118.5,-0.012007204322593557,-1.1999268,0,b434_stop,0.0
VIRTUAL/USDT:USDT,2026-04-29 20:00:00+00:00,2026-04-29 20:00:00+00:00,0.676,0.676,10.0,True,99.99392,1479.2,-0.013140194661277872,-1.31315121,0,b434_stop,-0.11322417247673895
BTC/USDT:USDT,2026-04-29 16:00:00+00:00,2026-04-30 00:00:00+00:00,75889.1,75749.9,10.0,True,98.65583,0.013,0.006293144898380116,0.62048292,480,b434_stop,-0.006332879254722819
SOL/USDT:USDT,2026-04-29 16:00:00+00:00,2026-04-30 00:00:00+00:00,83.2,83.02,10.0,True,99.9232,12.01,0.008601402154621409,0.85896394,480,b434_stop,-0.10505474242242607
NEAR/USDT:USDT,2026-04-29 16:00:00+00:00,2026-04-30 00:00:00+00:00,1.319,1.327,10.0,True,99.9802,758.0,-0.07081217950675947,-7.07556798,480,b434_stop,0.1918328195868968
PUMP/USDT:USDT,2026-04-29 20:00:00+00:00,2026-04-30 00:00:00+00:00,0.001721,0.001743,10.0,True,99.9999097,581057.0,-0.14213013204573058,-14.20447257,240,b434_stop,-0.21354970257408998
1000SHIB/USDT:USDT,2026-04-30 00:00:00+00:00,2026-04-30 00:00:00+00:00,0.006156,0.006156,10.0,True,99.9999108,162443.0,-0.012613569686365199,-1.26059903,0,b434_stop,-0.06060010026564999
ARB/USDT:USDT,2026-04-30 04:00:00+00:00,2026-04-30 04:00:00+00:00,0.1261,0.1261,10.0,False,99.999822,7930.2,-0.011992804277433468,-1.19999786,0,b434_stop,0.0
1000SHIB/USDT:USDT,2026-04-30 04:00:00+00:00,2026-04-30 04:00:00+00:00,0.006228,0.006228,10.0,False,99.999882,160565.0,-0.011992804277433492,-1.19999858,0,b434_stop,0.0
COLLECT/USDT:USDT,2026-04-28 16:00:00+00:00,2026-04-30 12:00:00+00:00,0.0286,0.02842,10.0,False,99.9999,34965.0,-0.10493670787494494,-10.49995649,2640,b434_stop,-3.010033905851196
FIL/USDT:USDT,2026-04-30 12:00:00+00:00,2026-04-30 12:00:00+00:00,0.927,0.927,10.0,False,99.99549,1078.7,-0.011992804317409556,-1.19994588,0,b434_stop,0.0
LTC/USDT:USDT,2026-04-30 12:00:00+00:00,2026-04-30 16:00:00+00:00,55.7,55.57,10.0,False,99.99821,17.953,-0.03580499599637617,-3.58258377,240,b434_stop,-0.0501155827993817
MOVR/USDT:USDT,2026-04-30 12:00:00+00:00,2026-04-30 16:00:00+00:00,2.346,2.365,10.0,True,99.99825,426.25,-0.10697964460725871,-10.69135858,240,b434_stop,-1.3877703257
ADA/USDT:USDT,2026-04-30 16:00:00+00:00,2026-04-30 16:00:00+00:00,0.2474,0.2474,10.0,False,99.99908,4042.0,-0.011945832468118832,-1.195289,0,b434_stop,0.00469995676
XLM/USDT:USDT,2026-04-30 16:00:00+00:00,2026-04-30 16:00:00+00:00,0.15955,0.15955,10.0,False,99.989985,6267.0,-0.011847149514210537,-1.18530706,0,b434_stop,0.0145727602583799
BR/USDT:USDT,2026-04-30 16:00:00+00:00,2026-04-30 16:00:00+00:00,0.13628,0.13628,10.0,False,99.988636,7337.0,-0.01997332293651765,-1.99830358,0,b434_stop,-0.7984399515448729
VIRTUAL/USDT:USDT,2026-04-30 12:00:00+00:00,2026-04-30 20:00:00+00:00,0.6933,0.6865,10.0,False,99.994659,1442.3,-0.11075254631488585,-11.0813079,480,b434_stop,-0.07961657898232692
VIRTUAL/USDT:USDT,2026-04-30 20:00:00+00:00,2026-05-01 00:00:00+00:00,0.6865,0.6864,10.0,True,99.99559,1456.6,-0.010390543874375694,-1.03838516,240,b434_stop,0.0158145255319148
LTC/USDT:USDT,2026-05-01 00:00:00+00:00,2026-05-01 00:00:00+00:00,55.15,55.15,10.0,True,99.99798,18.132,-0.012341004641505686,-1.23333509,0,b434_stop,-0.033359326128
ARB/USDT:USDT,2026-05-01 00:00:00+00:00,2026-05-01 00:00:00+00:00,0.1236,0.1236,10.0,True,99.999816,8090.6,-0.01219386714353964,-1.21865284,0,b434_stop,-0.018655046580800003
ORCA/USDT:USDT,2026-05-01 00:00:00+00:00,2026-05-01 00:00:00+00:00,2.116,2.116,10.0,False,99.981,472.5,-0.007249584996604081,-0.72525565,0,b434_stop,0.474516354650625
MUBARAK/USDT:USDT,2026-04-30 00:00:00+00:00,2026-05-01 04:00:00+00:00,0.01359,0.01367,10.0,True,99.999297,73583.0,-0.06696811497236016,-6.69274636,1680,b434_stop,0.3974171840625
TRUMP/USDT:USDT,2026-04-30 08:00:00+00:00,2026-05-01 04:00:00+00:00,2.387,2.394,10.0,False,99.998591,418.93,0.021703554054125995,2.17162702,1200,b434_stop,0.44085962129592904
AVAX/USDT:USDT,2026-05-01 04:00:00+00:00,2026-05-01 04:00:00+00:00,9.15,9.15,10.0,False,99.735,109.0,-0.011992804317409556,-1.19682,0,b434_stop,0.0
ONDO/USDT:USDT,2026-05-01 04:00:00+00:00,2026-05-01 04:00:00+00:00,0.267,0.267,10.0,False,99.99951,3745.3,-0.012492504447331357,-1.24999387,0,b434_stop,-0.04999975500000001
NIL/USDT:USDT,2026-05-01 04:00:00+00:00,2026-05-01 04:00:00+00:00,0.03928,0.03928,10.0,False,99.9998096,25458.2,-0.012492693384329259,-1.25001652,0,b434_stop,-0.050018807513500005
VIRTUAL/USDT:USDT,2026-05-01 04:00:00+00:00,2026-05-01 04:00:00+00:00,0.7023,0.7023,10.0,False,99.993474,1423.8,-0.012492504547274897,-1.24991843,0,b434_stop,-0.049996737000000006
SUI/USDT:USDT,2026-05-01 04:00:00+00:00,2026-05-01 08:00:00+00:00,0.916,0.9147,10.0,False,99.99972,1091.7,-0.027016308206126702,-2.70324423,240,b434_stop,-0.0848891149299
1000PEPE/USDT:USDT,2026-05-01 04:00:00+00:00,2026-05-01 08:00:00+00:00,0.0039476,0.0039236,10.0,False,99.99981368,253318.0,-0.07371017401478942,-7.37542627,240,b434_stop,-0.099444287306
MOVR/USDT:USDT,2026-05-01 00:00:00+00:00,2026-05-01 12:00:00+00:00,2.446,2.401,10.0,False,99.999818,408.83,-0.18383840614296493,-18.39483744,720,b434_stop,1.1914719650546486
US/USDT:USDT,2026-04-30 04:00:00+00:00,2026-05-01 16:00:00+00:00,0.004424,0.004461,10.0,True,99.9996536,226039.0,-0.08325298250480129,-8.32027425,2160,b434_stop,1.2481826554394362
ZEC/USDT:USDT,2026-04-30 16:00:00+00:00,2026-05-01 16:00:00+00:00,336.64,359.77,10.0,False,99.98208,2.97,0.6725616886552467,67.28446303,1440,b434_limit,-0.17063435099936908
MOVR/USDT:USDT,2026-05-01 16:00:00+00:00,2026-05-01 16:00:00+00:00,2.39,2.39,10.0,True,99.99999,418.41,-0.017692337570714645,-1.76817204,0,b434_stop,-0.5681721560614398
BNB/USDT:USDT,2026-05-01 04:00:00+00:00,2026-05-01 20:00:00+00:00,618.8,619.58,10.0,False,99.6268,1.61,0.0003968667754046508,0.03956229,960,b434_stop,-0.01996263472
LINK/USDT:USDT,2026-05-01 08:00:00+00:00,2026-05-01 20:00:00+00:00,9.148,9.17,10.0,False,99.996788,109.31,0.011055649131035936,1.10619272,720,b434_stop,-0.09722292932995225
ENA/USDT:USDT,2026-05-01 16:00:00+00:00,2026-05-01 20:00:00+00:00,0.10429,0.10357,10.0,False,99.993252,9588.0,-0.08142114620780079,-8.14645013,240,b434_stop,-0.0473131226832876
LTC/USDT:USDT,2026-05-01 16:00:00+00:00,2026-05-01 20:00:00+00:00,55.63,55.72,10.0,False,99.994925,17.975,0.004329045903357029,0.43314235,240,b434_stop,0.0163021027
ARB/USDT:USDT,2026-05-01 16:00:00+00:00,2026-05-01 20:00:00+00:00,0.1256,0.1251,10.0,False,99.998952,7961.7,-0.05275317248147067,-5.27842712,240,b434_stop,-0.09997820380979999
HYPE/USDT:USDT,2026-04-28 04:00:00+00:00,2026-05-02 00:00:00+00:00,41.027,41.15,10.0,True,99.982799,24.37,-0.04010393029626178,-4.00729738,5520,b434_stop,0.191804717396085
ZRO/USDT:USDT,2026-05-02 00:00:00+00:00,2026-05-02 00:00:00+00:00,1.3699,1.3699,10.0,True,99.989001,729.9,-0.012460876575416693,-1.24520303,0,b434_stop,-0.04533501305339999
BCH/USDT:USDT,2026-05-01 16:00:00+00:00,2026-05-02 04:00:00+00:00,451.26,450.88,10.0,False,99.999216,2.216,-0.021249717767085716,-2.12623009,720,b434_stop,-0.08466474542344538
TRUMP/USDT:USDT,2026-05-02 08:00:00+00:00,2026-05-02 12:00:00+00:00,2.268,2.273,10.0,True,99.998388,440.91,-0.03819228976417367,-3.81687591,240,b434_stop,-0.4110225246955439
FIL/USDT:USDT,2026-05-02 08:00:00+00:00,2026-05-02 12:00:00+00:00,0.916,0.916,10.0,True,99.99972,1091.7,-0.012093408086077362,-1.20861182,240,b434_stop,-0.00861517568551914
1000SHIB/USDT:USDT,2026-05-02 08:00:00+00:00,2026-05-02 12:00:00+00:00,0.006249,0.006242,10.0,True,99.9996225,160025.0,-0.0006852058085850873,-0.06847921,240,b434_stop,0.0106691572113775
ENA/USDT:USDT,2026-05-02 12:00:00+00:00,2026-05-02 12:00:00+00:00,0.10089,0.10089,10.0,True,99.992079,9911.0,-0.012230819413571969,-1.22225127,0,b434_stop,-0.022346320833579597
1000PEPE/USDT:USDT,2026-05-02 12:00:00+00:00,2026-05-02 12:00:00+00:00,0.0039139,0.0039139,10.0,True,99.99975361,255499.0,-0.012007204289373541,-1.19999704,0,b434_stop,0.0
LINK/USDT:USDT,2026-05-02 12:00:00+00:00,2026-05-02 12:00:00+00:00,9.071,9.071,10.0,True,99.998704,110.24,-0.012007204342605823,-1.19998445,0,b434_stop,0.0
FET/USDT:USDT,2026-04-27 16:00:00+00:00,2026-05-02 16:00:00+00:00,0.2051,0.2045,10.0,True,99.98625,4875.0,-0.015395453777035627,-1.53841009,7200,b434_stop,-3.2653300898741247
DOGE/USDT:USDT,2026-05-02 04:00:00+00:00,2026-05-02 16:00:00+00:00,0.1081,0.10896,10.0,True,99.9925,9250.0,-0.09123095749091327,-9.11693807,720,b434_stop,0.0427449313254
NEAR/USDT:USDT,2026-05-02 16:00:00+00:00,2026-05-03 00:00:00+00:00,1.286,1.298,10.0,False,99.9222,777.0,0.08150811179188554,8.14935653,480,b434_stop,0.030017333163677988
WLD/USDT:USDT,2026-05-02 16:00:00+00:00,2026-05-03 00:00:00+00:00,0.2414,0.2429,10.0,False,99.98788,4142.0,0.05394571551434416,5.39715408,480,b434_stop,0.38773644306599997
ENA/USDT:USDT,2026-05-02 16:00:00+00:00,2026-05-03 00:00:00+00:00,0.10258,0.10248,10.0,False,99.994984,9748.0,-0.02279940706019298,-2.28119424,480,b434_stop,-0.1070393108884
1000PEPE/USDT:USDT,2026-05-02 16:00:00+00:00,2026-05-03 00:00:00+00:00,0.0039748,0.0039908,10.0,False,99.99960832,251584.0,0.026209699400105438,2.62253225,480,b434_stop,-0.200401247872
LINK/USDT:USDT,2026-05-02 16:00:00+00:00,2026-05-03 00:00:00+00:00,9.158,9.174,10.0,False,99.996202,109.19,0.004247922879185106,0.42503102,480,b434_stop,-0.1210063365228
FIL/USDT:USDT,2026-05-02 16:00:00+00:00,2026-05-03 00:00:00+00:00,0.928,0.932,10.0,False,99.992,1077.5,0.02905479660039803,2.90699037,480,b434_stop,-0.20051963171500004
AAVE/USDT:USDT,2026-05-02 20:00:00+00:00,2026-05-03 00:00:00+00:00,92.97,93.27,10.0,False,99.4779,10.7,0.01933701019924888,1.92475933,240,b434_stop,-0.08957986714
ZRO/USDT:USDT,2026-05-03 00:00:00+00:00,2026-05-03 00:00:00+00:00,1.4029,1.4029,10.0,False,99.998712,712.8,-0.0124925026983578,-1.24998372,0,b434_stop,-0.049999177087199996
BR/USDT:USDT,2026-05-03 00:00:00+00:00,2026-05-03 00:00:00+00:00,0.16936,0.16936,10.0,True,99.990144,5904.0,-0.009986166445890503,-0.99791911,0,b434_stop,0.20196262253808
MOVR/USDT:USDT,2026-05-01 20:00:00+00:00,2026-05-03 08:00:00+00:00,2.448,2.554,10.0,False,99.998352,408.49,0.42578549605750754,42.60339462,2160,b434_stop,0.5294148123545995
ENA/USDT:USDT,2026-05-03 04:00:00+00:00,2026-05-03 08:00:00+00:00,0.10013,0.10056,10.0,True,99.999831,9987.0,-0.05487997957926475,-5.48469589,240,b434_stop,0.012288723864000005
LTC/USDT:USDT,2026-05-03 04:00:00+00:00,2026-05-03 08:00:00+00:00,55.0,55.0,10.0,True,99.9955,18.181,-0.01305828964424672,-1.30498674,240,b434_stop,-0.10504074028597006
BCH/USDT:USDT,2026-05-03 04:00:00+00:00,2026-05-03 08:00:00+00:00,443.81,443.61,10.0,True,99.990393,2.253,-0.007658688541871215,-0.7653358,240,b434_stop,-0.016321440793800004
ZRO/USDT:USDT,2026-05-03 04:00:00+00:00,2026-05-03 08:00:00+00:00,1.3531,1.3528,10.0,True,99.99409,739.0,-0.009499601750657982,-0.94933409,240,b434_stop,0.028761974785987503
1000PEPE/USDT:USDT,2026-05-03 08:00:00+00:00,2026-05-03 12:00:00+00:00,0.0039349,0.0039474,10.0,True,99.99997464,254136.0,-0.044850436929404006,-4.48235153,240,b434_stop,-0.10374581846374559
STRK/USDT:USDT,2026-05-03 16:00:00+00:00,2026-05-03 20:00:00+00:00,0.03857,0.03859,10.0,True,99.9996676,25926.8,-0.016637896509090828,-1.66278585,240,b434_stop,0.056057287701772485
US/USDT:USDT,2026-05-02 04:00:00+00:00,2026-05-04 00:00:00+00:00,0.004564,0.005398,10.0,False,99.9999784,219106.0,1.7600343075110045,176.10899477,2640,b434_limit,-5.31576884559298
AIN/USDT:USDT,2026-05-03 20:00:00+00:00,2026-05-04 00:00:00+00:00,0.09942,0.09803,10.0,False,99.996636,10058.0,-0.1574731728722506,-15.75623562,240,b434_stop,-0.5840443624196234
LTC/USDT:USDT,2026-05-03 20:00:00+00:00,2026-05-04 00:00:00+00:00,55.39,55.27,10.0,False,99.995567,18.053,-0.03381597107878785,-3.38347607,240,b434_stop,-0.0184690801281
MUBARAK/USDT:USDT,2026-05-02 16:00:00+00:00,2026-05-04 04:00:00+00:00,0.0137,0.0155,10.0,False,99.99904,72992.0,1.2950709585656717,129.5835561,2160,b434_limit,-0.523224064592
ENA/USDT:USDT,2026-05-04 04:00:00+00:00,2026-05-04 04:00:00+00:00,0.10653,0.10653,10.0,False,99.999711,9387.0,-0.0124925045222867,-1.24999639,0,b434_stop,-0.0499998555
1000PEPE/USDT:USDT,2026-05-04 04:00:00+00:00,2026-05-04 04:00:00+00:00,0.0040933,0.0040933,10.0,False,99.99972833,244301.0,-0.011992804317809316,-1.19999674,0,b434_stop,0.0
BCH/USDT:USDT,2026-05-04 04:00:00+00:00,2026-05-04 04:00:00+00:00,449.54,449.54,10.0,False,99.977696,2.224,-0.011992804297417087,-1.19973235,0,b434_stop,0.0
TRUMP/USDT:USDT,2026-05-02 16:00:00+00:00,2026-05-04 08:00:00+00:00,2.331,2.342,10.0,False,99.9999,429.0,0.04181869132898515,4.18437407,2400,b434_stop,0.6682042738849764
ZRO/USDT:USDT,2026-05-03 20:00:00+00:00,2026-05-04 08:00:00+00:00,1.3656,1.3685,10.0,False,99.989232,732.2,0.0075138509663471315,0.75175497,720,b434_stop,-0.1704802138683
DOGE/USDT:USDT,2026-05-04 08:00:00+00:00,2026-05-04 08:00:00+00:00,0.11225,0.11225,10.0,False,99.9923,8908.0,-0.012797608342086594,-1.28043009,0,b434_stop,-0.08052248526000001
STRK/USDT:USDT,2026-05-04 08:00:00+00:00,2026-05-04 08:00:00+00:00,0.03967,0.03967,10.0,False,99.9997393,25207.9,-0.012441617084506213,-1.24490496,0,b434_stop,-0.04490808398305441
PENGU/USDT:USDT,2026-05-04 08:00:00+00:00,2026-05-04 08:00:00+00:00,0.010118,0.010118,10.0,False,99.9992294,98833.0,-0.011561663049802086,-1.15685109,0,b434_stop,0.04313966756316
AIN/USDT:USDT,2026-05-04 00:00:00+00:00,2026-05-04 12:00:00+00:00,0.09803,0.0936,10.0,True,99.9906,10200.0,0.45008524797728827,44.97729142,720,b434_stop,0.96406702014072
STRK/USDT:USDT,2026-05-04 12:00:00+00:00,2026-05-04 12:00:00+00:00,0.0382,0.0382,10.0,True,99.99996,26178.0,-0.01171285799713039,-1.17058256,0,b434_stop,0.029416955785569004
PENGU/USDT:USDT,2026-05-04 12:00:00+00:00,2026-05-04 12:00:00+00:00,0.009919,0.009919,10.0,True,99.9993904,100816.0,-0.012711451713544368,-1.27037474,0,b434_stop,-0.07038205720705921
DOGE/USDT:USDT,2026-05-04 16:00:00+00:00,2026-05-04 16:00:00+00:00,0.11019,0.11019,10.0,True,99.997425,9075.0,-0.011795758313520217,-1.17883773,0,b434_stop,0.02113137345
BCH/USDT:USDT,2026-05-04 16:00:00+00:00,2026-05-04 20:00:00+00:00,442.31,443.81,10.0,True,99.96206,2.26,-0.04548260380851012,-4.54380685,240,b434_stop,0.047771868474
FET/USDT:USDT,2026-05-04 16:00:00+00:00,2026-05-05 00:00:00+00:00,0.2047,0.2038,10.0,True,99.99595,4885.0,0.028914974838750333,2.88964555,480,b434_stop,-0.3095409455524505
ADA/USDT:USDT,2026-05-05 00:00:00+00:00,2026-05-05 00:00:00+00:00,0.2497,0.2497,10.0,True,99.97988,4004.0,-0.011890334200360186,-1.18808091,0,b434_stop,0.011677649984000001
LTC/USDT:USDT,2026-05-05 00:00:00+00:00,2026-05-05 00:00:00+00:00,54.93,54.93,10.0,True,99.994572,18.204,-0.011222930973769103,-1.12155884,0,b434_stop,0.07837602530633228
VIRTUAL/USDT:USDT,2026-05-05 00:00:00+00:00,2026-05-05 00:00:00+00:00,0.7356,0.7356,10.0,True,99.997464,1359.4,-0.012258154873211427,-1.22504893,0,b434_stop,-0.025079363971200003
BTC/USDT:USDT,2026-04-30 20:00:00+00:00,2026-05-05 04:00:00+00:00,76366.7,80836.8,10.0,False,99.27671,0.013,0.5741783952628883,57.03674356,6240,b434_limit,0.15163086293535985
US/USDT:USDT,2026-05-05 08:00:00+00:00,2026-05-05 08:00:00+00:00,0.005284,0.005284,10.0,True,99.9997,189250.0,-0.00631729831951553,-0.6313489,0,b434_stop,0.5686474992
DOT/USDT:USDT,2026-04-23 00:00:00+00:00,2026-05-05 12:00:00+00:00,1.271,1.26,10.0,True,99.98957,786.7,0.05599028395311621,5.59508535,18000,b434_stop,-1.8639320331721363
1000SHIB/USDT:USDT,2026-05-05 12:00:00+00:00,2026-05-05 12:00:00+00:00,0.006284,0.006284,10.0,False,99.9998056,159134.0,-0.011992804345392818,-1.19999767,0,b434_stop,0.0
BR/USDT:USDT,2026-05-03 04:00:00+00:00,2026-05-05 16:00:00+00:00,0.18351,0.1805,10.0,False,99.994599,5449.0,-0.25690115476364944,-25.70414119,3600,b434_stop,-8.112556895409487
XRP/USDT:USDT,2026-04-27 08:00:00+00:00,2026-05-05 20:00:00+00:00,1.4134,1.4124,10.0,True,99.99805,707.5,-0.0035772910899759336,-0.3575075,12240,b434_stop,0.13454460050437977
MUBARAK/USDT:USDT,2026-05-06 00:00:00+00:00,2026-05-06 00:00:00+00:00,0.0164,0.0164,10.0,True,99.999,60975.0,-0.011506526812316353,-1.14995079,0,b434_stop,0.0500372130375
NIL/USDT:USDT,2026-05-04 16:00:00+00:00,2026-05-06 04:00:00+00:00,0.04122,0.04053,10.0,True,99.99972,24260.0,0.16047568057064882,16.03789461,2160,b434_stop,0.48844761342000004
BCH/USDT:USDT,2026-05-05 04:00:00+00:00,2026-05-06 04:00:00+00:00,445.45,459.45,10.0,False,99.95898,2.244,0.2990940195681061,29.9150714,1440,b434_limit,-0.28257123701386805
TAO/USDT:USDT,2026-04-10 00:00:00+00:00,2026-05-06 08:00:00+00:00,304.87,292.28,10.0,True,99.99736,3.28,0.35967217615393554,35.94468832,37920,b434_stop,-4.175320477092576
LYN/USDT:USDT,2026-04-29 20:00:00+00:00,2026-05-06 08:00:00+00:00,0.06933,0.06724,10.0,True,99.994659,14423.0,0.4119430966376455,41.16739421,9360,b434_stop,12.205173676951873
SOL/USDT:USDT,2026-05-01 00:00:00+00:00,2026-05-06 08:00:00+00:00,83.04,87.66,10.0,False,99.98016,12.04,0.5361530950406961,53.63683503,7680,b434_limit,-0.7548281733769165
UNI/USDT:USDT,2026-05-01 08:00:00+00:00,2026-05-06 08:00:00+00:00,3.211,3.397,10.0,False,99.8621,311.0,0.5587620519581972,55.8326314,7200,b434_limit,-0.7803158030651836
ARB/USDT:USDT,2026-05-02 00:00:00+00:00,2026-05-06 08:00:00+00:00,0.1235,0.1214,10.0,True,99.999185,8097.1,0.1600155334642003,15.99182208,6240,b434_stop,0.17769995794406573
ADA/USDT:USDT,2026-05-05 04:00:00+00:00,2026-05-06 08:00:00+00:00,0.2525,0.2648,10.0,False,99.99,3960.0,0.4704348448036888,47.0670034,1680,b434_limit,-0.41189180472000003
COLLECT/USDT:USDT,2026-05-05 20:00:00+00:00,2026-05-06 08:00:00+00:00,0.03031,0.03069,10.0,True,99.998752,32992.0,-0.11711780943894701,-11.7046078,720,b434_stop,2.039859401108621
STRK/USDT:USDT,2026-05-06 00:00:00+00:00,2026-05-06 08:00:00+00:00,0.03945,0.04281,10.0,False,99.9998325,25348.5,0.8371221361392023,83.76230064,480,b434_limit,-0.1575587981925
NIL/USDT:USDT,2026-05-06 08:00:00+00:00,2026-05-06 08:00:00+00:00,0.04325,0.04325,10.0,False,99.9996225,23121.3,-0.012492279119177184,-1.24997273,0,b434_stop,-0.049977256421850004
DOGE/USDT:USDT,2026-05-05 16:00:00+00:00,2026-05-06 12:00:00+00:00,0.11234,0.11651,10.0,False,99.993834,8901.0,0.35688605656366607,35.70781694,1200,b434_stop,-0.1871567527761
TAO/USDT:USDT,2026-05-06 12:00:00+00:00,2026-05-06 12:00:00+00:00,312.68,312.68,10.0,False,99.995064,3.198,-0.011811224916912989,-1.18177283,0,b434_stop,0.018167940975600004
ONDO/USDT:USDT,2026-05-06 12:00:00+00:00,2026-05-06 12:00:00+00:00,0.3203,0.3203,10.0,True,99.99766,3122.0,-0.011711827088572963,-1.17045261,0,b434_stop,0.029519309231999996
AIN/USDT:USDT,2026-05-06 16:00:00+00:00,2026-05-06 16:00:00+00:00,0.10166,0.10166,10.0,False,99.992776,9836.0,-0.016260093677738136,-1.62686744,0,b434_stop,-0.42695412388085396
BEAMX/USDT:USDT,2026-04-27 12:00:00+00:00,2026-05-07 00:00:00+00:00,0.002006,0.001998,10.0,True,99.9999024,498504.0,0.05603341320372035,5.59997385,13680,b434_stop,2.809547856084
VIRTUAL/USDT:USDT,2026-05-05 16:00:00+00:00,2026-05-07 04:00:00+00:00,0.7965,0.8577,10.0,False,99.99261,1255.4,0.750189958026505,75.05845997,2160,b434_limit,-0.5260104225087001
XRP/USDT:USDT,2026-05-07 04:00:00+00:00,2026-05-07 04:00:00+00:00,1.4045,1.4045,10.0,True,99.986355,711.9,-0.012007204322593557,-1.19983626,0,b434_stop,0.0
1000PEPE/USDT:USDT,2026-05-07 04:00:00+00:00,2026-05-07 04:00:00+00:00,0.0040893,0.0040893,10.0,True,99.9997422,244540.0,-0.012007204358615263,-1.19999691,0,b434_stop,0.0
AAVE/USDT:USDT,2026-05-07 04:00:00+00:00,2026-05-07 04:00:00+00:00,92.09,92.09,10.0,True,99.4572,10.8,-0.012007204322593557,-1.1934864,0,b434_stop,0.0
HYPE/USDT:USDT,2026-05-07 00:00:00+00:00,2026-05-07 08:00:00+00:00,43.103,43.32,10.0,True,99.99896,23.2,-0.06091806310559093,-6.08808791,480,b434_stop,0.14932024876080002
1000PEPE/USDT:USDT,2026-05-07 08:00:00+00:00,2026-05-07 08:00:00+00:00,0.0042375,0.0042375,10.0,False,99.999915,235988.0,-0.012992181141295205,-1.29999654,0,b434_stop,-0.09999755512
AAVE/USDT:USDT,2026-05-07 08:00:00+00:00,2026-05-07 08:00:00+00:00,94.1,94.1,10.0,False,99.746,10.6,-0.012421248752563072,-1.23971326,0,b434_stop,-0.0427612579780344
ONDO/USDT:USDT,2026-05-07 08:00:00+00:00,2026-05-07 08:00:00+00:00,0.3462,0.3462,10.0,False,99.99987,2888.5,-0.012118684353130356,-1.21259398,0,b434_stop,-0.0125955447545978
COLLECT/USDT:USDT,2026-05-07 12:00:00+00:00,2026-05-07 12:00:00+00:00,0.03088,0.03088,10.0,False,99.998704,32383.0,-0.015508189992738347,-1.55172938,0,b434_stop,-0.35174493602538287
1000SHIB/USDT:USDT,2026-05-07 12:00:00+00:00,2026-05-07 12:00:00+00:00,0.006339,0.006339,10.0,True,99.9996267,157753.0,-0.012007204318591142,-1.19999552,0,b434_stop,0.0
1000PEPE/USDT:USDT,2026-05-07 16:00:00+00:00,2026-05-07 16:00:00+00:00,0.0041118,0.0041118,10.0,True,99.99979836,243202.0,-0.012587023979634649,-1.25794464,0,b434_stop,-0.05794706443844
UNI/USDT:USDT,2026-05-07 16:00:00+00:00,2026-05-07 16:00:00+00:00,3.407,3.407,10.0,True,99.8251,293.0,-0.01237231839239281,-1.23432688,0,b434_stop,-0.036425680034439994
AVAX/USDT:USDT,2026-05-07 16:00:00+00:00,2026-05-07 16:00:00+00:00,9.411,9.411,10.0,True,99.7566,106.0,-0.012351837937678793,-1.23143805,0,b434_stop,-0.0343588453
MOVR/USDT:USDT,2026-05-03 12:00:00+00:00,2026-05-07 20:00:00+00:00,2.417,2.383,10.0,True,99.998541,413.73,0.04867141994191249,4.86415074,6240,b434_stop,-8.011126864165547
ADA/USDT:USDT,2026-05-07 16:00:00+00:00,2026-05-07 20:00:00+00:00,0.2618,0.2629,10.0,True,99.98142,3819.0,-0.053074243323687105,-5.30325435,240,b434_stop,0.09994323
ETH/USDT:USDT,2026-05-01 04:00:00+00:00,2026-05-08 00:00:00+00:00,2281.6,2289.92,10.0,False,99.93408,0.438,0.028196427180739975,2.81947468,9840,b434_stop,0.3767101322119503
COLLECT/USDT:USDT,2026-05-07 20:00:00+00:00,2026-05-08 00:00:00+00:00,0.03011,0.03023,10.0,True,99.998321,33211.0,-0.04186498258085822,-4.18391611,240,b434_stop,1.0037749302814807
AIN/USDT:USDT,2026-05-07 04:00:00+00:00,2026-05-08 04:00:00+00:00,0.09598,0.09525,10.0,True,99.991964,10418.0,0.10705647468127917,10.69836429,1440,b434_stop,4.288564773052765
DOT/USDT:USDT,2026-05-07 20:00:00+00:00,2026-05-08 04:00:00+00:00,1.306,1.307,10.0,True,99.98736,765.6,-0.019193732271469338,-1.91797914,480,b434_stop,0.047928544322809914
BNB/USDT:USDT,2026-05-08 00:00:00+00:00,2026-05-08 04:00:00+00:00,637.32,639.78,10.0,True,99.42192,1.56,-0.05056353723980209,-5.02410768,240,b434_stop,0.008857920528433547
WLD/USDT:USDT,2026-05-08 00:00:00+00:00,2026-05-08 04:00:00+00:00,0.252,0.2535,10.0,True,99.9936,3968.0,-0.07364993843096053,-7.36010377,240,b434_stop,-0.20460937446190078
SUI/USDT:USDT,2026-05-07 16:00:00+00:00,2026-05-08 08:00:00+00:00,0.9717,0.9675,10.0,True,99.997647,1029.1,0.03336704037961202,3.33462355,960,b434_stop,0.20978198091853095
TAO/USDT:USDT,2026-05-07 20:00:00+00:00,2026-05-08 08:00:00+00:00,305.12,303.15,10.0,True,99.987824,3.277,0.054623683499214565,5.45842623,720,b434_stop,0.1987167033708875
SAND/USDT:USDT,2026-04-27 08:00:00+00:00,2026-05-08 12:00:00+00:00,0.07789,0.07792,10.0,True,99.995182,12838.0,-0.01626298347049558,-1.62524426,16080,b434_stop,-0.03993099273254836
AAVE/USDT:USDT,2026-05-07 16:00:00+00:00,2026-05-08 12:00:00+00:00,92.31,92.59,10.0,True,99.6948,10.8,-0.042130616963565154,-4.19768331,1200,b434_stop,0.024468690898497965
LINK/USDT:USDT,2026-05-07 16:00:00+00:00,2026-05-08 12:00:00+00:00,9.863,9.931,10.0,True,99.991094,101.38,-0.07803172116808503,-7.79779568,1200,b434_stop,0.30007375383796
XLM/USDT:USDT,2026-05-07 16:00:00+00:00,2026-05-08 12:00:00+00:00,0.15867,0.15904,10.0,True,99.993834,6302.0,-0.03820453770100017,-3.81792607,1200,b434_stop,-0.2848610201304
SOL/USDT:USDT,2026-05-08 00:00:00+00:00,2026-05-08 12:00:00+00:00,88.4,88.59,10.0,True,99.9804,11.31,-0.03158273174033605,-3.15575956,720,b434_stop,0.19419458192745004
ZEC/USDT:USDT,2026-05-08 04:00:00+00:00,2026-05-08 12:00:00+00:00,571.55,572.83,10.0,True,99.964095,1.749,-0.03388527787584141,-3.38527875,480,b434_stop,0.05435361884649586
WLD/USDT:USDT,2026-05-08 08:00:00+00:00,2026-05-08 12:00:00+00:00,0.2587,0.2585,10.0,False,99.98755,3865.0,-0.018958118131000134,-1.89671313,240,b434_stop,0.075673670279064
COLLECT/USDT:USDT,2026-05-08 12:00:00+00:00,2026-05-08 12:00:00+00:00,0.0387,0.0387,10.0,False,99.99693,25839.0,-0.023692410647032848,-2.37058983,0,b434_stop,-1.1706266675881998
FIL/USDT:USDT,2026-05-08 12:00:00+00:00,2026-05-08 12:00:00+00:00,1.106,1.106,10.0,True,99.99346,904.1,-0.012007204322593557,-1.19992152,0,b434_stop,0.0
PUMP/USDT:USDT,2026-05-01 08:00:00+00:00,2026-05-08 16:00:00+00:00,0.0018,0.00209,10.0,False,99.9999,555555.0,1.5826519826120067,158.35999902,10560,b434_limit,-1.4542856134351545
FET/USDT:USDT,2026-05-05 08:00:00+00:00,2026-05-08 16:00:00+00:00,0.2078,0.2291,10.0,False,99.99336,4812.0,1.007559631122009,100.80972248,4800,b434_limit,-0.4244598428124996
LTC/USDT:USDT,2026-05-05 12:00:00+00:00,2026-05-08 16:00:00+00:00,55.51,57.8,10.0,False,99.995714,18.014,0.39420602249402975,39.44256403,4560,b434_limit,-0.5847961646954974
ZRO/USDT:USDT,2026-05-08 12:00:00+00:00,2026-05-08 16:00:00+00:00,1.4385,1.4477,10.0,True,99.990135,695.1,-0.07612425340384604,-7.60710737,240,b434_stop,-0.00846879415361784
1000PEPE/USDT:USDT,2026-05-08 16:00:00+00:00,2026-05-08 16:00:00+00:00,0.0042806,0.0042806,10.0,False,99.99995272,233612.0,-0.012992111279588063,-1.29999004,0,b434_stop,-0.09999060824
FIL/USDT:USDT,2026-05-08 16:00:00+00:00,2026-05-08 16:00:00+00:00,1.245,1.245,10.0,False,99.9984,803.2,-0.012992204677193683,-1.2999792,0,b434_stop,-0.09999840000000002
LIT/USDT:USDT,2026-04-18 16:00:00+00:00,2026-05-08 20:00:00+00:00,1.0319,1.0212,10.0,True,99.99111,969.0,0.144397135584561,14.42976681,29040,b434_stop,5.255139147146037
SOL/USDT:USDT,2026-05-08 20:00:00+00:00,2026-05-08 20:00:00+00:00,92.57,92.57,10.0,False,99.9756,10.8,-0.011992804317409553,-1.1997072,0,b434_stop,0.0
LINK/USDT:USDT,2026-05-08 20:00:00+00:00,2026-05-08 20:00:00+00:00,10.37,10.37,10.0,False,99.99791,96.43,-0.011992804317409556,-1.19997492,0,b434_stop,0.0
XLM/USDT:USDT,2026-05-08 20:00:00+00:00,2026-05-08 20:00:00+00:00,0.16409,0.16409,10.0,False,99.996446,6094.0,-0.011992804297420837,-1.19995735,0,b434_stop,0.0
VIRTUAL/USDT:USDT,2026-05-08 20:00:00+00:00,2026-05-08 20:00:00+00:00,0.9149,0.9149,10.0,True,99.99857,1093.0,-0.011506904092454756,-1.14998355,0,b434_stop,0.049999285000000004
QNT/USDT:USDT,2026-04-18 16:00:00+00:00,2026-05-09 04:00:00+00:00,74.97,74.8,10.0,True,99.7101,13.3,0.01936105575747502,1.92933451,29520,b434_stop,0.8634991142860641
GTC/USDT:USDT,2026-04-25 12:00:00+00:00,2026-05-09 04:00:00+00:00,0.09965,0.09484,10.0,True,99.9997715,10035.1,0.5221260854935666,52.18116175,19680,b434_stop,5.083366713358592
BNB/USDT:USDT,2026-05-09 04:00:00+00:00,2026-05-09 04:00:00+00:00,654.04,654.04,10.0,False,99.41408,1.52,-0.011992804317409553,-1.19296896,0,b434_stop,0.0
1000SHIB/USDT:USDT,2026-05-08 20:00:00+00:00,2026-05-09 08:00:00+00:00,0.006436,0.006431,10.0,False,99.9999936,155376.0,-0.021753661596112014,-2.17667124,720,b434_stop,-0.200257445232
HYPE/USDT:USDT,2026-05-09 04:00:00+00:00,2026-05-09 08:00:00+00:00,44.029,43.779,10.0,False,99.989859,22.71,-0.06970215674276704,-6.97369053,240,b434_stop,-0.09971872620628502
DOT/USDT:USDT,2026-05-08 16:00:00+00:00,2026-05-09 12:00:00+00:00,1.358,1.358,10.0,False,99.98954,736.3,-0.014942443251400995,-1.49498448,1200,b434_stop,-0.29511000087149997
AAVE/USDT:USDT,2026-05-08 20:00:00+00:00,2026-05-09 12:00:00+00:00,95.2,95.78,10.0,False,99.96,10.5,0.0468396257163669,4.68489824,960,b434_stop,-0.2019277619625
ETH/USDT:USDT,2026-05-09 12:00:00+00:00,2026-05-09 12:00:00+00:00,2313.69,2313.69,10.0,False,99.951408,0.432,-0.011992804357405,-1.1994169,0,b434_stop,0.0
ADA/USDT:USDT,2026-05-08 20:00:00+00:00,2026-05-09 16:00:00+00:00,0.2717,0.2703,10.0,False,99.9856,3680.0,-0.06603561726400495,-6.60657238,1200,b434_stop,-0.2578363848
BNB/USDT:USDT,2026-05-09 16:00:00+00:00,2026-05-09 16:00:00+00:00,648.05,648.05,10.0,True,99.7997,1.54,-0.011261958042162576,-1.12326567,0,b434_stop,0.07433073481732114
DOT/USDT:USDT,2026-05-09 16:00:00+00:00,2026-05-09 16:00:00+00:00,1.342,1.342,10.0,True,99.99242,745.1,-0.01174571862244977,-1.17377814,0,b434_stop,0.02613090316285956
STRK/USDT:USDT,2026-05-10 00:00:00+00:00,2026-05-10 00:00:00+00:00,0.05298,0.05298,10.0,True,99.99975,18875.0,-0.012207524515209128,-1.22001695,0,b434_stop,-0.02001994995
1000SHIB/USDT:USDT,2026-05-10 00:00:00+00:00,2026-05-10 04:00:00+00:00,0.006363,0.00638,10.0,True,99.9996354,157158.0,-0.0390084092848964,-3.89848621,240,b434_stop,-0.025201571481071997
ENA/USDT:USDT,2026-05-10 04:00:00+00:00,2026-05-10 04:00:00+00:00,0.12768,0.12768,10.0,True,99.998976,7832.0,-0.01162420298220876,-1.16171095,0,b434_stop,0.03827676282576959
BEAMX/USDT:USDT,2026-05-10 04:00:00+00:00,2026-05-10 04:00:00+00:00,0.002051,0.002051,10.0,True,99.9999917,487567.0,-0.011506609019887454,-1.14997041,0,b434_stop,0.050029493653500005
LINK/USDT:USDT,2026-05-10 04:00:00+00:00,2026-05-10 04:00:00+00:00,10.346,10.346,10.0,True,99.99409,96.65,-0.012007204322593557,-1.19992908,0,b434_stop,0.0
LTC/USDT:USDT,2026-05-10 04:00:00+00:00,2026-05-10 04:00:00+00:00,57.9,57.9,10.0,True,99.99909,17.271,-0.012007204322593557,-1.19998908,0,b434_stop,0.0
XLM/USDT:USDT,2026-05-10 04:00:00+00:00,2026-05-10 04:00:00+00:00,0.16124,0.16124,10.0,True,99.984924,6201.0,-0.012007204342608581,-1.19981909,0,b434_stop,0.0
ADA/USDT:USDT,2026-05-10 00:00:00+00:00,2026-05-10 08:00:00+00:00,0.2707,0.2704,10.0,True,99.99658,3694.0,-0.0014639517081330088,-0.14630233,480,b434_stop,-0.055208291220434594
QNT/USDT:USDT,2026-05-10 04:00:00+00:00,2026-05-10 08:00:00+00:00,72.64,72.92,10.0,True,99.5168,13.7,-0.05034263202379449,-5.00693168,240,b434_stop,0.02557152402
WLD/USDT:USDT,2026-05-10 04:00:00+00:00,2026-05-10 08:00:00+00:00,0.2671,0.269,10.0,True,99.97553,3743.0,-0.08354435384971481,-8.34737962,240,b434_stop,-0.031706241829999995
ONDO/USDT:USDT,2026-05-10 04:00:00+00:00,2026-05-10 08:00:00+00:00,0.4101,0.4056,10.0,True,99.998784,2438.4,0.09884931267404196,9.87888018,240,b434_stop,0.09948190781760001
PUMP/USDT:USDT,2026-05-10 08:00:00+00:00,2026-05-10 08:00:00+00:00,0.002158,0.002158,10.0,True,99.9999936,463392.0,-0.011989885898431344,-1.19826912,0,b434_stop,0.00173080155744
ARB/USDT:USDT,2026-05-10 08:00:00+00:00,2026-05-10 08:00:00+00:00,0.1408,0.1408,10.0,True,99.998976,7102.2,-0.011278867346712297,-1.12719846,0,b434_stop,0.0727892546304
LIT/USDT:USDT,2026-05-10 08:00:00+00:00,2026-05-10 08:00:00+00:00,1.0422,1.0422,10.0,True,99.99909,959.5,-0.011506904192515963,-1.14998954,0,b434_stop,0.049999545
AIN/USDT:USDT,2026-05-08 16:00:00+00:00,2026-05-10 12:00:00+00:00,0.09738,0.09748,10.0,False,99.999522,10269.0,-0.03444018511179221,-3.44606845,2640,b434_stop,-3.2723580501835525
UNI/USDT:USDT,2026-05-08 16:00:00+00:00,2026-05-10 12:00:00+00:00,3.6,3.919,10.0,False,99.72,277.0,0.8693294006548337,86.74154155,2640,b434_limit,-0.3718006523282926
SUI/USDT:USDT,2026-05-08 20:00:00+00:00,2026-05-10 12:00:00+00:00,1.0238,1.1487,10.0,False,99.994546,976.7,1.2086910043579673,120.93502574,2400,b434_limit,0.21832419432463576
NEAR/USDT:USDT,2026-05-09 20:00:00+00:00,2026-05-10 12:00:00+00:00,1.56,1.562,10.0,True,99.996,641.0,-0.024021366297917877,-2.40059932,960,b434_stop,0.0821218799486582
1000PEPE/USDT:USDT,2026-05-10 00:00:00+00:00,2026-05-10 12:00:00+00:00,0.004245,0.0042565,10.0,True,99.9998895,235571.0,-0.039268699685689426,-3.92450951,720,b434_stop,-0.013818891349660599
TRUMP/USDT:USDT,2026-05-10 12:00:00+00:00,2026-05-10 12:00:00+00:00,2.455,2.455,10.0,True,99.999515,407.33,-0.011589097932159993,-1.15820883,0,b434_stop,0.04178534616656478
BCH/USDT:USDT,2026-05-07 12:00:00+00:00,2026-05-10 16:00:00+00:00,458.3,456.21,10.0,True,99.95523,2.181,0.028126957958389556,2.80974969,4560,b434_stop,-0.5518125273838358
US/USDT:USDT,2026-05-09 12:00:00+00:00,2026-05-10 16:00:00+00:00,0.004705,0.004762,10.0,False,99.9995995,212539.0,0.07544726308973461,7.54922291,1680,b434_limit,-3.3582360616666045
HYPE/USDT:USDT,2026-05-09 20:00:00+00:00,2026-05-10 16:00:00+00:00,43.101,43.238,10.0,True,99.99432,23.2,-0.04477052565547099,-4.47411219,1200,b434_stop,-0.09387331279657984
BR/USDT:USDT,2026-05-10 08:00:00+00:00,2026-05-10 16:00:00+00:00,0.15203,0.14809,10.0,False,99.990131,6577.0,-0.27232164016382304,-27.24581416,480,b434_stop,-0.1481006130545
BTC/USDT:USDT,2026-05-07 00:00:00+00:00,2026-05-10 20:00:00+00:00,81390.0,81398.0,10.0,True,97.668,0.012,-0.013761488862847136,-1.34325066,5520,b434_stop,-0.07517705991659915
1000SHIB/USDT:USDT,2026-05-10 12:00:00+00:00,2026-05-10 20:00:00+00:00,0.00646,0.006607,10.0,False,99.999508,154798.0,0.21427576890798034,21.44032795,480,b434_stop,-0.10133077080000001
ADA/USDT:USDT,2026-05-10 16:00:00+00:00,2026-05-10 20:00:00+00:00,0.2815,0.2869,10.0,False,99.9888,3552.0,0.17860737920136563,17.86945276,240,b434_stop,-0.099973156992
WLD/USDT:USDT,2026-05-10 16:00:00+00:00,2026-05-10 20:00:00+00:00,0.2809,0.2878,10.0,False,99.97231,3559.0,0.23337480917204734,23.34501738,240,b434_stop,0.0023193575919999996
LINK/USDT:USDT,2026-05-10 16:00:00+00:00,2026-05-10 20:00:00+00:00,10.62,10.837,10.0,False,99.99792,94.16,0.19109428877279952,19.12049682,240,b434_stop,-0.09998850399999999
LTC/USDT:USDT,2026-05-10 16:00:00+00:00,2026-05-10 20:00:00+00:00,59.04,59.7,10.0,False,99.996048,16.937,0.09866251657219723,9.87178126,240,b434_stop,-0.09997911100000001
TRUMP/USDT:USDT,2026-05-10 16:00:00+00:00,2026-05-10 20:00:00+00:00,2.484,2.532,10.0,False,99.998388,402.57,0.18000331250688556,18.01084111,240,b434_stop,-0.10094421937131
XLM/USDT:USDT,2026-05-10 16:00:00+00:00,2026-05-10 20:00:00+00:00,0.16761,0.1713,10.0,False,99.996126,5966.0,0.20689789929417693,20.7014018,240,b434_stop,-0.09997596092000001
ZRO/USDT:USDT,2026-05-10 16:00:00+00:00,2026-05-10 20:00:00+00:00,1.5092,1.5296,10.0,False,99.999592,662.6,0.12200980561531773,12.20825134,240,b434_stop,-0.1006833358973
BNB/USDT:USDT,2026-05-10 20:00:00+00:00,2026-05-10 20:00:00+00:00,661.61,661.61,10.0,False,99.90311,1.51,-0.011992804317409553,-1.19883732,0,b434_stop,0.0
1000PEPE/USDT:USDT,2026-05-10 20:00:00+00:00,2026-05-10 20:00:00+00:00,0.0044872,0.0044872,10.0,False,99.99994432,222856.0,-0.011992804299020578,-1.19999933,0,b434_stop,0.0
BEAMX/USDT:USDT,2026-05-10 20:00:00+00:00,2026-05-10 20:00:00+00:00,0.002163,0.002163,10.0,False,99.999816,462320.0,-0.012492347391275986,-1.24998198,0,b434_stop,-0.04998418912000001
TAO/USDT:USDT,2026-05-10 20:00:00+00:00,2026-05-10 20:00:00+00:00,329.1,329.1,10.0,False,99.98058,3.038,-0.012492646539677375,-1.24977146,0,b434_stop,-0.050004496306233
DOT/USDT:USDT,2026-05-10 20:00:00+00:00,2026-05-10 20:00:00+00:00,1.412,1.412,10.0,False,99.99784,708.2,-0.011992804317409553,-1.19997408,0,b434_stop,0.0
DOT/USDT:USDT,2026-05-11 04:00:00+00:00,2026-05-11 04:00:00+00:00,1.345,1.345,10.0,True,99.9873,743.4,-0.012007204322593557,-1.1998476,0,b434_stop,0.0
MOVR/USDT:USDT,2026-05-10 20:00:00+00:00,2026-05-11 08:00:00+00:00,2.627,2.524,10.0,True,99.999382,380.66,0.3824457097222107,38.22138802,720,b434_stop,0.18987582046958001
BNB/USDT:USDT,2026-05-11 08:00:00+00:00,2026-05-11 08:00:00+00:00,651.0,651.0,10.0,True,99.603,1.53,-0.011924360121931415,-1.18698942,0,b434_stop,0.008246580465729781
LINK/USDT:USDT,2026-05-11 08:00:00+00:00,2026-05-11 08:00:00+00:00,10.52,10.52,10.0,True,99.9926,95.05,-0.011006508798241024,-1.09990909,0,b434_stop,0.100002105
COLLECT/USDT:USDT,2026-05-11 08:00:00+00:00,2026-05-11 08:00:00+00:00,0.04762,0.04762,10.0,True,99.997238,20999.0,-0.009756074145577588,-0.97499512,0,b434_stop,0.2249717391286772
BEAMX/USDT:USDT,2026-05-11 08:00:00+00:00,2026-05-11 12:00:00+00:00,0.00211,0.002116,10.0,True,99.999863,473933.0,-0.039475879877432715,-3.94521403,240,b434_stop,0.100088488471
SOL/USDT:USDT,2026-05-11 12:00:00+00:00,2026-05-11 12:00:00+00:00,95.22,95.22,10.0,True,99.981,10.5,-0.012007204322593557,-1.199772,0,b434_stop,0.0
AIN/USDT:USDT,2026-05-10 12:00:00+00:00,2026-05-11 16:00:00+00:00,0.09748,0.09756,10.0,True,99.994984,10258.0,0.0018337427710116783,0.18325506,1680,b434_stop,2.2043272472166664
1000PEPE/USDT:USDT,2026-05-11 08:00:00+00:00,2026-05-11 16:00:00+00:00,0.0043109,0.0043473,10.0,True,99.9999473,231970.0,-0.09911028997376839,-9.90507716,480,b434_stop,-0.25630357032589196
LTC/USDT:USDT,2026-05-11 12:00:00+00:00,2026-05-11 16:00:00+00:00,58.7,58.97,10.0,True,99.99545,17.035,-0.057421188009261555,-5.73841242,240,b434_stop,0.06374265334162228
SOL/USDT:USDT,2026-05-11 16:00:00+00:00,2026-05-12 00:00:00+00:00,96.77,97.32,10.0,False,99.96341,10.33,0.043769785602409204,4.37800225,480,b434_stop,-0.1005279278086889
BNB/USDT:USDT,2026-05-11 16:00:00+00:00,2026-05-12 04:00:00+00:00,661.94,662.38,10.0,False,99.95294,1.51,-0.006027062299939699,-0.60278405,720,b434_stop,-0.06735012792666377
MOVR/USDT:USDT,2026-05-12 04:00:00+00:00,2026-05-12 04:00:00+00:00,2.802,2.802,10.0,False,99.997776,356.88,-0.011860554504296834,-1.18674069,0,b434_stop,0.01323262329220397
PENGU/USDT:USDT,2026-05-05 00:00:00+00:00,2026-05-12 08:00:00+00:00,0.010092,0.010064,10.0,False,99.9996096,99088.0,-0.042456374824242575,-4.24816828,10560,b434_stop,-0.2753736458645568
FET/USDT:USDT,2026-05-08 20:00:00+00:00,2026-05-12 08:00:00+00:00,0.2313,0.2313,10.0,False,99.99099,4323.0,-0.007352748031268414,-0.73564968,5040,b434_stop,0.46424219796999
BR/USDT:USDT,2026-05-12 00:00:00+00:00,2026-05-12 08:00:00+00:00,0.14184,0.1407,10.0,True,99.9972,7050.0,0.07242805710306936,7.23825735,480,b434_stop,0.396401546526
US/USDT:USDT,2026-05-12 08:00:00+00:00,2026-05-12 08:00:00+00:00,0.00561,0.00561,10.0,True,99.999933,178253.0,-0.009729289588465929,-0.97234455,0,b434_stop,0.2276546454926757
AVAX/USDT:USDT,2026-05-08 16:00:00+00:00,2026-05-12 12:00:00+00:00,9.778,9.858,10.0,False,99.7356,102.0,0.06473760676797312,6.46051804,5520,b434_stop,-0.49775876263044183
COLLECT/USDT:USDT,2026-05-11 12:00:00+00:00,2026-05-12 12:00:00+00:00,0.04999,0.05328,10.0,False,99.999996,20004.0,0.6354541786262423,63.58354257,1440,b434_stop,-0.9901295799507265
SUI/USDT:USDT,2026-05-12 12:00:00+00:00,2026-05-12 12:00:00+00:00,1.2349,1.2349,10.0,True,99.989853,809.7,-0.012007204362621633,-1.19987824,0,b434_stop,0.0
BR/USDT:USDT,2026-05-12 12:00:00+00:00,2026-05-12 12:00:00+00:00,0.14755,0.14755,10.0,False,99.994635,6777.0,-0.0164381085685263,-1.6447089,0,b434_stop,-0.44477328471839994
ZRO/USDT:USDT,2026-05-12 12:00:00+00:00,2026-05-12 16:00:00+00:00,1.4897,1.4483,10.0,True,99.988664,671.2,0.26722160402810485,26.7030997,240,b434_stop,0.09861106459400001
BNB/USDT:USDT,2026-05-12 16:00:00+00:00,2026-05-12 16:00:00+00:00,652.62,652.62,10.0,True,99.85086,1.53,-0.010440205603685967,-1.04183803,0,b434_stop,0.1563722868560403
TRUMP/USDT:USDT,2026-05-11 04:00:00+00:00,2026-05-12 20:00:00+00:00,2.431,2.343,10.0,True,99.999185,411.35,0.3470145759174429,34.68035407,2400,b434_stop,-0.3401749931730119
COLLECT/USDT:USDT,2026-05-12 16:00:00+00:00,2026-05-12 20:00:00+00:00,0.04932,0.04918,10.0,True,99.9963,20275.0,0.01741208841377121,1.74009973,240,b434_stop,0.09985222585000002
BTC/USDT:USDT,2026-05-12 08:00:00+00:00,2026-05-13 00:00:00+00:00,80809.2,80461.0,10.0,True,96.97104,0.012,0.03263529974902223,3.16278015,960,b434_stop,0.14552558877307628
MOVR/USDT:USDT,2026-05-12 20:00:00+00:00,2026-05-13 00:00:00+00:00,2.668,2.631,10.0,True,99.999308,374.81,0.1278337878517571,12.77562035,240,b434_stop,0.09932126396646
1000SHIB/USDT:USDT,2026-05-12 12:00:00+00:00,2026-05-13 04:00:00+00:00,0.006449,0.006492,10.0,True,99.9994838,155062.0,-0.07844570501677733,-7.83982329,960,b434_stop,0.031837112815224805
BR/USDT:USDT,2026-05-12 16:00:00+00:00,2026-05-13 04:00:00+00:00,0.13955,0.14102,10.0,True,99.987575,7165.0,-0.11483607616713457,-11.47529147,720,b434_stop,0.26342896019070006
NEAR/USDT:USDT,2026-05-13 04:00:00+00:00,2026-05-13 04:00:00+00:00,1.685,1.685,10.0,False,99.9205,593.0,-0.011992804317409556,-1.199046,0,b434_stop,0.0
BNB/USDT:USDT,2026-05-13 04:00:00+00:00,2026-05-13 04:00:00+00:00,681.65,681.65,10.0,False,99.5209,1.46,-0.011992804317409556,-1.1942508,0,b434_stop,0.0
DOGE/USDT:USDT,2026-05-06 20:00:00+00:00,2026-05-13 08:00:00+00:00,0.1129,0.11229,10.0,True,99.99553,8857.0,0.04964661293984016,4.96146071,9360,b434_stop,0.7553954110322747
WLD/USDT:USDT,2026-05-12 00:00:00+00:00,2026-05-13 08:00:00+00:00,0.2784,0.2777,10.0,True,99.97344,3591.0,0.01010938016844298,1.01006311,1920,b434_stop,-0.30546383212989003
ETH/USDT:USDT,2026-05-12 04:00:00+00:00,2026-05-13 08:00:00+00:00,2308.26,2300.12,10.0,True,99.947658,0.433,0.024391454387502974,2.43640602,1680,b434_stop,0.10904314253807375
COLLECT/USDT:USDT,2026-05-13 08:00:00+00:00,2026-05-13 08:00:00+00:00,0.05823,0.05823,10.0,False,99.998379,17173.0,-0.012492510618728052,-1.24998035,0,b434_stop,-0.049999799141500004
TRUMP/USDT:USDT,2026-05-13 08:00:00+00:00,2026-05-13 08:00:00+00:00,2.472,2.472,10.0,False,99.999816,404.53,-0.012492504497301618,-1.2499977,0,b434_stop,-0.049999907999999996
SAND/USDT:USDT,2026-05-08 12:00:00+00:00,2026-05-13 12:00:00+00:00,0.07792,0.08012,10.0,False,99.994736,12833.0,0.2616602011365816,26.18034152,7200,b434_stop,-0.8353820877061006
MUBARAK/USDT:USDT,2026-05-11 20:00:00+00:00,2026-05-13 12:00:00+00:00,0.01655,0.01661,10.0,False,99.99841,60422.0,0.018623407245495213,1.8634285,2400,b434_stop,-0.559735390096
AIN/USDT:USDT,2026-05-12 08:00:00+00:00,2026-05-13 12:00:00+00:00,0.0972,0.10258,10.0,False,99.99936,10288.0,0.5292494106821368,52.95635711,1680,b434_limit,-1.1598809064472
DOT/USDT:USDT,2026-05-13 08:00:00+00:00,2026-05-13 12:00:00+00:00,1.394,1.385,10.0,False,99.99162,717.3,-0.07747687733145889,-7.7516867,240,b434_stop,-0.09996068069910001
NEAR/USDT:USDT,2026-05-13 16:00:00+00:00,2026-05-13 16:00:00+00:00,1.553,1.553,10.0,True,99.8579,643.0,-0.011815950361401114,-1.17920804,0,b434_stop,0.0190867634928516
MUBARAK/USDT:USDT,2026-05-13 16:00:00+00:00,2026-05-13 16:00:00+00:00,0.01553,0.01553,10.0,True,99.999223,64391.0,-0.011507548489097026,-1.15005546,0,b434_stop,0.0499352205
TRUMP/USDT:USDT,2026-05-13 16:00:00+00:00,2026-05-13 16:00:00+00:00,2.333,2.333,10.0,True,99.999379,428.63,-0.014627052110759667,-1.46181851,0,b434_stop,-0.2618259644696519
BR/USDT:USDT,2026-05-13 16:00:00+00:00,2026-05-13 16:00:00+00:00,0.13371,0.13371,10.0,True,99.988338,7478.0,-0.011507390521000029,-1.14991449,0,b434_stop,0.049945562000000006
DOT/USDT:USDT,2026-05-13 16:00:00+00:00,2026-05-13 16:00:00+00:00,1.316,1.316,10.0,True,99.98968,759.8,-0.012945679600298451,-1.2936577,0,b434_stop,-0.093781536552
BR/USDT:USDT,2026-05-13 20:00:00+00:00,2026-05-13 20:00:00+00:00,0.14442,0.14442,10.0,False,99.996408,6924.0,-0.01271600193168565,-1.27231745,0,b434_stop,-0.0723605576853504
BNB/USDT:USDT,2026-05-14 04:00:00+00:00,2026-05-14 04:00:00+00:00,666.17,666.17,10.0,True,99.9255,1.5,-0.012007204322593557,-1.199106,0,b434_stop,0.0
COLLECT/USDT:USDT,2026-05-14 08:00:00+00:00,2026-05-14 08:00:00+00:00,0.05736,0.05736,10.0,True,99.995688,17433.0,-0.011438348034454978,-1.14309921,0,b434_stop,0.05684904776140201
COLLECT/USDT:USDT,2026-05-14 12:00:00+00:00,2026-05-14 12:00:00+00:00,0.06419,0.06419,10.0,False,99.995182,15578.0,-0.012492582304368373,-1.24994756,0,b434_stop,-0.050005379999999995
XRP/USDT:USDT,2026-05-09 00:00:00+00:00,2026-05-14 16:00:00+00:00,1.4176,1.4721,10.0,False,99.997504,705.4,0.36489487741435733,36.51047011,8160,b434_limit,-0.7107932645538662
AAVE/USDT:USDT,2026-05-12 08:00:00+00:00,2026-05-14 16:00:00+00:00,99.59,99.1,10.0,True,99.59,10.0,0.03716536971083142,3.69907839,3360,b434_stop,-0.008781611969153
XLM/USDT:USDT,2026-05-12 08:00:00+00:00,2026-05-14 16:00:00+00:00,0.16542,0.164,10.0,True,99.99639,6045.0,0.07329664060548391,7.32500182,3360,b434_stop,-0.06409184158304851
ETH/USDT:USDT,2026-05-14 20:00:00+00:00,2026-05-14 20:00:00+00:00,2297.43,2297.43,10.0,False,99.938205,0.435,-0.011992804317409553,-1.19925846,0,b434_stop,0.0
XRP/USDT:USDT,2026-05-14 20:00:00+00:00,2026-05-14 20:00:00+00:00,1.5164,1.5164,10.0,False,99.991416,659.4,-0.011992804297419831,-1.19989699,0,b434_stop,0.0
AIN/USDT:USDT,2026-05-14 20:00:00+00:00,2026-05-14 20:00:00+00:00,0.09652,0.09652,10.0,True,99.99472,10360.0,-0.01150712948958494,-1.1499618,0,b434_stop,0.049974837359999996
AAVE/USDT:USDT,2026-05-14 20:00:00+00:00,2026-05-14 20:00:00+00:00,99.9,99.9,10.0,False,99.9,10.0,-0.011992804317409556,-1.1988,0,b434_stop,0.0
AVAX/USDT:USDT,2026-05-14 20:00:00+00:00,2026-05-14 20:00:00+00:00,10.012,10.012,10.0,False,99.1188,99.0,-0.011992804317409556,-1.1894256,0,b434_stop,0.0
LINK/USDT:USDT,2026-05-14 20:00:00+00:00,2026-05-14 20:00:00+00:00,10.626,10.626,10.0,False,99.99066,94.1,-0.011992804317409556,-1.19988792,0,b434_stop,0.0
LTC/USDT:USDT,2026-05-14 20:00:00+00:00,2026-05-14 20:00:00+00:00,58.89,58.89,10.0,False,99.99522,16.98,-0.011992804317409553,-1.19994264,0,b434_stop,0.0
TRUMP/USDT:USDT,2026-05-14 20:00:00+00:00,2026-05-14 20:00:00+00:00,2.441,2.441,10.0,False,99.998006,409.66,-0.012286728007550355,-1.22938549,0,b434_stop,-0.029409413564600004
XLM/USDT:USDT,2026-05-14 20:00:00+00:00,2026-05-14 20:00:00+00:00,0.1658,0.1658,10.0,False,99.99398,6031.0,-0.011992804317409553,-1.19992776,0,b434_stop,0.0
DOT/USDT:USDT,2026-05-14 20:00:00+00:00,2026-05-14 20:00:00+00:00,1.405,1.405,10.0,False,99.99385,711.7,-0.011992804317409556,-1.1999262,0,b434_stop,0.0
BTC/USDT:USDT,2026-05-14 20:00:00+00:00,2026-05-15 00:00:00+00:00,81373.8,81048.8,10.0,False,97.64856,0.012,-0.05146209601306815,-5.02821469,240,b434_stop,0.04122802741364087
ZEC/USDT:USDT,2026-05-15 00:00:00+00:00,2026-05-15 00:00:00+00:00,560.28,560.28,10.0,False,99.953952,1.784,-0.011096657960154833,-1.10982031,0,b434_stop,0.08962710904559999
SAND/USDT:USDT,2026-05-15 00:00:00+00:00,2026-05-15 00:00:00+00:00,0.07909,0.07909,10.0,False,99.993487,12643.0,-0.01291105336942244,-1.29179586,0,b434_stop,-0.0918740158556
BNB/USDT:USDT,2026-05-14 20:00:00+00:00,2026-05-15 04:00:00+00:00,680.72,682.25,10.0,False,99.38512,1.46,0.009219226355508855,0.91680367,480,b434_stop,-0.12303460957416909
ENA/USDT:USDT,2026-05-15 00:00:00+00:00,2026-05-15 04:00:00+00:00,0.12073,0.12113,10.0,False,99.988586,8282.0,0.021250331369308602,2.12606546,240,b434_stop,0.015116170376432
PENGU/USDT:USDT,2026-05-15 00:00:00+00:00,2026-05-15 04:00:00+00:00,0.009096,0.009076,10.0,False,99.9996048,109938.0,-0.03266408951222751,-3.26835588,240,b434_stop,0.129080118061572
VIRTUAL/USDT:USDT,2026-05-15 00:00:00+00:00,2026-05-15 04:00:00+00:00,0.7816,0.7931,10.0,False,99.997904,1279.4,0.13487888222827138,13.49569808,240,b434_stop,-0.00859921074806472
PUMP/USDT:USDT,2026-05-15 04:00:00+00:00,2026-05-15 04:00:00+00:00,0.001897,0.001897,10.0,False,99.9999756,527148.0,-0.012370376794106498,-1.2377796,0,b434_stop,-0.03777989589504
1000PEPE/USDT:USDT,2026-05-15 04:00:00+00:00,2026-05-15 04:00:00+00:00,0.0040785,0.0040785,10.0,False,99.9999258,245188.0,-0.011992804321407159,-1.19999911,0,b434_stop,0.0
COLLECT/USDT:USDT,2026-05-15 04:00:00+00:00,2026-05-15 08:00:00+00:00,0.05853,0.06028,10.0,True,99.998505,17085.0,-0.3103426211110789,-31.01517787,240,b434_stop,0.1014934425
LIT/USDT:USDT,2026-05-15 00:00:00+00:00,2026-05-15 12:00:00+00:00,0.9126,0.9062,10.0,False,99.993582,1095.7,-0.0840390059560027,-8.40840325,720,b434_stop,-0.20020775415895
US/USDT:USDT,2026-05-15 08:00:00+00:00,2026-05-15 12:00:00+00:00,0.0052,0.005391,10.0,False,99.99964,192307.0,0.3538559277889955,35.40669667,240,b434_stop,-0.10190626775150001
BNB/USDT:USDT,2026-05-15 16:00:00+00:00,2026-05-15 16:00:00+00:00,671.91,671.91,10.0,True,99.44268,1.48,-0.012007204322593557,-1.19331216,0,b434_stop,0.0
DOGE/USDT:USDT,2026-05-15 16:00:00+00:00,2026-05-15 16:00:00+00:00,0.11151,0.11151,10.0,True,99.991017,8967.0,-0.012727936726581762,-1.27191573,0,b434_stop,-0.0720235295451
ENA/USDT:USDT,2026-05-15 16:00:00+00:00,2026-05-15 16:00:00+00:00,0.11051,0.11051,10.0,True,99.989448,9048.0,-0.012215826336388451,-1.22072086,0,b434_stop,-0.020847484861163997
COLLECT/USDT:USDT,2026-05-16 00:00:00+00:00,2026-05-16 00:00:00+00:00,0.06709,0.06709,10.0,False,99.997645,14905.0,-0.012492040739628178,-1.24992416,0,b434_stop,-0.0499524157825
BCH/USDT:USDT,2026-05-11 12:00:00+00:00,2026-05-16 04:00:00+00:00,450.35,427.4,10.0,True,99.9777,2.22,0.4858414505081821,48.5441668,6720,b434_limit,-1.235670201820593
HYPE/USDT:USDT,2026-05-14 16:00:00+00:00,2026-05-16 04:00:00+00:00,42.607,43.21,10.0,False,99.998629,23.47,0.1275473909893417,12.76221697,2160,b434_stop,-0.18171803220680538
SOL/USDT:USDT,2026-05-12 08:00:00+00:00,2026-05-16 08:00:00+00:00,95.98,87.41,10.0,True,99.91518,10.41,0.8814268253527359,88.01507916,5760,b434_limit,-0.053166900160447006
LIT/USDT:USDT,2026-05-16 00:00:00+00:00,2026-05-16 12:00:00+00:00,0.8572,0.8482,10.0,True,99.99238,1166.5,0.0951055965561634,9.50412905,720,b434_stop,0.199238512622
HYPE/USDT:USDT,2026-05-16 12:00:00+00:00,2026-05-16 16:00:00+00:00,40.83,40.861,10.0,True,99.99267,24.49,-0.02112646071685892,-2.11122372,240,b434_stop,-0.15166616828260504
LIT/USDT:USDT,2026-05-16 20:00:00+00:00,2026-05-17 00:00:00+00:00,0.8727,0.8771,10.0,False,99.993966,1145.8,0.0373629164811788,3.73830784,240,b434_stop,-0.10025965811429999
COLLECT/USDT:USDT,2026-05-16 04:00:00+00:00,2026-05-17 04:00:00+00:00,0.06357,0.05832,10.0,True,99.99561,15730.0,0.8182890690778453,81.77621943,1440,b434_stop,0.34411725062000004
ZEC/USDT:USDT,2026-05-15 16:00:00+00:00,2026-05-17 08:00:00+00:00,516.77,521.0,10.0,True,99.994995,1.935,-0.09177145617919247,-9.17118029,2400,b434_stop,0.21872067562107414
ZEC/USDT:USDT,2026-05-17 08:00:00+00:00,2026-05-17 08:00:00+00:00,521.0,521.0,10.0,False,99.9799,1.919,-0.01243254061565875,-1.24374997,0,b434_stop,-0.04399117137329859
PENGU/USDT:USDT,2026-05-16 12:00:00+00:00,2026-05-17 08:00:00+00:00,0.008455,0.00846,10.0,True,99.9998215,118273.0,-0.01664117859383739,-1.66311642,1200,b434_stop,0.12860125459774052
STRK/USDT:USDT,2026-05-17 12:00:00+00:00,2026-05-17 12:00:00+00:00,0.0426,0.0426,10.0,False,99.999666,23474.1,-0.012492680442322617,-1.25001343,0,b434_stop,-0.050017438575
WLD/USDT:USDT,2026-05-17 12:00:00+00:00,2026-05-17 16:00:00+00:00,0.2433,0.242,10.0,False,99.9963,4110.0,-0.06040600625948925,-6.04400135,240,b434_stop,0.4957484466
ADA/USDT:USDT,2026-05-12 00:00:00+00:00,2026-05-17 20:00:00+00:00,0.2801,0.2551,10.0,True,99.9957,3570.0,0.8818723174478131,88.13052963,8400,b434_limit,0.02692802647277399
TAO/USDT:USDT,2026-05-12 00:00:00+00:00,2026-05-17 20:00:00+00:00,320.44,269.37,10.0,True,99.97728,3.12,1.5842738892930066,158.29635939,8400,b434_limit,0.062083709562847166
QNT/USDT:USDT,2026-05-14 08:00:00+00:00,2026-05-17 20:00:00+00:00,75.69,78.39,10.0,False,99.9108,13.2,0.34104313742241443,34.09433703,5040,b434_stop,-0.32534937444337547
PENGU/USDT:USDT,2026-05-17 08:00:00+00:00,2026-05-17 20:00:00+00:00,0.00846,0.008563,10.0,False,99.999738,118203.0,0.11253355917932022,11.26007843,720,b434_stop,0.2924712304609572
ZRO/USDT:USDT,2026-05-17 12:00:00+00:00,2026-05-17 20:00:00+00:00,1.2936,1.2885,10.0,False,99.99528,773.0,-0.05286535772739523,-5.28945802,480,b434_stop,-0.1495800378965
NEAR/USDT:USDT,2026-05-17 16:00:00+00:00,2026-05-17 20:00:00+00:00,1.525,1.525,10.0,False,99.8875,655.0,-0.012992082112764628,-1.29852525,240,b434_stop,-0.099875249535
FET/USDT:USDT,2026-05-17 16:00:00+00:00,2026-05-17 20:00:00+00:00,0.1952,0.1962,10.0,False,99.98144,5122.0,0.04140412804010388,4.14212813,240,b434_stop,0.22297860748800002
ONDO/USDT:USDT,2026-05-17 16:00:00+00:00,2026-05-17 20:00:00+00:00,0.3517,0.355,10.0,False,99.998861,2843.3,0.08202651103590834,8.20747921,240,b434_stop,0.030205277727942452
MOVR/USDT:USDT,2026-05-17 16:00:00+00:00,2026-05-17 20:00:00+00:00,2.294,2.308,10.0,False,99.997754,435.91,0.047959974342726724,4.79876725,240,b434_stop,-0.10033806218039501
HYPE/USDT:USDT,2026-05-17 20:00:00+00:00,2026-05-17 20:00:00+00:00,46.709,46.709,10.0,False,99.95726,21.4,-0.012492617577812922,-1.24947706,0,b434_stop,-0.04998994143010001
BEAMX/USDT:USDT,2026-05-17 20:00:00+00:00,2026-05-17 20:00:00+00:00,0.001771,0.001771,10.0,False,99.9998692,564652.0,-0.012492546821962216,-1.2500026,0,b434_stop,-0.05000416949
MUBARAK/USDT:USDT,2026-05-17 20:00:00+00:00,2026-05-17 20:00:00+00:00,0.01411,0.01411,10.0,False,99.998981,70871.0,-0.01249321275456873,-1.25005813,0,b434_stop,-0.0500703615
ARB/USDT:USDT,2026-05-17 20:00:00+00:00,2026-05-17 20:00:00+00:00,0.1191,0.1191,10.0,False,99.999933,8396.3,-0.011992804357385594,-1.1999992,0,b434_stop,0.0
MUBARAK/USDT:USDT,2026-05-18 00:00:00+00:00,2026-05-18 00:00:00+00:00,0.01346,0.01346,10.0,True,99.999724,74294.0,-0.01150636885983941,-1.14994333,0,b434_stop,0.05005335368
NEAR/USDT:USDT,2026-05-18 04:00:00+00:00,2026-05-18 08:00:00+00:00,1.502,1.483,10.0,True,99.883,665.0,0.11540618994105031,11.5202002,240,b434_stop,0.07621519780000001
FET/USDT:USDT,2026-05-18 04:00:00+00:00,2026-05-18 12:00:00+00:00,0.1898,0.189,10.0,True,99.98664,5268.0,0.030013372203976926,2.99913568,480,b434_stop,-0.017953276032264
WLD/USDT:USDT,2026-05-18 08:00:00+00:00,2026-05-18 12:00:00+00:00,0.2334,0.2339,10.0,True,99.98856,4284.0,-0.040796120348131,-4.07669784,240,b434_stop,-0.7335499158140076
ENA/USDT:USDT,2026-05-18 12:00:00+00:00,2026-05-18 12:00:00+00:00,0.10414,0.10414,10.0,False,99.995228,9602.0,-0.011892223803136157,-1.18987913,0,b434_stop,0.0100636098165208
LYN/USDT:USDT,2026-05-07 04:00:00+00:00,2026-05-18 16:00:00+00:00,0.065,0.04553,10.0,True,99.996,15384.0,3.274577666616771,327.24820155,16560,b434_limit,28.74195765899544
BEAMX/USDT:USDT,2026-05-18 00:00:00+00:00,2026-05-18 20:00:00+00:00,0.001728,0.00173,10.0,True,99.9998784,578703.0,-0.020610384177696443,-2.05979929,1200,b434_stop,0.2982996951375
ARB/USDT:USDT,2026-05-18 00:00:00+00:00,2026-05-19 00:00:00+00:00,0.1164,0.1176,10.0,True,99.99924,8591.0,-0.1141553020409719,-11.40859418,1440,b434_stop,0.1067822218303896
SOL/USDT:USDT,2026-05-19 00:00:00+00:00,2026-05-19 00:00:00+00:00,85.34,85.34,10.0,False,99.93314,11.71,-0.01203147928602725,-1.20306491,0,b434_stop,-0.0038672269628646427
STRK/USDT:USDT,2026-05-18 00:00:00+00:00,2026-05-19 04:00:00+00:00,0.04077,0.0408,10.0,True,99.9998406,24527.8,-0.018235755103415005,-1.82247846,1680,b434_stop,0.11379513149719793
BR/USDT:USDT,2026-05-19 04:00:00+00:00,2026-05-19 04:00:00+00:00,0.12433,0.12433,10.0,True,99.998619,8043.0,-0.011506839717941595,-1.14997768,0,b434_stop,0.0500057439
ADA/USDT:USDT,2026-05-19 00:00:00+00:00,2026-05-19 08:00:00+00:00,0.2515,0.2524,10.0,False,99.9964,3976.0,0.022836406859797466,2.28492861,480,b434_stop,-0.09136754961600002
1000SHIB/USDT:USDT,2026-05-19 00:00:00+00:00,2026-05-19 08:00:00+00:00,0.005751,0.005774,10.0,False,99.9995382,173882.0,0.028373798029999422,2.83906912,480,b434_stop,0.042177147635048415
TAO/USDT:USDT,2026-05-19 04:00:00+00:00,2026-05-19 08:00:00+00:00,261.66,263.34,10.0,False,99.980286,3.821,0.052187242420434286,5.22082604,240,b434_stop,0.005161040748200001
BR/USDT:USDT,2026-05-19 08:00:00+00:00,2026-05-19 08:00:00+00:00,0.12714,0.12714,10.0,False,99.99561,7865.0,-0.012492237695662982,-1.24991843,0,b434_stop,-0.049971107257499994
BEAMX/USDT:USDT,2026-05-18 20:00:00+00:00,2026-05-19 12:00:00+00:00,0.00173,0.001716,10.0,False,99.999882,578034.0,-0.09532504772241299,-9.53821302,960,b434_stop,-0.25059392395200003
AIN/USDT:USDT,2026-05-18 08:00:00+00:00,2026-05-19 16:00:00+00:00,0.08298,0.0809,10.0,False,99.999198,12051.0,-0.2668643902024394,-26.70223673,1920,b434_stop,-0.4512060040995
SUI/USDT:USDT,2026-05-18 20:00:00+00:00,2026-05-20 00:00:00+00:00,1.0512,1.0517,10.0,False,99.990144,951.2,-0.006284342251052495,-0.62874931,1680,b434_stop,0.09581778185930065
US/USDT:USDT,2026-05-18 20:00:00+00:00,2026-05-20 00:00:00+00:00,0.005307,0.005363,10.0,True,99.999801,188430.0,-0.11505091706419267,-11.49816577,1680,b434_stop,0.26024309244120003
US/USDT:USDT,2026-05-20 04:00:00+00:00,2026-05-20 04:00:00+00:00,0.005731,0.005731,10.0,False,99.9996459,174489.0,-0.012492330063843655,-1.24997812,0,b434_stop,-0.04998237404999999
TRUMP/USDT:USDT,2026-05-15 08:00:00+00:00,2026-05-20 12:00:00+00:00,2.342,2.014,10.0,True,99.998716,426.98,1.3611903276938135,136.03561463,7440,b434_limit,-2.8978704391115695
BCH/USDT:USDT,2026-05-20 04:00:00+00:00,2026-05-20 12:00:00+00:00,369.71,367.08,10.0,False,99.969584,2.704,-0.08069167809985943,-8.07155352,480,b434_stop,0.23533457991680004
DOGE/USDT:USDT,2026-05-20 16:00:00+00:00,2026-05-20 20:00:00+00:00,0.10414,0.10419,10.0,False,99.995228,9602.0,-0.0071403674223229985,-0.71443107,240,b434_stop,0.005699727995999999
NIL/USDT:USDT,2026-05-09 08:00:00+00:00,2026-05-21 00:00:00+00:00,0.06856,0.06725,10.0,True,99.9995592,14585.7,0.1998408202619539,19.97200354,16800,b434_stop,2.0532668898918587
NEAR/USDT:USDT,2026-05-18 16:00:00+00:00,2026-05-21 04:00:00+00:00,1.515,1.736,10.0,False,99.99,660.0,1.4437754635947302,144.44972647,3600,b434_limit,-0.12287752942403402
QNT/USDT:USDT,2026-05-21 04:00:00+00:00,2026-05-21 04:00:00+00:00,74.33,74.33,10.0,False,99.6022,13.4,-0.011992804317409553,-1.1952264,0,b434_stop,0.0
BR/USDT:USDT,2026-05-21 12:00:00+00:00,2026-05-21 12:00:00+00:00,0.12272,0.12272,10.0,True,99.992256,8148.0,-0.011507107940536972,-1.14993131,0,b434_stop,0.049975758
PUMP/USDT:USDT,2026-05-15 16:00:00+00:00,2026-05-21 16:00:00+00:00,0.001799,0.001805,10.0,True,99.9999336,555864.0,-0.04371881440051549,-4.36925541,8640,b434_stop,0.16792890761686557
WLD/USDT:USDT,2026-05-18 20:00:00+00:00,2026-05-22 00:00:00+00:00,0.2378,0.2686,10.0,False,99.9949,4205.0,1.3118858659033263,131.26060511,4560,b434_limit,3.0242523095949974
VIRTUAL/USDT:USDT,2026-05-16 00:00:00+00:00,2026-05-22 04:00:00+00:00,0.7487,0.756,10.0,True,99.996372,1335.6,-0.10493155156347882,-10.4864788,8880,b434_stop,0.4692075964597325
FET/USDT:USDT,2026-05-18 16:00:00+00:00,2026-05-22 08:00:00+00:00,0.1891,0.2148,10.0,False,99.99608,5288.0,1.3588715926714898,135.96336159,5280,b434_limit,1.343255505014364
BR/USDT:USDT,2026-05-21 16:00:00+00:00,2026-05-22 12:00:00+00:00,0.12747,0.12902,10.0,False,99.987468,7844.0,0.10641781099524482,10.64683174,1200,b434_stop,-0.304223723674
MUBARAK/USDT:USDT,2026-05-18 16:00:00+00:00,2026-05-22 16:00:00+00:00,0.01359,0.01377,10.0,False,99.999297,73583.0,0.10760552990281366,10.76693363,5760,b434_stop,-1.2700678410439001
ZRO/USDT:USDT,2026-05-22 16:00:00+00:00,2026-05-22 16:00:00+00:00,1.3418,1.3418,10.0,True,99.990936,745.2,-0.011506571472748557,-1.14986252,0,b434_stop,0.050028715098000005
US/USDT:USDT,2026-05-22 16:00:00+00:00,2026-05-23 00:00:00+00:00,0.005993,0.005992,10.0,True,99.9997973,166861.0,-0.008842115681623679,-0.88367925,480,b434_stop,0.1493571976695
1000PEPE/USDT:USDT,2026-05-15 08:00:00+00:00,2026-05-23 04:00:00+00:00,0.0040457,0.0036183,10.0,True,99.99999432,247176.0,1.0461019378456462,104.54742173,11280,b434_limit,0.04101344458938722
AAVE/USDT:USDT,2026-05-15 12:00:00+00:00,2026-05-23 04:00:00+00:00,96.09,86.02,10.0,True,99.9336,10.4,1.0370872022481004,103.57767372,11040,b434_limit,-0.013959884603357705
XLM/USDT:USDT,2026-05-15 12:00:00+00:00,2026-05-23 04:00:00+00:00,0.15893,0.14438,10.0,True,99.998756,6292.0,0.8917761217117642,89.1229969,11040,b434_limit,-1.280547191482931
ETH/USDT:USDT,2026-05-15 16:00:00+00:00,2026-05-23 04:00:00+00:00,2221.92,2069.88,10.0,True,99.9864,0.45,0.6836767007637433,68.31735705,10800,b434_limit,1.058143047371641
LTC/USDT:USDT,2026-05-15 20:00:00+00:00,2026-05-23 04:00:00+00:00,57.23,52.92,10.0,True,99.997979,17.473,0.7423433898921892,74.18829901,10560,b434_limit,0.03445958409752762
BNB/USDT:USDT,2026-05-20 04:00:00+00:00,2026-05-23 04:00:00+00:00,640.49,652.74,10.0,False,99.91644,1.56,0.17602024181848086,17.59786832,4320,b434_stop,-0.30166839783151533
AIN/USDT:USDT,2026-05-23 00:00:00+00:00,2026-05-23 04:00:00+00:00,0.0938,0.0874,10.0,True,99.9908,10660.0,0.6720810168647983,67.16159739,240,b434_stop,0.09655259289000001
BEAMX/USDT:USDT,2026-05-23 04:00:00+00:00,2026-05-23 04:00:00+00:00,0.001796,0.001796,10.0,True,99.9998432,556792.0,-0.01150704065660789,-1.15001184,0,b434_stop,0.049986280195999995
ONDO/USDT:USDT,2026-05-23 00:00:00+00:00,2026-05-23 08:00:00+00:00,0.3836,0.3793,10.0,True,99.996848,2606.8,0.09830914142977326,9.82470591,480,b434_stop,-0.19129745367624196
BNB/USDT:USDT,2026-05-23 08:00:00+00:00,2026-05-23 08:00:00+00:00,636.99,636.99,10.0,True,99.37044,1.56,-0.012007204322593557,-1.19244528,0,b434_stop,0.0
WLD/USDT:USDT,2026-05-23 08:00:00+00:00,2026-05-23 08:00:00+00:00,0.2634,0.2634,10.0,True,99.98664,3796.0,-0.011878213705416682,-1.18695008,0,b434_stop,0.012889603421619598
FET/USDT:USDT,2026-05-23 08:00:00+00:00,2026-05-23 08:00:00+00:00,0.1925,0.1925,10.0,True,99.9845,5194.0,-0.012061236712022562,-1.20521316,0,b434_stop,-0.005399162999999999
TRUMP/USDT:USDT,2026-05-23 08:00:00+00:00,2026-05-23 08:00:00+00:00,1.977,1.977,10.0,True,99.998637,505.81,-0.012970254831401448,-1.2962296,0,b434_stop,-0.0962459567385
HYPE/USDT:USDT,2026-05-22 20:00:00+00:00,2026-05-23 12:00:00+00:00,55.677,55.037,10.0,True,99.995892,17.96,0.105100605605722,10.50332303,960,b434_stop,0.20197709758518
TAO/USDT:USDT,2026-05-23 00:00:00+00:00,2026-05-23 12:00:00+00:00,265.01,260.58,10.0,True,99.988273,3.773,0.1562166254071916,15.61045869,720,b434_stop,0.08589932838910502
MOVR/USDT:USDT,2026-05-23 00:00:00+00:00,2026-05-23 12:00:00+00:00,2.097,2.071,10.0,True,99.999639,476.87,0.11383794317430646,11.37692297,720,b434_stop,0.1708594679373926
VIRTUAL/USDT:USDT,2026-05-23 04:00:00+00:00,2026-05-23 12:00:00+00:00,0.7151,0.7005,10.0,True,99.999584,1398.4,0.19180869956517477,19.16928169,480,b434_stop,-0.05961328298239999
ARB/USDT:USDT,2026-05-23 08:00:00+00:00,2026-05-23 12:00:00+00:00,0.1041,0.1048,10.0,True,99.999501,9606.1,-0.0800284327619315,-7.99800166,240,b434_stop,-0.06970308842577053
XLM/USDT:USDT,2026-05-23 08:00:00+00:00,2026-05-23 12:00:00+00:00,0.14066,0.14117,10.0,True,99.995194,7109.0,-0.048985688552772196,-4.89539443,240,b434_stop,-0.0676867468186
NIL/USDT:USDT,2026-05-22 08:00:00+00:00,2026-05-23 16:00:00+00:00,0.05555,0.05415,10.0,True,99.999999,18001.8,0.2441754689216426,24.40289612,1920,b434_stop,0.38525459740758
SOL/USDT:USDT,2026-05-23 00:00:00+00:00,2026-05-23 16:00:00+00:00,84.36,84.05,10.0,True,99.9666,11.85,0.020987768269615063,2.09681699,960,b434_stop,-0.37928791043059407
ADA/USDT:USDT,2026-05-23 00:00:00+00:00,2026-05-23 16:00:00+00:00,0.2423,0.2421,10.0,True,99.99721,4127.0,-0.004162320951648287,-0.41597075,960,b434_stop,-0.04189946931391541
PUMP/USDT:USDT,2026-05-23 00:00:00+00:00,2026-05-23 16:00:00+00:00,0.001704,0.001706,10.0,True,99.9999216,586854.0,-0.02534333155618415,-2.53281057,960,b434_stop,-0.15839929077964737
ENA/USDT:USDT,2026-05-23 00:00:00+00:00,2026-05-23 16:00:00+00:00,0.09991,0.09787,10.0,True,99.999919,10009.0,0.19188617413902778,19.17708871,960,b434_stop,-0.0535232733831768
PENGU/USDT:USDT,2026-05-23 00:00:00+00:00,2026-05-23 16:00:00+00:00,0.008749,0.008873,10.0,True,99.9993202,114298.0,-0.15510965639662092,-15.50155368,960,b434_stop,-0.12010606356829279
DOGE/USDT:USDT,2026-05-23 04:00:00+00:00,2026-05-23 16:00:00+00:00,0.10165,0.10104,10.0,True,99.993105,9837.0,0.04809578418510804,4.80636125,720,b434_stop,0.0021081677985558002
FET/USDT:USDT,2026-05-23 16:00:00+00:00,2026-05-23 16:00:00+00:00,0.2089,0.2089,10.0,False,99.97954,4786.0,-0.011479936142526207,-1.14844739,0,b434_stop,0.051307085507778405
ZEC/USDT:USDT,2026-05-22 12:00:00+00:00,2026-05-23 20:00:00+00:00,644.56,614.83,10.0,True,99.971256,1.551,0.4490182969579608,44.86198976,1920,b434_stop,-0.07725190649600226
LIT/USDT:USDT,2026-05-22 16:00:00+00:00,2026-05-23 20:00:00+00:00,1.2639,1.2298,10.0,True,99.999768,791.2,0.26086498503466204,26.07078612,1680,b434_stop,0.27467537984160006
SUI/USDT:USDT,2026-05-22 20:00:00+00:00,2026-05-23 20:00:00+00:00,1.0561,1.0547,10.0,True,99.991548,946.8,0.002376457412112831,0.23748308,1440,b434_stop,0.11106634016047967
STRK/USDT:USDT,2026-05-22 20:00:00+00:00,2026-05-23 20:00:00+00:00,0.04081,0.04069,10.0,True,99.9995997,24503.7,0.015702971504182043,1.56934869,1440,b434_stop,-0.17286437931246978
MUBARAK/USDT:USDT,2026-05-22 20:00:00+00:00,2026-05-23 20:00:00+00:00,0.01327,0.01288,10.0,True,99.998739,75357.0,0.28565663064722274,28.54816367,1440,b434_stop,0.341284995513
BR/USDT:USDT,2026-05-23 00:00:00+00:00,2026-05-23 20:00:00+00:00,0.12232,0.12331,10.0,True,99.9966,8175.0,-0.08572733948439537,-8.56729901,1200,b434_stop,0.7307661421514999
1000SHIB/USDT:USDT,2026-05-23 00:00:00+00:00,2026-05-23 20:00:00+00:00,0.005653,0.005614,10.0,True,99.9998741,176897.0,0.053277472419543705,5.32454389,1200,b434_stop,-0.37858001001142694
NIL/USDT:USDT,2026-05-24 00:00:00+00:00,2026-05-24 00:00:00+00:00,0.06286,0.06286,10.0,False,99.9995738,15908.3,-0.011468606244780466,-1.14754385,0,b434_stop,0.052451037042927806
VIRTUAL/USDT:USDT,2026-05-24 00:00:00+00:00,2026-05-24 00:00:00+00:00,0.7672,0.7672,10.0,False,99.996848,1303.4,-0.012492309108372622,-1.24994105,0,b434_stop,-0.049978873000000014
WLD/USDT:USDT,2026-05-23 20:00:00+00:00,2026-05-24 04:00:00+00:00,0.3014,0.2997,10.0,False,99.97438,3317.0,-0.06898574350587117,-6.90094502,480,b434_stop,-0.0657357962878878
COLLECT/USDT:USDT,2026-05-22 00:00:00+00:00,2026-05-24 08:00:00+00:00,0.05187,0.05157,10.0,False,99.994986,19278.0,-0.07903366232808098,-7.90771174,3360,b434_stop,-0.9278419507056
ARB/USDT:USDT,2026-05-24 00:00:00+00:00,2026-05-24 08:00:00+00:00,0.1094,0.109,10.0,False,99.999258,9140.7,-0.046332178983648734,-4.63596343,480,b434_stop,0.21811390260660002
ETH/USDT:USDT,2026-05-24 00:00:00+00:00,2026-05-24 12:00:00+00:00,2116.82,2125.08,10.0,False,99.913904,0.472,0.02537498546431526,2.53683505,720,b434_stop,-0.1605788653188111
BEAMX/USDT:USDT,2026-05-24 00:00:00+00:00,2026-05-24 12:00:00+00:00,0.001899,0.001886,10.0,False,99.9998208,526592.0,-0.0823747457566597,-8.24240229,720,b434_stop,-0.20081585920000003
LTC/USDT:USDT,2026-05-24 00:00:00+00:00,2026-05-24 12:00:00+00:00,53.45,53.6,10.0,False,99.999605,18.709,0.016313861661420563,1.63235855,720,b434_stop,0.027687617480999988
SOL/USDT:USDT,2026-05-24 04:00:00+00:00,2026-05-24 12:00:00+00:00,85.77,86.62,10.0,False,99.92205,11.65,0.08641008732467262,8.63945363,480,b434_stop,-0.058040268545
BNB/USDT:USDT,2026-05-24 04:00:00+00:00,2026-05-24 12:00:00+00:00,657.61,661.78,10.0,False,99.95672,1.52,0.05090106715956004,5.09095646,480,b434_stop,-0.044159860800000006
DOGE/USDT:USDT,2026-05-24 04:00:00+00:00,2026-05-24 12:00:00+00:00,0.10295,0.10326,10.0,False,99.995335,9713.0,0.017789578534648156,1.77994219,480,b434_stop,-0.0293371702245732
ADA/USDT:USDT,2026-05-24 04:00:00+00:00,2026-05-24 12:00:00+00:00,0.2453,0.2456,10.0,False,99.98428,4076.0,-0.000776541820525296,-0.07768856,480,b434_stop,-0.09994352000000001
PUMP/USDT:USDT,2026-05-24 04:00:00+00:00,2026-05-24 12:00:00+00:00,0.001761,0.001776,10.0,False,99.9999699,567859.0,0.07166879220992388,7.17117719,480,b434_stop,-0.141597435516581
TAO/USDT:USDT,2026-05-24 04:00:00+00:00,2026-05-24 12:00:00+00:00,278.6,280.29,10.0,False,99.98954,3.589,0.04789124228422676,4.79149646,480,b434_stop,-0.070399812914617
AAVE/USDT:USDT,2026-05-24 04:00:00+00:00,2026-05-24 12:00:00+00:00,86.08,87.83,10.0,False,99.8528,11.6,0.19121589774471426,19.10489886,480,b434_stop,0.015312464
ENA/USDT:USDT,2026-05-24 08:00:00+00:00,2026-05-24 12:00:00+00:00,0.10106,0.1008,10.0,False,99.99887,9895.0,-0.037807733443658155,-3.78299906,240,b434_stop,-0.011856238817367002
SUI/USDT:USDT,2026-05-24 12:00:00+00:00,2026-05-24 12:00:00+00:00,1.0648,1.0648,10.0,False,99.995368,939.1,-0.011992804357387421,-1.19994442,0,b434_stop,0.0
COLLECT/USDT:USDT,2026-05-24 12:00:00+00:00,2026-05-24 12:00:00+00:00,0.05014,0.05014,10.0,True,99.999216,19944.0,-0.011506904102461163,-1.14999098,0,b434_stop,0.049999608
ZRO/USDT:USDT,2026-05-24 12:00:00+00:00,2026-05-24 12:00:00+00:00,1.3176,1.3176,10.0,False,99.992664,758.9,-0.012492504497301618,-1.2499083,0,b434_stop,-0.04999633200000001
TRUMP/USDT:USDT,2026-05-23 16:00:00+00:00,2026-05-24 20:00:00+00:00,2.059,2.071,10.0,False,99.999453,485.67,0.04786912262763065,4.78975821,1680,b434_stop,0.16520847095066535
LIT/USDT:USDT,2026-05-24 20:00:00+00:00,2026-05-24 20:00:00+00:00,1.3446,1.3446,10.0,False,99.997902,743.7,-0.01249257880427733,-1.24998121,0,b434_stop,-0.050006388000000006
HYPE/USDT:USDT,2026-05-24 08:00:00+00:00,2026-05-25 00:00:00+00:00,61.993,62.792,10.0,False,99.994709,16.13,0.1199318138113373,11.99974235,960,b434_stop,0.31954158126395
ZEC/USDT:USDT,2026-05-24 16:00:00+00:00,2026-05-25 00:00:00+00:00,660.17,662.68,10.0,False,99.949738,1.514,0.02703830056428543,2.70409254,480,b434_stop,0.10562948305644516
ZRO/USDT:USDT,2026-05-24 16:00:00+00:00,2026-05-25 04:00:00+00:00,1.2929,1.3003,10.0,True,99.992886,773.4,-0.06733648763612146,-6.72912983,720,b434_stop,0.19737869440543798
ARB/USDT:USDT,2026-05-25 00:00:00+00:00,2026-05-25 04:00:00+00:00,0.1056,0.1049,10.0,True,99.998976,9469.6,0.05369497078907243,5.36622043,240,b434_stop,-0.06648909019303992
NEAR/USDT:USDT,2026-05-25 04:00:00+00:00,2026-05-25 04:00:00+00:00,2.347,2.347,10.0,True,99.9822,426.0,-0.012007204322593557,-1.1997864,0,b434_stop,0.0
PUMP/USDT:USDT,2026-05-25 04:00:00+00:00,2026-05-25 04:00:00+00:00,0.00173,0.00173,10.0,True,99.999882,578034.0,-0.012394219247952377,-1.23867681,0,b434_stop,-0.0386782248220686
WLD/USDT:USDT,2026-05-25 04:00:00+00:00,2026-05-25 04:00:00+00:00,0.2887,0.2887,10.0,True,99.97681,3463.0,-0.012007204322593557,-1.19972172,0,b434_stop,0.0
ENA/USDT:USDT,2026-05-25 04:00:00+00:00,2026-05-25 04:00:00+00:00,0.09832,0.09832,10.0,True,99.99144,10170.0,-0.012258283749753376,-1.22498801,0,b434_stop,-0.025090728008930998
TAO/USDT:USDT,2026-05-25 04:00:00+00:00,2026-05-25 04:00:00+00:00,271.07,271.07,10.0,True,99.997723,3.689,-0.011506804935703838,-1.1499639,0,b434_stop,0.050008776451123005
VIRTUAL/USDT:USDT,2026-05-25 04:00:00+00:00,2026-05-25 04:00:00+00:00,0.741,0.741,10.0,True,99.99795,1349.5,-0.011870614670394419,-1.18632491,0,b434_stop,0.013650491817075748
LIT/USDT:USDT,2026-05-25 04:00:00+00:00,2026-05-25 04:00:00+00:00,1.2825,1.2825,10.0,True,99.996525,779.7,-0.01150690416750137,-1.14996004,0,b434_stop,0.0499982625
LIT/USDT:USDT,2026-05-25 08:00:00+00:00,2026-05-25 12:00:00+00:00,1.328,1.3005,10.0,False,99.9984,753.0,-0.2198117876262195,-21.99401556,240,b434_stop,-0.09895926
SUI/USDT:USDT,2026-05-24 16:00:00+00:00,2026-05-25 16:00:00+00:00,1.0434,1.0498,10.0,True,99.999456,958.4,-0.07133568414376833,-7.12924949,1440,b434_stop,0.20818423763834878
LIT/USDT:USDT,2026-05-25 12:00:00+00:00,2026-05-25 16:00:00+00:00,1.3005,1.2811,10.0,True,99.995445,768.9,0.13833839206821136,13.82490915,240,b434_stop,0.099244491126
1000PEPE/USDT:USDT,2026-05-25 08:00:00+00:00,2026-05-25 20:00:00+00:00,0.0036029,0.0036178,10.0,False,99.99993066,277554.0,0.027303798664614697,2.7320162,720,b434_stop,-0.20105789716800002
BR/USDT:USDT,2026-05-25 08:00:00+00:00,2026-05-25 20:00:00+00:00,0.1246,0.12397,10.0,False,99.9915,8025.0,-0.06738344266358383,-6.74181417,720,b434_stop,-0.489199616745
1000SHIB/USDT:USDT,2026-05-25 08:00:00+00:00,2026-05-25 20:00:00+00:00,0.005624,0.005605,10.0,False,99.9997816,177809.0,-0.04557217948166877,-4.55994232,720,b434_stop,0.01639903601942
SUI/USDT:USDT,2026-05-25 16:00:00+00:00,2026-05-25 20:00:00+00:00,1.0498,1.0537,10.0,False,99.99345,952.5,0.024829372776045553,2.48426431,240,b434_stop,-0.028335444345000002
LIT/USDT:USDT,2026-05-25 20:00:00+00:00,2026-05-25 20:00:00+00:00,1.3751,1.3751,10.0,False,99.997272,727.2,-0.01194545149654205,-1.19522927,0,b434_stop,0.00473799656815848
ONDO/USDT:USDT,2026-05-24 00:00:00+00:00,2026-05-26 00:00:00+00:00,0.4261,0.4273,10.0,False,99.997148,2346.8,0.01803444588347195,1.80447519,2880,b434_stop,0.18997065813928712
PUMP/USDT:USDT,2026-05-25 08:00:00+00:00,2026-05-26 00:00:00+00:00,0.001771,0.001788,10.0,False,99.9998692,564652.0,0.08135825732605491,8.14069658,960,b434_stop,-0.25262953969
ENA/USDT:USDT,2026-05-25 08:00:00+00:00,2026-05-26 00:00:00+00:00,0.09999,0.10011,10.0,False,99.999999,10001.0,-0.002518893489110582,-0.25204048,960,b434_stop,-0.251440421528
MUBARAK/USDT:USDT,2026-05-25 08:00:00+00:00,2026-05-26 00:00:00+00:00,0.01302,0.0132,10.0,False,99.998808,76804.0,0.12355092055827425,12.36235775,960,b434_stop,-0.254081725534
STRK/USDT:USDT,2026-05-25 12:00:00+00:00,2026-05-26 00:00:00+00:00,0.04056,0.04098,10.0,False,99.9998688,24654.8,0.09134431062926424,9.13989973,720,b434_stop,-0.008904837922360001
TAO/USDT:USDT,2026-05-25 12:00:00+00:00,2026-05-26 00:00:00+00:00,277.88,279.46,10.0,False,99.981224,3.598,0.043060856443603523,4.3078603,720,b434_stop,-0.17379411018459
SOL/USDT:USDT,2026-05-26 04:00:00+00:00,2026-05-26 04:00:00+00:00,84.16,84.16,10.0,True,99.98208,11.88,-0.012007204322593557,-1.19978496,0,b434_stop,0.0
1000SHIB/USDT:USDT,2026-05-26 04:00:00+00:00,2026-05-26 04:00:00+00:00,0.005504,0.005504,10.0,True,99.9999744,181686.0,-0.01200720429457674,-1.19999969,0,b434_stop,0.0
LIT/USDT:USDT,2026-05-26 04:00:00+00:00,2026-05-26 08:00:00+00:00,1.2306,1.2403,10.0,True,99.998556,812.6,-0.09120396477392453,-9.11479262,240,b434_stop,-0.027860611420100004
LTC/USDT:USDT,2026-05-26 08:00:00+00:00,2026-05-26 08:00:00+00:00,52.3,52.3,10.0,True,99.9976,19.12,-0.011846645035910718,-1.18392529,0,b434_stop,0.01604591109799997
TRUMP/USDT:USDT,2026-05-26 08:00:00+00:00,2026-05-26 08:00:00+00:00,2.05,2.05,10.0,True,99.999,487.8,-0.0124656793896336,-1.24580754,0,b434_stop,-0.045819541799999995
HYPE/USDT:USDT,2026-05-25 16:00:00+00:00,2026-05-26 12:00:00+00:00,62.575,61.175,10.0,True,99.99485,15.98,0.21270762474485566,21.25690523,1200,b434_stop,0.0714202269745931
WLD/USDT:USDT,2026-05-25 20:00:00+00:00,2026-05-26 12:00:00+00:00,0.3263,0.3983,10.0,False,99.97832,3064.0,2.1931140641708873,219.39541802,960,b434_limit,0.119522655578996
LTC/USDT:USDT,2026-05-26 12:00:00+00:00,2026-05-26 12:00:00+00:00,52.76,52.76,10.0,False,99.996028,18.953,-0.011992804357387157,-1.19995234,0,b434_stop,0.0
NIL/USDT:USDT,2026-05-26 12:00:00+00:00,2026-05-26 12:00:00+00:00,0.07863,0.07863,10.0,True,99.9992751,12717.7,-0.011866513276708558,-1.18593074,0,b434_stop,0.01406055663336025
1000SHIB/USDT:USDT,2026-05-26 12:00:00+00:00,2026-05-26 12:00:00+00:00,0.005598,0.005598,10.0,False,99.999873,178635.0,-0.01199280435738562,-1.19999848,0,b434_stop,0.0
ZRO/USDT:USDT,2026-05-25 08:00:00+00:00,2026-05-26 16:00:00+00:00,1.3213,1.3336,10.0,False,99.995984,756.8,0.07644352419939537,7.64863185,1920,b434_stop,-0.4544711592696
NEAR/USDT:USDT,2026-05-25 16:00:00+00:00,2026-05-26 16:00:00+00:00,2.711,2.762,10.0,False,99.7648,368.0,0.17805487951996493,17.77426761,1440,b434_stop,0.21470600731521278
US/USDT:USDT,2026-05-26 16:00:00+00:00,2026-05-26 20:00:00+00:00,0.006222,0.006212,10.0,False,99.999984,160720.0,-0.029045027133712438,-2.90624495,240,b434_stop,-0.10000946648
AIN/USDT:USDT,2026-05-26 12:00:00+00:00,2026-05-27 00:00:00+00:00,0.08243,0.08175,10.0,False,99.995833,12131.0,-0.09640084912412256,-9.64546702,720,b434_stop,-0.20138647624900002
DOGE/USDT:USDT,2026-05-27 00:00:00+00:00,2026-05-27 00:00:00+00:00,0.10099,0.10099,10.0,True,99.990199,9901.0,-0.012356886203479842,-1.23482617,0,b434_stop,-0.034943778547704
ENA/USDT:USDT,2026-05-27 00:00:00+00:00,2026-05-27 00:00:00+00:00,0.0968,0.0968,10.0,True,99.9944,10330.0,-0.011869098229636943,-1.18613125,0,b434_stop,0.013801550250687
LTC/USDT:USDT,2026-05-26 20:00:00+00:00,2026-05-27 04:00:00+00:00,51.91,51.99,10.0,True,99.999424,19.264,-0.027715357559210792,-2.76985688,480,b434_stop,-0.0278191173568
1000PEPE/USDT:USDT,2026-05-27 00:00:00+00:00,2026-05-27 04:00:00+00:00,0.0035126,0.0035105,10.0,True,99.99985814,284689.0,-0.007951958248828881,-0.79471758,240,b434_stop,-0.1929248945108562
1000SHIB/USDT:USDT,2026-05-27 04:00:00+00:00,2026-05-27 04:00:00+00:00,0.005511,0.005511,10.0,True,99.9998505,181455.0,-0.01200720436261763,-1.19999821,0,b434_stop,0.0
ETH/USDT:USDT,2026-05-26 20:00:00+00:00,2026-05-27 08:00:00+00:00,2073.65,2082.67,10.0,True,99.94993,0.482,-0.05451362947497854,-5.44536427,720,b434_stop,0.10428346943974243
1000SHIB/USDT:USDT,2026-05-27 08:00:00+00:00,2026-05-27 08:00:00+00:00,0.005544,0.005544,10.0,False,99.9999,180375.0,-0.011877103821936923,-1.18842182,0,b434_stop,0.0115769796748125
XLM/USDT:USDT,2026-05-23 20:00:00+00:00,2026-05-27 12:00:00+00:00,0.14605,0.14717,10.0,False,99.98583,6846.0,0.05922119746019021,5.92483335,5280,b434_limit,-0.5382561734167506
ADA/USDT:USDT,2026-05-27 00:00:00+00:00,2026-05-27 12:00:00+00:00,0.24,0.2395,10.0,True,99.984,4166.0,0.008523895542318189,0.85174182,720,b434_stop,-0.032699983692855594
TAO/USDT:USDT,2026-05-27 04:00:00+00:00,2026-05-27 12:00:00+00:00,274.6,276.71,10.0,True,99.98186,3.641,-0.0874320787101967,-8.73637688,480,b434_stop,0.1505249433223278
DOGE/USDT:USDT,2026-05-27 08:00:00+00:00,2026-05-27 12:00:00+00:00,0.10212,0.10166,10.0,False,99.995904,9792.0,-0.05775476519544624,-5.7787051,240,b434_stop,-0.0771368403456
AAVE/USDT:USDT,2026-05-27 08:00:00+00:00,2026-05-27 12:00:00+00:00,85.52,85.08,10.0,True,99.2032,11.6,0.04014418798128979,3.98004245,240,b434_stop,0.063418454027512
NEAR/USDT:USDT,2026-05-26 20:00:00+00:00,2026-05-27 16:00:00+00:00,2.651,2.579,10.0,True,99.9427,377.0,0.2628018826570695,26.24937064,1200,b434_stop,0.288396641156
1000PEPE/USDT:USDT,2026-05-27 16:00:00+00:00,2026-05-27 16:00:00+00:00,0.0035695,0.0035695,10.0,False,99.99989945,280151.0,-0.012308115114166731,-1.23154876,0,b434_stop,-0.031549968276475
AAVE/USDT:USDT,2026-05-27 16:00:00+00:00,2026-05-27 16:00:00+00:00,86.2,86.2,10.0,False,99.992,11.6,-0.012902158696781291,-1.29088672,0,b434_stop,-0.0909827208
MOVR/USDT:USDT,2026-05-27 16:00:00+00:00,2026-05-27 16:00:00+00:00,1.922,1.922,10.0,False,99.999738,520.29,-0.012492373525541323,-1.24998362,0,b434_stop,-0.049986760553595
XLM/USDT:USDT,2026-05-27 16:00:00+00:00,2026-05-27 16:00:00+00:00,0.16167,0.16167,10.0,False,99.992895,6185.0,-0.01277401862740345,-1.27807749,0,b434_stop,-0.07816275188072801
UNI/USDT:USDT,2026-05-11 16:00:00+00:00,2026-05-27 20:00:00+00:00,3.902,3.27,10.0,True,99.8912,256.0,1.6226736796899386,161.99356658,23280,b434_limit,1.3031857845364991
LYN/USDT:USDT,2026-05-20 20:00:00+00:00,2026-05-27 20:00:00+00:00,0.04185,0.04184,10.0,False,99.99639,23894.0,-0.09661759423135004,-9.66720748,10080,b434_stop,-8.228454160425104
ARB/USDT:USDT,2026-05-25 08:00:00+00:00,2026-05-27 20:00:00+00:00,0.1072,0.1092,10.0,False,99.999376,9328.3,0.17018904429025,17.02900951,3600,b434_stop,-0.4164040199268062
VIRTUAL/USDT:USDT,2026-05-25 08:00:00+00:00,2026-05-27 20:00:00+00:00,0.7531,0.7757,10.0,False,99.996618,1327.8,0.28285291937376045,28.30130593,3600,b434_stop,-0.489009688101534
LTC/USDT:USDT,2026-05-27 12:00:00+00:00,2026-05-27 20:00:00+00:00,52.16,52.42,10.0,False,99.995936,19.171,0.037250084600983654,3.72709199,480,b434_stop,-0.05442610369401458
ADA/USDT:USDT,2026-05-27 20:00:00+00:00,2026-05-27 20:00:00+00:00,0.2409,0.2409,10.0,False,99.99759,4151.0,-0.011992804317409556,-1.19997108,0,b434_stop,0.0
LINK/USDT:USDT,2026-05-15 12:00:00+00:00,2026-05-28 00:00:00+00:00,10.301,9.13,10.0,True,99.991807,97.07,1.1364184851935482,113.56435832,18000,b434_limit,1.0270886265033086
BTC/USDT:USDT,2026-05-15 16:00:00+00:00,2026-05-28 00:00:00+00:00,79118.1,74418.0,10.0,True,94.94172,0.012,0.6000780471973869,56.93825847,17760,b434_limit,1.6425183853254837
SAND/USDT:USDT,2026-05-15 08:00:00+00:00,2026-05-28 04:00:00+00:00,0.07757,0.06741,10.0,True,99.995487,12891.0,1.2776902069859375,127.68659653,18480,b434_limit,-2.1646011581335065
XRP/USDT:USDT,2026-05-15 20:00:00+00:00,2026-05-28 04:00:00+00:00,1.4339,1.2785,10.0,True,99.985847,697.3,1.0686166425541652,106.7824322,17760,b434_limit,-0.4431738929525273
BCH/USDT:USDT,2026-05-23 08:00:00+00:00,2026-05-28 08:00:00+00:00,356.59,326.34,10.0,True,99.987836,2.804,0.7768836234979866,77.63230499,7200,b434_limit,-6.039733581156192
LTC/USDT:USDT,2026-05-28 04:00:00+00:00,2026-05-28 12:00:00+00:00,50.98,50.7,10.0,True,99.99727,19.615,0.04271342743338302,4.2686634,480,b434_stop,-0.026864684384999997
DOGE/USDT:USDT,2026-05-28 04:00:00+00:00,2026-05-28 16:00:00+00:00,0.09817,0.0984,10.0,True,99.995962,10186.0,-0.03576161605725831,-3.57387159,720,b434_stop,-0.0297343795298924
ARB/USDT:USDT,2026-05-28 04:00:00+00:00,2026-05-28 16:00:00+00:00,0.1034,0.1019,10.0,True,99.999174,9671.1,0.13235883082646813,13.22783229,720,b434_stop,-0.08753161661730403
COLLECT/USDT:USDT,2026-05-26 04:00:00+00:00,2026-05-28 20:00:00+00:00,0.05174,0.05702,10.0,False,99.997898,19327.0,0.9636840893399378,96.4242031,3840,b434_stop,-4.361154185850539
US/USDT:USDT,2026-05-28 16:00:00+00:00,2026-05-28 20:00:00+00:00,0.006616,0.006517,10.0,True,99.9995168,151148.0,0.13094241778480534,13.086322,240,b434_stop,-0.6863139934487377
AIN/USDT:USDT,2026-05-29 00:00:00+00:00,2026-05-29 00:00:00+00:00,0.07751,0.07751,10.0,True,99.995651,12901.0,-0.011508327993682342,-1.15009228,0,b434_stop,0.0498555339205
COLLECT/USDT:USDT,2026-05-29 00:00:00+00:00,2026-05-29 00:00:00+00:00,0.05062,0.05062,10.0,True,99.99981,19755.0,-0.011506789423436227,-1.14998635,0,b434_stop,0.0500113727775
LIT/USDT:USDT,2026-05-29 08:00:00+00:00,2026-05-29 08:00:00+00:00,1.1953,1.1953,10.0,False,99.998798,836.6,-0.012492712524987001,-1.25000579,0,b434_stop,-0.050020216536100004
AVAX/USDT:USDT,2026-05-15 12:00:00+00:00,2026-05-29 12:00:00+00:00,9.771,8.869,10.0,True,99.6642,102.0,0.9210770794945395,91.74333122,20160,b434_limit,0.8800992238042434
ZRO/USDT:USDT,2026-05-27 00:00:00+00:00,2026-05-29 12:00:00+00:00,1.2829,1.1213,10.0,True,99.989226,779.4,1.2545599778789687,125.36721567,3600,b434_limit,0.540475760759888
PUMP/USDT:USDT,2026-05-28 04:00:00+00:00,2026-05-29 12:00:00+00:00,0.001714,0.001685,10.0,True,99.999902,583430.0,0.15882885287060683,15.87334,1920,b434_stop,0.14371713739510703
XRP/USDT:USDT,2026-05-29 04:00:00+00:00,2026-05-29 12:00:00+00:00,1.3117,1.311,10.0,False,99.990891,762.3,-0.01816242195449215,-1.8171664,480,b434_stop,-0.08398587651299999
LTC/USDT:USDT,2026-05-29 04:00:00+00:00,2026-05-29 12:00:00+00:00,51.66,51.64,10.0,False,99.998262,19.357,-0.01685948800091165,-1.68693105,480,b434_stop,-0.100044187430993
HYPE/USDT:USDT,2026-05-29 08:00:00+00:00,2026-05-29 12:00:00+00:00,62.85,62.212,10.0,False,99.99435,15.91,-0.1143769701940788,-11.44391302,240,b434_stop,-0.099491167842695
US/USDT:USDT,2026-05-29 12:00:00+00:00,2026-05-29 12:00:00+00:00,0.007087,0.007087,10.0,False,99.9996961,141103.0,-0.014000999374941557,-1.40093574,0,b434_stop,-0.20093938934334002
FET/USDT:USDT,2026-05-27 20:00:00+00:00,2026-05-29 16:00:00+00:00,0.2459,0.2439,10.0,True,99.98294,4066.0,0.07045690828155263,7.04026214,2640,b434_stop,0.10317822080590881
ETH/USDT:USDT,2026-05-29 16:00:00+00:00,2026-05-29 16:00:00+00:00,2030.83,2030.83,10.0,False,99.916836,0.492,-0.012651908901278004,-1.26489719,0,b434_stop,-0.065895153342
SOL/USDT:USDT,2026-05-29 16:00:00+00:00,2026-05-29 16:00:00+00:00,82.54,82.54,10.0,False,99.95594,12.11,-0.012625912567323015,-1.26279218,0,b434_stop,-0.06332090077373119
DOGE/USDT:USDT,2026-05-29 16:00:00+00:00,2026-05-29 16:00:00+00:00,0.10036,0.10036,10.0,False,99.998704,9964.0,-0.012282446108344856,-1.22896563,0,b434_stop,-0.0289811808179208
SAND/USDT:USDT,2026-05-29 16:00:00+00:00,2026-05-29 16:00:00+00:00,0.06881,0.06881,10.0,False,99.994692,14532.0,-0.01181912526042807,-1.1825589,0,b434_stop,0.0173774003154948
NIL/USDT:USDT,2026-05-29 16:00:00+00:00,2026-05-29 16:00:00+00:00,0.07286,0.07286,10.0,False,99.9996214,13724.9,-0.012492641640535214,-1.25000899,0,b434_stop,-0.0500135356
TRUMP/USDT:USDT,2026-05-29 16:00:00+00:00,2026-05-29 16:00:00+00:00,1.988,1.988,10.0,False,99.998388,503.01,-0.009419817947805114,-0.94253179,0,b434_stop,0.2574488628634666
FET/USDT:USDT,2026-05-29 20:00:00+00:00,2026-05-29 20:00:00+00:00,0.2517,0.2517,10.0,False,99.97524,3972.0,-0.011992804317409553,-1.19970288,0,b434_stop,0.0
ADA/USDT:USDT,2026-05-28 00:00:00+00:00,2026-05-30 00:00:00+00:00,0.237,0.2328,10.0,True,99.9903,4219.0,0.1631834047358267,16.30696754,2880,b434_stop,-0.223580740944
1000SHIB/USDT:USDT,2026-05-28 00:00:00+00:00,2026-05-30 00:00:00+00:00,0.00543,0.005419,10.0,True,99.999966,184162.0,0.00015783585514507928,0.01577411,2880,b434_stop,-0.8112237671304184
NIL/USDT:USDT,2026-05-30 00:00:00+00:00,2026-05-30 00:00:00+00:00,0.06298,0.06298,10.0,True,99.999644,15878.0,-0.011506824734558212,-1.14998797,0,b434_stop,0.050007761000000005
BNB/USDT:USDT,2026-05-26 16:00:00+00:00,2026-05-30 04:00:00+00:00,660.59,658.61,10.0,True,99.74909,1.51,0.0217153733757365,2.16478908,5040,b434_stop,0.37018428310175805
PENGU/USDT:USDT,2026-05-29 20:00:00+00:00,2026-05-30 04:00:00+00:00,0.007878,0.008022,10.0,False,99.999393,126935.0,0.1700195276211711,17.01205067,480,b434_stop,-0.0556294342617855
ENA/USDT:USDT,2026-05-30 04:00:00+00:00,2026-05-30 04:00:00+00:00,0.08804,0.08804,10.0,False,99.995832,11358.0,-0.012492504497301618,-1.2499479,0,b434_stop,-0.049997915999999996
AVAX/USDT:USDT,2026-05-30 04:00:00+00:00,2026-05-30 04:00:00+00:00,8.97,8.97,10.0,False,99.567,111.0,-0.011992804317409556,-1.194804,0,b434_stop,0.0
ARB/USDT:USDT,2026-05-30 04:00:00+00:00,2026-05-30 04:00:00+00:00,0.1055,0.1055,10.0,False,99.99923,9478.6,-0.011992804317409553,-1.19999076,0,b434_stop,0.0
ZRO/USDT:USDT,2026-05-30 04:00:00+00:00,2026-05-30 04:00:00+00:00,1.1436,1.1436,10.0,False,99.996384,874.4,-0.012492548172676641,-1.24995917,0,b434_stop,-0.050002564
LYN/USDT:USDT,2026-05-30 00:00:00+00:00,2026-05-30 12:00:00+00:00,0.03509,0.03488,10.0,False,99.999482,28498.0,-0.07566699289445952,-7.57120009,720,b434_stop,-0.39021705817499996
COLLECT/USDT:USDT,2026-05-30 12:00:00+00:00,2026-05-30 12:00:00+00:00,0.05629,0.05629,10.0,False,99.999185,17765.0,-0.012492770814682981,-1.25001646,0,b434_stop,-0.05002624000000001
MUBARAK/USDT:USDT,2026-05-28 00:00:00+00:00,2026-05-30 16:00:00+00:00,0.01274,0.01247,10.0,True,99.998808,78492.0,0.2082841796655725,20.81567279,3840,b434_stop,0.8101027845900001
WLD/USDT:USDT,2026-05-27 16:00:00+00:00,2026-05-30 20:00:00+00:00,0.3649,0.36,10.0,True,99.9826,2740.0,0.10832885672557295,10.82450215,4560,b434_stop,-1.409762252776462
ONDO/USDT:USDT,2026-05-31 00:00:00+00:00,2026-05-31 00:00:00+00:00,0.3757,0.3757,10.0,False,99.996312,2661.6,-0.009807915283774952,-0.98134381,0,b434_stop,0.21861193729439998
XLM/USDT:USDT,2026-05-31 04:00:00+00:00,2026-05-31 08:00:00+00:00,0.24082,0.23129,10.0,True,99.988464,4152.0,0.3851601301914902,38.48846287,240,b434_stop,0.096023304
BCH/USDT:USDT,2026-05-30 08:00:00+00:00,2026-05-31 16:00:00+00:00,301.83,299.24,10.0,False,99.996279,3.313,-0.08840971906804108,-8.84594732,1920,b434_stop,0.9295296239737874
TAO/USDT:USDT,2026-05-30 20:00:00+00:00,2026-05-31 16:00:00+00:00,253.37,253.25,10.0,False,99.979802,3.946,-0.016013459463503462,-1.60198312,1200,b434_stop,0.07101039606077961
US/USDT:USDT,2026-05-31 16:00:00+00:00,2026-05-31 16:00:00+00:00,0.007108,0.007108,10.0,True,99.9996088,140686.0,-0.011506657781705837,-1.14997088,0,b434_stop,0.05002442445
ARB/USDT:USDT,2026-05-31 16:00:00+00:00,2026-05-31 20:00:00+00:00,0.1011,0.101,10.0,True,99.999021,9891.1,-0.0026279198638173556,-0.26263174,240,b434_stop,-0.0523469544322455
LTC/USDT:USDT,2026-05-31 20:00:00+00:00,2026-05-31 20:00:00+00:00,51.6,51.6,10.0,True,99.99564,19.379,-0.012007204322593557,-1.19994768,0,b434_stop,0.0
BTC/USDT:USDT,2026-05-29 20:00:00+00:00,2026-06-01 04:00:00+00:00,73489.0,73731.4,10.0,False,95.5357,0.013,0.017324279276871087,1.6560802,3360,b434_stop,-0.34680068449773643
ARB/USDT:USDT,2026-06-01 04:00:00+00:00,2026-06-01 04:00:00+00:00,0.1036,0.1036,10.0,False,99.9999,9652.5,-0.011992804317409553,-1.1999988,0,b434_stop,0.0
ETH/USDT:USDT,2026-06-01 08:00:00+00:00,2026-06-01 08:00:00+00:00,1975.45,1975.45,10.0,True,99.95777,0.506,-0.011472968608787978,-1.14612427,0,b434_stop,0.05336897296346524
BNB/USDT:USDT,2026-06-01 08:00:00+00:00,2026-06-01 08:00:00+00:00,686.58,686.58,10.0,True,99.5541,1.45,-0.011089570367452381,-1.10334979,0,b434_stop,0.0912994124911441
DOGE/USDT:USDT,2026-06-01 08:00:00+00:00,2026-06-01 08:00:00+00:00,0.09916,0.09916,10.0,True,99.992944,10084.0,-0.011443365979024553,-1.1435693,0,b434_stop,0.056346023944000005
AIN/USDT:USDT,2026-06-01 08:00:00+00:00,2026-06-01 08:00:00+00:00,0.07368,0.07368,10.0,False,99.998496,13572.0,-0.01684022019675985,-1.68500709,0,b434_stop,-0.4850251358939999
DOT/USDT:USDT,2026-05-15 12:00:00+00:00,2026-06-01 12:00:00+00:00,1.337,1.157,10.0,True,99.99423,747.9,1.3387100058246904,133.78295826,24480,b434_limit,0.2801158243214688
LINK/USDT:USDT,2026-05-29 20:00:00+00:00,2026-06-01 12:00:00+00:00,8.996,8.997,10.0,False,99.999536,111.16,-0.01360760841213933,-1.36157098,3840,b434_stop,-0.2726698561409903
BCH/USDT:USDT,2026-06-01 12:00:00+00:00,2026-06-01 12:00:00+00:00,279.93,279.93,10.0,True,99.990996,3.572,-0.012007204302579748,-1.19989195,0,b434_stop,0.0
TRUMP/USDT:USDT,2026-06-01 12:00:00+00:00,2026-06-01 12:00:00+00:00,1.965,1.965,10.0,True,99.99885,508.9,-0.012229319944763915,-1.22218418,0,b434_stop,-0.022197980582883
SOL/USDT:USDT,2026-06-01 08:00:00+00:00,2026-06-01 16:00:00+00:00,80.67,79.57,10.0,True,99.95013,12.39,0.12456775391806646,12.44309286,480,b434_stop,0.005317017109255081
ARB/USDT:USDT,2026-06-01 08:00:00+00:00,2026-06-01 16:00:00+00:00,0.1007,0.0998,10.0,True,99.999128,9930.4,0.07737395416856097,7.73268555,480,b434_stop,-0.010047326011180774
SAND/USDT:USDT,2026-06-01 12:00:00+00:00,2026-06-01 16:00:00+00:00,0.06828,0.06794,10.0,True,99.99606,14645.0,0.038336683569194945,3.8312172,240,b434_stop,0.048882336807143996
AVAX/USDT:USDT,2026-06-01 12:00:00+00:00,2026-06-01 16:00:00+00:00,8.829,8.727,10.0,True,99.7677,113.0,0.10412418366055261,10.38199738,240,b434_stop,0.0462941783175704
1000SHIB/USDT:USDT,2026-06-01 12:00:00+00:00,2026-06-01 16:00:00+00:00,0.005437,0.005444,10.0,True,99.9994788,183924.0,-0.023895046994457016,-2.38805855,240,b434_stop,0.10017567799200001
FET/USDT:USDT,2026-06-01 16:00:00+00:00,2026-06-01 16:00:00+00:00,0.2607,0.2607,10.0,True,99.97845,3835.0,-0.012475953226715636,-1.24657807,0,b434_stop,-0.046836672918035005
NIL/USDT:USDT,2026-06-01 16:00:00+00:00,2026-06-01 20:00:00+00:00,0.06556,0.06438,10.0,False,99.9999792,15253.2,-0.19275522848005533,-19.28708415,240,b434_stop,-0.09910766700000001
AVAX/USDT:USDT,2026-06-01 20:00:00+00:00,2026-06-01 20:00:00+00:00,8.955,8.955,10.0,False,99.4005,111.0,-0.011992804317409556,-1.192806,0,b434_stop,0.0
US/USDT:USDT,2026-06-01 20:00:00+00:00,2026-06-01 20:00:00+00:00,0.008444,0.008444,10.0,False,99.9997588,118427.0,-0.015297895783193828,-1.53070376,0,b434_stop,-0.33070665496270996
1000SHIB/USDT:USDT,2026-06-01 20:00:00+00:00,2026-06-01 20:00:00+00:00,0.005537,0.005537,10.0,False,99.9998811,180603.0,-0.011992804285428704,-1.19999857,0,b434_stop,0.0
LIT/USDT:USDT,2026-06-01 04:00:00+00:00,2026-06-02 00:00:00+00:00,1.3549,1.3356,10.0,True,99.99162,738.0,0.1324430429935628,13.23524851,1200,b434_stop,0.18320190672578582
TRUMP/USDT:USDT,2026-06-01 16:00:00+00:00,2026-06-02 00:00:00+00:00,1.996,2.043,10.0,False,99.9996,501.0,0.22409518650667043,22.42287467,480,b434_stop,0.0899980741118748
ETH/USDT:USDT,2026-06-02 00:00:00+00:00,2026-06-02 00:00:00+00:00,2006.01,2006.01,10.0,False,99.899298,0.498,-0.012992229147168237,-1.29869332,0,b434_stop,-0.09990174746529001
DOGE/USDT:USDT,2026-06-02 00:00:00+00:00,2026-06-02 00:00:00+00:00,0.10106,0.10106,10.0,False,99.99887,9895.0,-0.012992139115789237,-1.29997875,0,b434_stop,-0.09999230961500001
BCH/USDT:USDT,2026-06-02 00:00:00+00:00,2026-06-02 00:00:00+00:00,293.36,293.36,10.0,False,99.977088,3.408,-0.005547171127752848,-0.55492277,0,b434_stop,0.6448022856288
ARB/USDT:USDT,2026-06-02 00:00:00+00:00,2026-06-02 00:00:00+00:00,0.1024,0.1024,10.0,False,99.999744,9765.6,-0.012991832379618574,-1.29995942,0,b434_stop,-0.09996248823600001
SUI/USDT:USDT,2026-05-26 20:00:00+00:00,2026-06-02 08:00:00+00:00,1.0061,0.8522,10.0,True,99.996279,993.9,1.5238323802099119,152.2861413,9360,b434_limit,0.43310992144582283
LIT/USDT:USDT,2026-06-02 08:00:00+00:00,2026-06-02 08:00:00+00:00,1.3645,1.3645,10.0,False,99.99056,732.8,-0.011253578827947294,-1.1259268,0,b434_stop,0.07395992184149153
FIL/USDT:USDT,2026-05-10 00:00:00+00:00,2026-06-02 12:00:00+00:00,1.199,0.933,10.0,True,99.9966,834.0,2.2116164443087163,221.02143246,33840,b434_limit,0.24428525658859745
AAVE/USDT:USDT,2026-05-27 20:00:00+00:00,2026-06-02 12:00:00+00:00,85.15,77.39,10.0,True,99.6255,11.7,0.9018535452893661,89.79370181,8160,b434_limit,0.14273260724702305
PUMP/USDT:USDT,2026-05-30 00:00:00+00:00,2026-06-02 12:00:00+00:00,0.001725,0.001807,10.0,False,99.999975,579710.0,0.45394657530955007,45.42188297,5040,b434_stop,-0.8858155950677851
XRP/USDT:USDT,2026-06-01 04:00:00+00:00,2026-06-02 12:00:00+00:00,1.3305,1.2603,10.0,True,99.987075,751.5,0.5171081897456319,51.67311287,1920,b434_limit,0.08600459372561475
BTC/USDT:USDT,2026-06-01 12:00:00+00:00,2026-06-02 12:00:00+00:00,72452.7,69430.2,10.0,True,94.18851,0.013,0.4082100662675867,38.42562869,1440,b434_limit,0.23981531484504748
HYPE/USDT:USDT,2026-06-02 12:00:00+00:00,2026-06-02 12:00:00+00:00,72.6,72.6,10.0,True,99.9702,13.77,-0.011506457941877124,-1.14961272,0,b434_stop,0.05002967873637
LIT/USDT:USDT,2026-06-02 12:00:00+00:00,2026-06-02 12:00:00+00:00,1.3085,1.3085,10.0,True,99.99557,764.2,-0.011506521746117677,-1.14991084,0,b434_stop,0.05003599500000001
PUMP/USDT:USDT,2026-06-02 16:00:00+00:00,2026-06-02 16:00:00+00:00,0.001698,0.001698,10.0,True,99.9999744,588928.0,-0.012273871363043629,-1.22665039,0,b434_stop,-0.0266506949442048
ENA/USDT:USDT,2026-06-02 16:00:00+00:00,2026-06-02 16:00:00+00:00,0.08296,0.08296,10.0,True,99.999984,12054.0,-0.012793719277333287,-1.2786041,0,b434_stop,-0.078604288803495
TAO/USDT:USDT,2026-06-02 16:00:00+00:00,2026-06-02 16:00:00+00:00,239.17,239.17,10.0,True,99.996977,4.181,-0.012412761669644386,-1.2404939,0,b434_stop,-0.04053018084324106
BCH/USDT:USDT,2026-06-02 16:00:00+00:00,2026-06-02 16:00:00+00:00,281.24,281.24,10.0,True,99.98082,3.555,-0.013662967965700889,-1.36521512,0,b434_stop,-0.16544527996728206
FIL/USDT:USDT,2026-06-02 16:00:00+00:00,2026-06-02 16:00:00+00:00,0.884,0.884,10.0,True,99.99808,1131.2,-0.012814299966918782,-1.28063655,0,b434_stop,-0.08065959384
ENA/USDT:USDT,2026-06-02 20:00:00+00:00,2026-06-02 20:00:00+00:00,0.0927,0.0927,10.0,False,99.99549,10787.0,-0.012201711300577619,-1.22084817,0,b434_stop,-0.020902290273900004
TRUMP/USDT:USDT,2026-06-02 20:00:00+00:00,2026-06-02 20:00:00+00:00,1.942,1.942,10.0,True,99.999406,514.93,-0.012812773726447076,-1.280501,0,b434_stop,-0.0805081255790994
ZEC/USDT:USDT,2026-05-26 04:00:00+00:00,2026-06-03 00:00:00+00:00,618.5,609.44,10.0,True,99.9496,1.616,0.1333657523608028,13.32185569,11280,b434_stop,-0.12849368754438303
WLD/USDT:USDT,2026-06-03 00:00:00+00:00,2026-06-03 00:00:00+00:00,0.3824,0.3824,10.0,True,99.9976,2615.0,-0.01163229458431557,-1.16250362,0,b434_stop,0.0374675790277035
AIN/USDT:USDT,2026-06-03 00:00:00+00:00,2026-06-03 04:00:00+00:00,0.06993,0.06958,10.0,True,99.9999,14300.0,0.039100998376563716,3.90774987,240,b434_stop,0.0997456746
NIL/USDT:USDT,2026-06-03 00:00:00+00:00,2026-06-03 04:00:00+00:00,0.05865,0.05942,10.0,True,99.999423,17050.2,-0.14244488724620294,-14.23585989,240,b434_stop,0.10066438080000001
BR/USDT:USDT,2026-05-28 08:00:00+00:00,2026-06-03 08:00:00+00:00,0.12087,0.11517,10.0,True,99.995751,8273.0,0.5111070713521094,51.07787032,8640,b434_stop,5.093425672499807
NEAR/USDT:USDT,2026-06-01 12:00:00+00:00,2026-06-03 12:00:00+00:00,2.318,2.948,10.0,False,99.9058,431.0,2.7015359110896897,270.06104589,2880,b434_limit,-0.10716651273943961
ADA/USDT:USDT,2026-06-01 12:00:00+00:00,2026-06-03 16:00:00+00:00,0.2302,0.2118,10.0,True,99.99888,4344.0,0.7877114044169591,78.72299605,3120,b434_limit,-0.054575145291926384
ETH/USDT:USDT,2026-06-02 12:00:00+00:00,2026-06-03 16:00:00+00:00,1977.53,1835.99,10.0,True,99.865265,0.505,0.7069564129601441,70.55802929,1680,b434_limit,0.2358258528340359
FIL/USDT:USDT,2026-06-03 12:00:00+00:00,2026-06-03 16:00:00+00:00,0.965,0.99,10.0,False,99.9933,1036.2,0.24573960287040209,24.58705722,240,b434_stop,-0.10248018
BR/USDT:USDT,2026-06-03 12:00:00+00:00,2026-06-03 20:00:00+00:00,0.12591,0.1275,10.0,False,99.997722,7942.0,0.11001272595797647,11.0076226,480,b434_stop,-0.4126080670184
AXS/USDT:USDT,2026-04-29 08:00:00+00:00,2026-06-04 00:00:00+00:00,1.466,1.12,10.0,True,99.9812,682.0,2.344560911832053,234.27136623,51360,b434_limit,-0.6424425672048866
BEAMX/USDT:USDT,2026-05-25 00:00:00+00:00,2026-06-04 00:00:00+00:00,0.00185,0.001579,10.0,True,99.9999,540540.0,1.4829591727730609,148.20679152,14400,b434_limit,2.83255851879
1000PEPE/USDT:USDT,2026-05-28 00:00:00+00:00,2026-06-04 00:00:00+00:00,0.00347,0.0031211,10.0,True,99.999848,288184.0,0.9945267572279994,99.39285304,10080,b434_limit,-0.014874818398887131
UNI/USDT:USDT,2026-05-28 00:00:00+00:00,2026-06-04 00:00:00+00:00,3.091,2.798,10.0,True,99.8393,323.0,0.9435741202893116,94.1492562,10080,b434_limit,0.6515443952931796
MOVR/USDT:USDT,2026-05-28 00:00:00+00:00,2026-06-04 00:00:00+00:00,1.817,1.511,10.0,True,99.998595,550.35,1.6937224991225055,169.26824831,10080,b434_limit,1.9600871898872252
AVAX/USDT:USDT,2026-06-02 08:00:00+00:00,2026-06-04 00:00:00+00:00,8.713,8.044,10.0,True,99.3282,114.0,0.756227904098759,75.06968765,2400,b434_limit,-0.0501335526080076
DOGE/USDT:USDT,2026-06-02 12:00:00+00:00,2026-06-04 00:00:00+00:00,0.09871,0.09136,10.0,True,99.99323,10130.0,0.7347355991145689,73.4245046,2160,b434_limit,0.12425005901645499
1000SHIB/USDT:USDT,2026-06-02 12:00:00+00:00,2026-06-04 00:00:00+00:00,0.005446,0.005195,10.0,True,99.9999966,183621.0,0.44902395713193366,44.87545275,2160,b434_limit,-0.04107161738799389
AIN/USDT:USDT,2026-06-03 08:00:00+00:00,2026-06-04 00:00:00+00:00,0.0712,0.07066,10.0,False,99.99328,14044.0,-0.09079306001839837,-9.08414309,960,b434_stop,-0.3050139858624384
PUMP/USDT:USDT,2026-06-04 00:00:00+00:00,2026-06-04 00:00:00+00:00,0.001763,0.001763,10.0,False,99.9998282,567214.0,-0.012492787902745535,-1.25002621,0,b434_stop,-0.050028274799999994
DOT/USDT:USDT,2026-06-04 00:00:00+00:00,2026-06-04 00:00:00+00:00,1.103,1.103,10.0,False,99.99798,906.6,-0.012071285315078294,-1.20782841,0,b434_stop,-0.007852649011545
LIT/USDT:USDT,2026-06-02 20:00:00+00:00,2026-06-04 08:00:00+00:00,1.5667,1.5411,10.0,False,99.986794,638.2,-0.1769107939807683,-17.69935636,2160,b434_stop,-0.17139758129897714
AIN/USDT:USDT,2026-06-04 08:00:00+00:00,2026-06-04 08:00:00+00:00,0.06594,0.06594,10.0,True,99.99801,15165.0,-0.008897727895283414,-0.88922123,0,b434_stop,0.31075488999475204
PUMP/USDT:USDT,2026-06-04 08:00:00+00:00,2026-06-04 12:00:00+00:00,0.001684,0.001659,10.0,True,99.9999616,593824.0,0.13707423414541126,13.6991937,240,b434_stop,0.044685884147027205
FIL/USDT:USDT,2026-06-04 08:00:00+00:00,2026-06-04 12:00:00+00:00,0.85,0.846,10.0,True,99.994,1176.4,0.03089554895006728,3.0875159,240,b434_stop,-0.42097945736400005
US/USDT:USDT,2026-06-04 12:00:00+00:00,2026-06-04 12:00:00+00:00,0.012232,0.012785,10.0,True,99.9990464,81752.0,-0.46241341067494457,-46.21315557,0,liquidation,0.22281430099104
ONDO/USDT:USDT,2026-06-04 12:00:00+00:00,2026-06-04 12:00:00+00:00,0.3623,0.3623,10.0,True,99.998423,2760.1,-0.012382529473010103,-1.23749048,0,b434_stop,-0.0375094084673
BR/USDT:USDT,2026-06-04 12:00:00+00:00,2026-06-04 12:00:00+00:00,0.10841,0.10841,10.0,True,99.997384,9224.0,-0.011507572100723739,-1.15003667,0,b434_stop,0.0499319333
AIN/USDT:USDT,2026-06-04 16:00:00+00:00,2026-06-04 16:00:00+00:00,0.07248,0.07248,10.0,False,99.993408,13796.0,-0.012492435534130743,-1.2499107,0,b434_stop,-0.049989806000000005
BCH/USDT:USDT,2026-06-04 20:00:00+00:00,2026-06-04 20:00:00+00:00,249.99,249.99,10.0,False,99.996,4.0,-0.011992804317409553,-1.199952,0,b434_stop,0.0
ORCA/USDT:USDT,2026-05-03 08:00:00+00:00,2026-06-05 04:00:00+00:00,2.033,1.076,10.0,True,99.98294,491.8,3.976671482292162,397.36074663,47280,b434_limit,-72.374449647269
QNT/USDT:USDT,2026-05-25 20:00:00+00:00,2026-06-05 04:00:00+00:00,79.56,67.7,10.0,True,99.45,12.5,1.4881675833051364,147.9094672,14880,b434_limit,0.7639171997434301
VIRTUAL/USDT:USDT,2026-05-27 20:00:00+00:00,2026-06-05 04:00:00+00:00,0.7757,0.6071,10.0,True,99.995487,1289.1,2.1435206331237957,214.21378417,12000,b434_limit,-2.0589353416730396
PENGU/USDT:USDT,2026-06-01 12:00:00+00:00,2026-06-05 04:00:00+00:00,0.007603,0.006609,10.0,True,99.9999781,131527.0,1.2898880571502833,128.9113842,5280,b434_limit,-0.7048967641597332
MUBARAK/USDT:USDT,2026-06-02 04:00:00+00:00,2026-06-05 04:00:00+00:00,0.01239,0.01035,10.0,True,99.99969,80710.0,1.64514924164766,164.41570552,4320,b434_limit,0.8685127636150001
ARB/USDT:USDT,2026-06-02 08:00:00+00:00,2026-06-05 04:00:00+00:00,0.0983,0.0859,10.0,True,99.999607,10172.9,1.2441056931176433,124.33543433,4080,b434_limit,-0.6842167579453456
SUI/USDT:USDT,2026-06-02 12:00:00+00:00,2026-06-05 04:00:00+00:00,0.8457,0.7302,10.0,True,99.995568,1182.4,1.3559103235833239,135.50367195,3840,b434_limit,0.0544784503814592
COLLECT/USDT:USDT,2026-06-03 12:00:00+00:00,2026-06-05 04:00:00+00:00,0.05856,0.04918,10.0,True,99.997056,17076.0,1.6132830137631518,161.22675774,2400,b434_limit,2.1577386815878534
ZEC/USDT:USDT,2026-06-04 08:00:00+00:00,2026-06-05 04:00:00+00:00,568.63,403.28,10.0,True,99.965154,1.758,2.8937876985590183,289.10436617,1200,b434_limit,-0.5557631608196875
AIN/USDT:USDT,2026-06-05 04:00:00+00:00,2026-06-05 04:00:00+00:00,0.06741,0.06741,10.0,True,99.995994,14834.0,-0.011507406353918871,-1.15000412,0,b434_stop,0.04994780616100001
BCH/USDT:USDT,2026-06-05 08:00:00+00:00,2026-06-05 08:00:00+00:00,225.49,225.49,10.0,True,99.982266,4.434,-0.01237824138506387,-1.23686206,0,b434_stop,-0.037074869434724
LYN/USDT:USDT,2026-06-04 04:00:00+00:00,2026-06-05 12:00:00+00:00,0.03377,0.03389,10.0,True,99.999724,29612.0,-0.026816237310793765,-2.68000736,1920,b434_stop,2.0755613891990428
STRK/USDT:USDT,2026-05-28 00:00:00+00:00,2026-06-05 16:00:00+00:00,0.03915,0.032,10.0,True,99.9996705,25542.7,1.8048883566528626,180.37994801,12480,b434_limit,-1.1599391268717638
WLD/USDT:USDT,2026-06-03 08:00:00+00:00,2026-06-06 00:00:00+00:00,0.4567,0.5301,10.0,False,99.97163,2189.0,1.595396033302979,159.59003855,3840,b434_stop,0.21350166639773394
LYN/USDT:USDT,2026-06-05 20:00:00+00:00,2026-06-06 00:00:00+00:00,0.03562,0.03664,10.0,False,99.999588,28074.0,0.270639664605676,27.08009327,240,b434_stop,-0.33821038646639995
BTC/USDT:USDT,2026-06-06 08:00:00+00:00,2026-06-06 08:00:00+00:00,60975.2,60975.2,10.0,False,97.56032,0.016,-0.012260143446528942,-1.19682118,0,b434_stop,-0.0260973428
BCH/USDT:USDT,2026-06-06 12:00:00+00:00,2026-06-06 16:00:00+00:00,219.52,217.18,10.0,False,99.99136,4.555,-0.11729966847108805,-11.73599075,240,b434_stop,0.11621034594566486
QNT/USDT:USDT,2026-06-07 00:00:00+00:00,2026-06-07 00:00:00+00:00,69.78,69.78,10.0,False,99.7854,14.3,-0.012261428656518516,-1.22424567,0,b434_stop,-0.02682086768350704
AVAX/USDT:USDT,2026-06-07 04:00:00+00:00,2026-06-07 12:00:00+00:00,6.75,6.724,10.0,False,99.9,148.0,-0.049786162636752285,-4.97662183,480,b434_stop,0.0678693664
AAVE/USDT:USDT,2026-06-07 08:00:00+00:00,2026-06-07 12:00:00+00:00,63.45,63.3,10.0,False,99.6165,15.7,-0.03425892214291217,-3.41480157,240,b434_stop,0.13418342549999998
TRUMP/USDT:USDT,2026-06-07 08:00:00+00:00,2026-06-07 12:00:00+00:00,1.628,1.635,10.0,False,99.9999,614.25,0.03381092937359178,3.38311821,240,b434_stop,0.285946856773189
VIRTUAL/USDT:USDT,2026-06-07 08:00:00+00:00,2026-06-07 12:00:00+00:00,0.5729,0.5707,10.0,False,99.999695,1745.5,-0.04618155610459561,-4.62091241,240,b434_stop,0.4168798667279239
HYPE/USDT:USDT,2026-06-07 12:00:00+00:00,2026-06-07 12:00:00+00:00,58.853,58.853,10.0,False,99.991247,16.99,-0.010970700221416763,-1.09763218,0,b434_stop,0.10226278587419999
ONDO/USDT:USDT,2026-06-07 12:00:00+00:00,2026-06-07 12:00:00+00:00,0.3434,0.3434,10.0,False,99.99808,2912.0,-0.011168898632340048,-1.11753854,0,b434_stop,0.082438417152
LTC/USDT:USDT,2026-06-07 12:00:00+00:00,2026-06-07 12:00:00+00:00,42.34,42.34,10.0,False,99.998612,23.618,-0.011992804277432986,-1.19998334,0,b434_stop,0.0
NIL/USDT:USDT,2026-06-07 04:00:00+00:00,2026-06-07 16:00:00+00:00,0.03954,0.03987,10.0,False,99.9998232,25290.8,0.08096373069134738,8.10121657,720,b434_stop,0.9602580258824576
ARB/USDT:USDT,2026-06-07 04:00:00+00:00,2026-06-07 16:00:00+00:00,0.0821,0.0818,10.0,False,99.999442,12180.2,-0.049377759937254836,-4.94071109,720,b434_stop,-0.08885022284880002
AXS/USDT:USDT,2026-06-07 04:00:00+00:00,2026-06-07 16:00:00+00:00,0.934,0.932,10.0,False,99.938,1070.0,-0.031446993838158466,-3.14463532,720,b434_stop,0.193336675984067
ORCA/USDT:USDT,2026-06-07 04:00:00+00:00,2026-06-07 16:00:00+00:00,1.029,1.03,10.0,False,99.99822,971.8,-0.004296521411121294,-0.42990228,720,b434_stop,-0.2011405605478
PUMP/USDT:USDT,2026-06-07 08:00:00+00:00,2026-06-07 16:00:00+00:00,0.001505,0.001512,10.0,False,99.9998755,664451.0,0.033066482103208956,3.30862808,480,b434_stop,-0.13973971858197332
STRK/USDT:USDT,2026-06-07 08:00:00+00:00,2026-06-07 16:00:00+00:00,0.03311,0.03343,10.0,False,99.9998153,30202.3,0.08901800231351191,8.90712486,480,b434_stop,0.44818548196732777
FIL/USDT:USDT,2026-06-07 08:00:00+00:00,2026-06-07 16:00:00+00:00,0.759,0.764,10.0,False,99.99825,1317.5,0.05613509549629191,5.61677936,480,b434_stop,0.23321086360644896
LIT/USDT:USDT,2026-06-04 12:00:00+00:00,2026-06-08 08:00:00+00:00,1.5125,1.5419,10.0,True,99.991375,661.1,-0.19677686073747855,-19.66418328,5520,b434_stop,0.9837150276055104
LIT/USDT:USDT,2026-06-08 08:00:00+00:00,2026-06-08 08:00:00+00:00,1.5419,1.5419,10.0,False,99.992215,648.5,-0.012492553196875412,-1.24990756,0,b434_stop,-0.0500009757895
LYN/USDT:USDT,2026-06-08 12:00:00+00:00,2026-06-08 16:00:00+00:00,0.03637,0.03598,10.0,True,99.999315,27495.0,0.10304898415250162,10.29864493,240,b434_stop,0.769152878091
SAND/USDT:USDT,2026-06-07 00:00:00+00:00,2026-06-09 00:00:00+00:00,0.05132,0.05206,10.0,False,99.99702,19485.0,0.13417421426206272,13.4250718,2880,b434_stop,0.21478737930513297
US/USDT:USDT,2026-06-09 04:00:00+00:00,2026-06-09 04:00:00+00:00,0.014001,0.014001,10.0,False,99.9993423,71423.0,-0.012972675467199001,-1.29803737,0,b434_stop,-0.09804526387286401
COLLECT/USDT:USDT,2026-06-07 04:00:00+00:00,2026-06-09 12:00:00+00:00,0.0432,0.04257,10.0,False,99.99936,23148.0,-0.19468186349340866,-19.47974259,3360,b434_stop,-3.705260215534704
XLM/USDT:USDT,2026-06-06 12:00:00+00:00,2026-06-09 16:00:00+00:00,0.19769,0.19497,10.0,False,99.991602,5058.0,-0.13736968871501315,-13.74405673,4560,b434_stop,1.205347835062917
1000SHIB/USDT:USDT,2026-06-07 04:00:00+00:00,2026-06-09 16:00:00+00:00,0.004643,0.004613,10.0,False,99.9995411,215377.0,-0.07053517397573948,-7.05771712,3600,b434_stop,0.5997105830651928
US/USDT:USDT,2026-06-09 12:00:00+00:00,2026-06-10 04:00:00+00:00,0.012364,0.01216,10.0,True,99.9987956,80879.0,0.15554492801589268,15.54497288,960,b434_stop,0.23574283360050002
FET/USDT:USDT,2026-06-07 00:00:00+00:00,2026-06-10 08:00:00+00:00,0.1999,0.1997,10.0,False,99.98998,5002.0,-0.015297242857689967,-1.53048875,4800,b434_stop,0.6691907687057704
COLLECT/USDT:USDT,2026-06-09 20:00:00+00:00,2026-06-10 12:00:00+00:00,0.04036,0.03944,10.0,True,99.999972,24777.0,0.22642303528157975,22.62871181,960,b434_stop,1.0201945669916257
BTC/USDT:USDT,2026-06-10 08:00:00+00:00,2026-06-10 12:00:00+00:00,61654.3,61003.1,10.0,True,98.64688,0.016,0.09340208838599717,9.20829631,240,b434_stop,-0.03339265172378818
ONDO/USDT:USDT,2026-06-10 08:00:00+00:00,2026-06-10 12:00:00+00:00,0.3485,0.3407,10.0,True,99.99859,2869.4,0.2122835267178388,21.21531652,240,b434_stop,0.020550803486400007
BCH/USDT:USDT,2026-06-10 12:00:00+00:00,2026-06-10 12:00:00+00:00,193.88,193.88,10.0,True,99.983916,5.157,-0.012007204302578331,-1.19980699,0,b434_stop,0.0
LIT/USDT:USDT,2026-06-10 12:00:00+00:00,2026-06-10 12:00:00+00:00,1.4262,1.4262,10.0,True,99.990882,701.1,-0.011506904112464744,-1.14989514,0,b434_stop,0.049995440999999995
BEAMX/USDT:USDT,2026-06-06 12:00:00+00:00,2026-06-10 16:00:00+00:00,0.001431,0.00144,10.0,False,99.9999972,698812.0,0.037516993654913164,3.75395028,6000,b434_stop,-1.331584169564
WLD/USDT:USDT,2026-06-08 08:00:00+00:00,2026-06-10 16:00:00+00:00,0.4722,0.4669,10.0,False,99.96474,2117.0,-0.11425806412737093,-11.42863074,3360,b434_stop,0.9843140803264674
BTC/USDT:USDT,2026-06-10 16:00:00+00:00,2026-06-10 16:00:00+00:00,62604.7,62604.7,10.0,False,93.90705,0.015,-0.012246851866411126,-1.15075577,0,b434_stop,-0.023871172109999998
BCH/USDT:USDT,2026-06-10 16:00:00+00:00,2026-06-10 16:00:00+00:00,201.91,201.91,10.0,False,99.985832,4.952,-0.012418548886350411,-1.24242395,0,b434_stop,-0.042593964431999996
MOVR/USDT:USDT,2026-06-06 20:00:00+00:00,2026-06-10 20:00:00+00:00,1.213,1.191,10.0,False,99.99972,824.4,-0.2060457539219147,-20.61688041,5760,b434_stop,-1.290965846658138
SOL/USDT:USDT,2026-06-07 04:00:00+00:00,2026-06-10 20:00:00+00:00,63.77,63.51,10.0,False,99.99136,15.68,-0.038445895181270104,-3.8465639,5280,b434_stop,1.4276863430791418
1000PEPE/USDT:USDT,2026-06-07 04:00:00+00:00,2026-06-10 20:00:00+00:00,0.0027263,0.0026906,10.0,False,99.99986611,366797.0,-0.14222521850849518,-14.23103631,5280,b434_stop,0.0557581873853906
COLLECT/USDT:USDT,2026-06-10 16:00:00+00:00,2026-06-10 20:00:00+00:00,0.04125,0.04627,10.0,False,99.99825,24242.0,1.1924652137338847,119.31598122,240,b434_limit,-1.1058628725156001
MOVR/USDT:USDT,2026-06-10 20:00:00+00:00,2026-06-11 00:00:00+00:00,1.191,1.187,10.0,True,99.999933,839.63,0.02261735916003448,2.26037736,240,b434_stop,0.09984144108268
SOL/USDT:USDT,2026-06-10 20:00:00+00:00,2026-06-11 00:00:00+00:00,63.51,63.16,10.0,True,99.96474,15.74,0.04234813117058246,4.23077993,240,b434_stop,-0.08194859473582637
STRK/USDT:USDT,2026-06-11 00:00:00+00:00,2026-06-11 00:00:00+00:00,0.0331,0.0331,10.0,True,99.999734,30211.4,-0.01150690413247946,-1.14999694,0,b434_stop,0.049999867
1000PEPE/USDT:USDT,2026-06-11 00:00:00+00:00,2026-06-11 00:00:00+00:00,0.0026894,0.0026894,10.0,True,99.9999602,371830.0,-0.013262702496886594,-1.32547396,0,b434_stop,-0.125474432994152
ARB/USDT:USDT,2026-06-11 00:00:00+00:00,2026-06-11 00:00:00+00:00,0.07747,0.07747,10.0,True,99.9998254,12908.2,-0.013304283385372448,-1.32962776,0,b434_stop,-0.1296298582082759
FIL/USDT:USDT,2026-06-11 00:00:00+00:00,2026-06-11 00:00:00+00:00,0.733,0.733,10.0,True,99.99586,1364.2,-0.015693435179499202,-1.56833698,0,b434_stop,-0.36838665812
VIRTUAL/USDT:USDT,2026-06-11 00:00:00+00:00,2026-06-11 00:00:00+00:00,0.5418,0.5418,10.0,True,99.994608,1845.6,-0.013281930590354627,-1.32732457,0,b434_stop,-0.12738927343287962
ORCA/USDT:USDT,2026-06-10 08:00:00+00:00,2026-06-11 04:00:00+00:00,0.994,1.005,10.0,True,99.9964,1006.0,-0.11983884081423889,-11.97626259,1200,b434_stop,0.29633381147800003
LYN/USDT:USDT,2026-06-11 04:00:00+00:00,2026-06-11 04:00:00+00:00,0.03629,0.03629,10.0,False,99.997095,27555.0,-0.017805439994384026,-1.78156057,0,b434_stop,-0.5815954298852776
MOVR/USDT:USDT,2026-06-11 04:00:00+00:00,2026-06-11 04:00:00+00:00,1.233,1.233,10.0,False,99.999999,811.03,-0.012493012817314696,-1.25005085,0,b434_stop,-0.050050860407844996
AIN/USDT:USDT,2026-06-07 00:00:00+00:00,2026-06-11 08:00:00+00:00,0.06339,0.0733,10.0,False,99.997725,15775.0,1.5000349908769939,150.09008656,6240,b434_limit,-4.94639259416406
BR/USDT:USDT,2026-06-07 08:00:00+00:00,2026-06-11 08:00:00+00:00,0.10394,0.12033,10.0,False,99.99028,9620.0,1.532058038467883,153.28282679,5760,b434_limit,-3.094486768230676
1000PEPE/USDT:USDT,2026-06-11 04:00:00+00:00,2026-06-11 12:00:00+00:00,0.0027726,0.0027655,10.0,False,99.99991872,360672.0,-0.0385644037217214,-3.8587511,480,b434_stop,-0.09951733958400003
US/USDT:USDT,2026-06-11 04:00:00+00:00,2026-06-11 12:00:00+00:00,0.012946,0.012652,10.0,False,99.9987878,77243.0,-0.24167399133506517,-24.18160644,480,b434_stop,-0.285804651222681
FIL/USDT:USDT,2026-06-11 04:00:00+00:00,2026-06-11 12:00:00+00:00,0.759,0.755,10.0,False,99.99825,1317.5,-0.06503042995736935,-6.50683095,480,b434_stop,-0.0400139506
STRK/USDT:USDT,2026-06-11 08:00:00+00:00,2026-06-11 12:00:00+00:00,0.03479,0.03444,10.0,False,99.9996802,28743.8,-0.11347008284534413,-11.35378018,240,b434_stop,-0.09949021071690001
HYPE/USDT:USDT,2026-06-10 00:00:00+00:00,2026-06-11 16:00:00+00:00,57.787,56.726,10.0,True,99.97151,17.3,0.17372722562502363,17.35735241,2400,b434_stop,0.19069734515575287
QNT/USDT:USDT,2026-06-09 12:00:00+00:00,2026-06-11 20:00:00+00:00,66.89,66.01,10.0,True,99.6661,14.9,0.12039357559779036,11.99195865,3360,b434_stop,0.06808464699368011
LYN/USDT:USDT,2026-06-11 16:00:00+00:00,2026-06-11 20:00:00+00:00,0.03512,0.03513,10.0,True,99.997176,28473.0,-0.0018657615144003438,-0.18645894,240,b434_stop,1.2984080136790208
XLM/USDT:USDT,2026-06-09 16:00:00+00:00,2026-06-12 00:00:00+00:00,0.19497,0.19189,10.0,True,99.980616,5128.0,0.14262875922592871,14.25155514,3360,b434_stop,-0.3523940106957192
LYN/USDT:USDT,2026-06-12 00:00:00+00:00,2026-06-12 00:00:00+00:00,0.03738,0.03738,10.0,False,99.998976,26752.0,-0.019343350984169127,-1.93547588,0,b434_stop,-0.7354881672613377
HYPE/USDT:USDT,2026-06-11 20:00:00+00:00,2026-06-12 04:00:00+00:00,58.664,59.23,10.0,False,99.963456,17.04,0.08424710777075912,8.42668503,480,b434_stop,-0.012606712633797272
BEAMX/USDT:USDT,2026-06-11 20:00:00+00:00,2026-06-12 04:00:00+00:00,0.001455,0.001453,10.0,False,99.9999675,687285.0,-0.027217243504808617,-2.7233565,480,b434_stop,-0.149611635225
ONDO/USDT:USDT,2026-06-11 20:00:00+00:00,2026-06-12 04:00:00+00:00,0.3626,0.3639,10.0,False,99.997828,2757.8,0.022550867578179798,2.2563908,480,b434_stop,-0.1266241829228
FET/USDT:USDT,2026-06-12 00:00:00+00:00,2026-06-12 04:00:00+00:00,0.1928,0.1923,10.0,False,99.98608,5186.0,-0.03796946814029094,-3.79869613,240,b434_stop,-0.007418967136000001
WLD/USDT:USDT,2026-06-11 20:00:00+00:00,2026-06-12 08:00:00+00:00,0.4981,0.4899,10.0,False,99.96867,2007.0,-0.17560106318467278,-17.5651375,720,b434_stop,0.082012097196
STRK/USDT:USDT,2026-06-12 04:00:00+00:00,2026-06-12 08:00:00+00:00,0.03384,0.03326,10.0,True,99.9999072,29550.8,0.1599414343972341,15.98453212,240,b434_stop,0.03478332386466253
PUMP/USDT:USDT,2026-06-10 04:00:00+00:00,2026-06-12 12:00:00+00:00,0.001484,0.001484,10.0,True,99.9999336,673854.0,-0.004697424271781331,-0.46946027,3360,b434_stop,0.7305389354070001
ORCA/USDT:USDT,2026-06-11 04:00:00+00:00,2026-06-12 16:00:00+00:00,1.005,1.092,10.0,False,99.9975,995.0,0.8498731575824875,85.03618219,2160,b434_limit,-0.276908807455
LIT/USDT:USDT,2026-06-12 00:00:00+00:00,2026-06-12 20:00:00+00:00,1.5566,1.5483,10.0,False,99.995984,642.4,-0.06816017614937214,-6.81983333,1200,b434_stop,-0.2911606761052
WLD/USDT:USDT,2026-06-12 12:00:00+00:00,2026-06-13 04:00:00+00:00,0.4779,0.4783,10.0,True,99.97668,2092.0,-0.024509065624169594,-2.44886481,960,b434_stop,-0.411842567655166
US/USDT:USDT,2026-06-12 20:00:00+00:00,2026-06-13 04:00:00+00:00,0.012698,0.012482,10.0,True,99.9992896,78752.0,0.15980095221615867,15.97039371,480,b434_stop,0.149746928
TAO/USDT:USDT,2026-06-06 20:00:00+00:00,2026-06-13 08:00:00+00:00,193.98,234.51,10.0,False,99.99669,5.155,2.075873137545166,207.70499088,9360,b434_limit,0.0981604504791253
US/USDT:USDT,2026-06-13 08:00:00+00:00,2026-06-13 08:00:00+00:00,0.013425,0.013425,10.0,False,99.9987975,74487.0,-0.012492367490357287,-1.24997126,0,b434_stop,-0.049985693142
WLD/USDT:USDT,2026-06-13 16:00:00+00:00,2026-06-13 16:00:00+00:00,0.5162,0.5162,10.0,False,99.98794,1937.0,-0.01299294962012195,-1.29991775,0,b434_stop,-0.100062473823
STRK/USDT:USDT,2026-06-13 16:00:00+00:00,2026-06-13 16:00:00+00:00,0.03493,0.03493,10.0,False,99.9996998,28628.6,-0.012492504522286701,-1.24999625,0,b434_stop,-0.049999849900000004
COLLECT/USDT:USDT,2026-06-12 20:00:00+00:00,2026-06-14 00:00:00+00:00,0.05202,0.05222,10.0,True,99.998046,19223.0,-0.04656788001842479,-4.65390299,1680,b434_stop,0.39298032562800006
AIN/USDT:USDT,2026-06-13 20:00:00+00:00,2026-06-14 00:00:00+00:00,0.1048,0.10547,10.0,True,99.98968,9541.0,-0.06343945819883416,-6.33948515,240,b434_stop,1.256696496794618
MOVR/USDT:USDT,2026-06-14 00:00:00+00:00,2026-06-14 00:00:00+00:00,1.318,1.318,10.0,True,99.999296,758.72,-0.011506904102461196,-1.1499919,0,b434_stop,0.049999648
AIN/USDT:USDT,2026-06-14 04:00:00+00:00,2026-06-14 08:00:00+00:00,0.11779,0.11973,10.0,False,99.991931,8489.0,0.13992785663923593,14.00005158,240,b434_stop,-1.2588240475039894
ORCA/USDT:USDT,2026-06-14 08:00:00+00:00,2026-06-14 20:00:00+00:00,1.12,1.095,10.0,True,99.9936,892.8,0.2080688120013265,20.79306623,720,b434_stop,-0.3404025714806006
BEAMX/USDT:USDT,2026-06-14 12:00:00+00:00,2026-06-14 20:00:00+00:00,0.001431,0.00139,10.0,True,99.9999972,698812.0,0.27632821135936325,27.61624067,480,b434_stop,0.14775785749800002
ONDO/USDT:USDT,2026-06-14 12:00:00+00:00,2026-06-14 20:00:00+00:00,0.3562,0.3455,10.0,True,99.999588,2807.4,0.28614695899351184,28.59740926,480,b434_stop,-0.2597991925810862
TRUMP/USDT:USDT,2026-06-14 12:00:00+00:00,2026-06-14 20:00:00+00:00,2.015,1.973,10.0,True,99.998405,496.27,0.18465847752204806,18.45447389,480,b434_stop,-1.2013912503353794
XLM/USDT:USDT,2026-06-14 12:00:00+00:00,2026-06-14 20:00:00+00:00,0.18375,0.18161,10.0,True,99.99675,5442.0,0.10165310510674445,10.15888115,480,b434_stop,-0.2940253791266448
SAND/USDT:USDT,2026-06-14 16:00:00+00:00,2026-06-14 20:00:00+00:00,0.05103,0.05107,10.0,True,99.998388,19596.0,-0.020554261993098368,-2.05415983,240,b434_stop,-0.06986887369559999
STRK/USDT:USDT,2026-06-14 16:00:00+00:00,2026-06-14 20:00:00+00:00,0.03354,0.0339,10.0,True,99.9998454,29815.1,-0.11996285266289042,-11.98906896,240,b434_stop,-0.049194753789754304
1000PEPE/USDT:USDT,2026-06-14 16:00:00+00:00,2026-06-14 20:00:00+00:00,0.002784,0.002773,10.0,True,99.999888,359195.0,0.026188458288447708,2.61727159,240,b434_stop,-0.1362454427713125
AXS/USDT:USDT,2026-06-14 16:00:00+00:00,2026-06-14 20:00:00+00:00,0.941,0.944,10.0,True,99.9342,1062.0,-0.045193806866523134,-4.51369709,240,b434_stop,-0.1265750852554692
1000SHIB/USDT:USDT,2026-06-14 16:00:00+00:00,2026-06-14 20:00:00+00:00,0.004883,0.00488,10.0,True,99.9999336,204792.0,-0.005402491179809676,-0.53992461,240,b434_stop,0.04532996990088
BTC/USDT:USDT,2026-06-14 20:00:00+00:00,2026-06-14 20:00:00+00:00,63777.4,63777.4,10.0,True,95.6661,0.015,-0.012007204322593557,-1.1479932,0,b434_stop,0.0
AAVE/USDT:USDT,2026-06-14 20:00:00+00:00,2026-06-14 20:00:00+00:00,65.45,65.45,10.0,True,99.484,15.2,-0.012007204322593557,-1.193808,0,b434_stop,0.0
AVAX/USDT:USDT,2026-06-14 20:00:00+00:00,2026-06-14 20:00:00+00:00,6.429,6.429,10.0,True,99.6495,155.0,-0.012007204322593557,-1.195794,0,b434_stop,0.0
BCH/USDT:USDT,2026-06-14 20:00:00+00:00,2026-06-14 20:00:00+00:00,198.9,198.9,10.0,True,99.98703,5.027,-0.012007204322593555,-1.19984436,0,b434_stop,0.0
FIL/USDT:USDT,2026-06-14 20:00:00+00:00,2026-06-14 20:00:00+00:00,0.757,0.757,10.0,True,99.9997,1321.0,-0.012007204322593557,-1.1999964,0,b434_stop,0.0
BTC/USDT:USDT,2026-06-15 00:00:00+00:00,2026-06-15 00:00:00+00:00,65702.1,65702.1,10.0,False,98.55315,0.015,-0.012273468849956051,-1.21031477,0,b434_stop,-0.027676967759999997
1000PEPE/USDT:USDT,2026-06-15 00:00:00+00:00,2026-06-15 00:00:00+00:00,0.0029174,0.0029174,10.0,False,99.9997198,342770.0,-0.012992605463845373,-1.30003646,0,b434_stop,-0.10003982389000002
AVAX/USDT:USDT,2026-06-15 00:00:00+00:00,2026-06-15 00:00:00+00:00,6.786,6.786,10.0,False,99.7542,147.0,-0.012374320737578645,-1.2351311,0,b434_stop,-0.0380807031789954
XLM/USDT:USDT,2026-06-15 00:00:00+00:00,2026-06-15 00:00:00+00:00,0.19088,0.19088,10.0,False,99.982944,5238.0,-0.011160700790793877,-1.11654925,0,b434_stop,0.08324608264972201
SAND/USDT:USDT,2026-06-15 00:00:00+00:00,2026-06-15 04:00:00+00:00,0.0535,0.05333,10.0,False,99.99685,18691.0,-0.04472979765542607,-4.47552257,240,b434_stop,-0.09999685000000001
NEAR/USDT:USDT,2026-06-04 08:00:00+00:00,2026-06-15 08:00:00+00:00,2.403,2.374,10.0,True,99.9648,416.0,0.11763047747099555,11.75185181,15840,b434_stop,0.8801910107925792
LYN/USDT:USDT,2026-06-13 08:00:00+00:00,2026-06-15 08:00:00+00:00,0.03525,0.0356,10.0,True,99.9972,28368.0,-0.06822405005727192,-6.81812065,2880,b434_stop,4.316603031713779
US/USDT:USDT,2026-06-13 12:00:00+00:00,2026-06-15 08:00:00+00:00,0.012837,0.012833,10.0,True,99.9989463,77899.0,0.003581912067202209,0.35797252,2640,b434_stop,1.2461769162897216
MOVR/USDT:USDT,2026-06-15 08:00:00+00:00,2026-06-15 08:00:00+00:00,1.432,1.432,10.0,False,99.999424,698.32,-0.012492902460817157,-1.25003262,0,b434_stop,-0.050039527413120004
ZRO/USDT:USDT,2026-06-04 16:00:00+00:00,2026-06-15 12:00:00+00:00,1.1464,1.1268,10.0,True,99.989008,872.2,0.1844890020649273,18.43580418,15600,b434_stop,2.530295204400054
AAVE/USDT:USDT,2026-06-15 00:00:00+00:00,2026-06-15 12:00:00+00:00,68.27,74.15,10.0,False,99.6742,14.6,0.8493480599489318,84.70888325,720,b434_limit,0.10848244961914955
US/USDT:USDT,2026-06-15 12:00:00+00:00,2026-06-15 12:00:00+00:00,0.015109,0.015109,10.0,False,99.9989165,66185.0,-0.016019048741288178,-1.60284865,0,b434_stop,-0.40286164858100004
XRP/USDT:USDT,2026-06-07 00:00:00+00:00,2026-06-15 16:00:00+00:00,1.0927,1.2679,10.0,False,99.992977,915.1,1.6017220901816498,160.2570567,12480,b434_limit,1.2276477354031954
COLLECT/USDT:USDT,2026-06-15 12:00:00+00:00,2026-06-15 16:00:00+00:00,0.05601,0.05463,10.0,False,99.994653,17853.0,-0.259936208203404,-26.00782628,240,b434_stop,-0.1855327267761
UNI/USDT:USDT,2026-06-04 04:00:00+00:00,2026-06-15 20:00:00+00:00,2.756,2.685,10.0,True,99.7672,362.0,0.2614721650750195,26.07069398,16800,b434_stop,1.5504791773490874
ONDO/USDT:USDT,2026-06-15 04:00:00+00:00,2026-06-15 20:00:00+00:00,0.3782,0.375,10.0,False,99.999862,2644.1,-0.098228811949924,-9.82876136,960,b434_stop,-0.1727196876116
1000SHIB/USDT:USDT,2026-06-15 12:00:00+00:00,2026-06-15 20:00:00+00:00,0.005063,0.005066,10.0,False,99.9998193,197511.0,-0.005680841166739113,-0.56842394,480,b434_stop,0.0393964070448123
FIL/USDT:USDT,2026-06-15 00:00:00+00:00,2026-06-16 00:00:00+00:00,0.794,0.794,10.0,False,99.99636,1259.4,-0.01556422314375881,-1.55729948,1440,b434_stop,-0.35734316352000006
BR/USDT:USDT,2026-06-13 04:00:00+00:00,2026-06-16 04:00:00+00:00,0.13255,0.11184,10.0,True,99.99572,7544.0,1.56282917656124,156.18246301,4320,b434_stop,1.0524299061656
1000SHIB/USDT:USDT,2026-06-16 04:00:00+00:00,2026-06-16 08:00:00+00:00,0.005024,0.005034,10.0,True,99.9997056,199044.0,-0.0314676889986911,-3.14487158,240,b434_stop,0.046759151851002004
ORCA/USDT:USDT,2026-06-16 08:00:00+00:00,2026-06-16 12:00:00+00:00,1.197,1.182,10.0,False,99.99738,835.4,-0.12437605267616597,-12.44474177,240,b434_stop,1.278708188083482
LTC/USDT:USDT,2026-06-16 16:00:00+00:00,2026-06-16 16:00:00+00:00,44.87,44.87,10.0,True,99.997282,22.286,-0.011807239772087792,-1.17998347,0,b434_stop,0.0199839096864
NIL/USDT:USDT,2026-06-16 16:00:00+00:00,2026-06-16 16:00:00+00:00,0.04046,0.04046,10.0,True,99.9997222,24715.7,-0.011506692662010065,-1.14997567,0,b434_stop,0.0500209930235
FIL/USDT:USDT,2026-06-16 16:00:00+00:00,2026-06-16 16:00:00+00:00,0.783,0.783,10.0,True,99.99693,1277.1,-0.011830183078555673,-1.1822722,0,b434_stop,0.017690955822323187
STRK/USDT:USDT,2026-06-15 00:00:00+00:00,2026-06-16 20:00:00+00:00,0.0358,0.03544,10.0,False,99.999782,27932.9,-0.1163378707462804,-11.64074197,2640,b434_stop,-0.390934091962939
BR/USDT:USDT,2026-06-16 08:00:00+00:00,2026-06-16 20:00:00+00:00,0.15279,0.18886,10.0,False,99.985776,6544.0,2.3297323122654117,233.07985717,720,b434_limit,-1.620768273170499
US/USDT:USDT,2026-06-16 16:00:00+00:00,2026-06-16 20:00:00+00:00,0.011881,0.01188,10.0,True,99.9988127,84167.0,-0.010163093450078736,-1.0156875,240,b434_stop,0.1000807492745
NEAR/USDT:USDT,2026-06-16 20:00:00+00:00,2026-06-16 20:00:00+00:00,2.302,2.302,10.0,True,99.9068,434.0,-0.012007204322593557,-1.1988816,0,b434_stop,0.0
ONDO/USDT:USDT,2026-06-16 20:00:00+00:00,2026-06-16 20:00:00+00:00,0.3668,0.3668,10.0,True,99.997016,2726.2,-0.012657794658762721,-1.26498225,0,b434_stop,-0.0650180598032
BTC/USDT:USDT,2026-06-16 20:00:00+00:00,2026-06-17 00:00:00+00:00,65653.2,65644.8,10.0,True,98.4798,0.015,-0.010530424721336593,-1.0364119,240,b434_stop,0.019270099179248712
SAND/USDT:USDT,2026-06-16 20:00:00+00:00,2026-06-17 00:00:00+00:00,0.05319,0.05322,10.0,True,99.9972,18800.0,-0.018686035016064702,-1.86743005,240,b434_stop,-0.10312524552
ORCA/USDT:USDT,2026-06-16 20:00:00+00:00,2026-06-17 00:00:00+00:00,1.144,1.145,10.0,True,99.99704,874.1,-0.023760565129818098,-2.37456059,240,b434_stop,-0.2999716485352885
1000PEPE/USDT:USDT,2026-06-17 00:00:00+00:00,2026-06-17 00:00:00+00:00,0.0029486,0.0029486,10.0,True,99.99999984,339144.0,-0.011006179825494617,-1.09995761,0,b434_stop,0.10004239284
MOVR/USDT:USDT,2026-06-17 00:00:00+00:00,2026-06-17 00:00:00+00:00,1.385,1.385,10.0,True,99.99977,722.02,-0.011507206274459163,-1.15002755,0,b434_stop,0.049969686874510005
ZRO/USDT:USDT,2026-06-17 00:00:00+00:00,2026-06-17 04:00:00+00:00,1.0756,1.0608,10.0,True,99.998532,929.7,0.12674939660269505,12.66714874,240,b434_stop,0.09931539169395001
1000PEPE/USDT:USDT,2026-06-17 04:00:00+00:00,2026-06-17 04:00:00+00:00,0.0029865,0.0029865,10.0,False,99.999966,334840.0,-0.01199280429742154,-1.19999959,0,b434_stop,0.0
FIL/USDT:USDT,2026-06-17 04:00:00+00:00,2026-06-17 08:00:00+00:00,0.816,0.815,10.0,False,99.99264,1225.4,-0.025231251483431187,-2.52445321,240,b434_stop,-0.09987676617600001
1000PEPE/USDT:USDT,2026-06-17 08:00:00+00:00,2026-06-17 12:00:00+00:00,0.002967,0.0029227,10.0,True,99.999768,337040.0,0.1384823478950167,13.83989374,240,b434_stop,0.10006043520000002
LIT/USDT:USDT,2026-06-17 08:00:00+00:00,2026-06-17 12:00:00+00:00,1.7549,1.7565,10.0,True,99.994202,569.8,-0.020134509303992534,-2.01212619,240,b434_stop,0.100031239
QNT/USDT:USDT,2026-06-17 12:00:00+00:00,2026-06-17 12:00:00+00:00,70.54,70.54,10.0,True,99.4614,14.1,-0.012007204322593557,-1.1935368,0,b434_stop,0.0
AAVE/USDT:USDT,2026-06-17 12:00:00+00:00,2026-06-17 12:00:00+00:00,74.48,74.48,10.0,True,99.8032,13.4,-0.012007204322593557,-1.1976384,0,b434_stop,0.0
AVAX/USDT:USDT,2026-06-17 12:00:00+00:00,2026-06-17 12:00:00+00:00,6.802,6.802,10.0,True,99.9894,147.0,-0.012007204322593557,-1.1998728,0,b434_stop,0.0
LYN/USDT:USDT,2026-06-15 08:00:00+00:00,2026-06-17 16:00:00+00:00,0.0356,0.03701,10.0,False,99.99684,28089.0,0.3495370884461504,34.97357587,3360,b434_stop,-3.408188760269989
PUMP/USDT:USDT,2026-06-16 16:00:00+00:00,2026-06-17 16:00:00+00:00,0.001525,0.001528,10.0,True,99.9998925,655737.0,-0.03134255190416985,-3.13237127,1440,b434_stop,0.036018765083064605
FET/USDT:USDT,2026-06-16 16:00:00+00:00,2026-06-17 16:00:00+00:00,0.2073,0.2108,10.0,True,99.98079,4823.0,-0.179909061331162,-17.97665761,1440,b434_stop,0.11374017280771602
AVAX/USDT:USDT,2026-06-17 16:00:00+00:00,2026-06-17 16:00:00+00:00,6.964,6.964,10.0,False,99.5852,143.0,-0.012100560203476168,-1.20575973,0,b434_stop,-0.0107373316788738
LIT/USDT:USDT,2026-06-17 16:00:00+00:00,2026-06-17 16:00:00+00:00,1.8467,1.8467,10.0,False,99.998805,541.5,-0.012492477388242908,-1.24998235,0,b434_stop,-0.049996695
AXS/USDT:USDT,2026-06-15 04:00:00+00:00,2026-06-17 20:00:00+00:00,0.986,0.981,10.0,False,99.9804,1014.0,-0.06996529634819418,-6.99935541,3840,b434_stop,-0.7326326136608388
WLD/USDT:USDT,2026-06-17 20:00:00+00:00,2026-06-17 20:00:00+00:00,0.6405,0.6405,10.0,True,99.98205,1561.0,-0.012007204322593557,-1.1997846,0,b434_stop,0.0
LYN/USDT:USDT,2026-06-17 20:00:00+00:00,2026-06-17 20:00:00+00:00,0.03531,0.03531,10.0,True,99.99792,28320.0,-0.010741845103381952,-1.07351767,0,b434_stop,0.12645736963200002
FIL/USDT:USDT,2026-06-17 20:00:00+00:00,2026-06-17 20:00:00+00:00,0.785,0.785,10.0,True,99.9933,1273.8,-0.012007204322593557,-1.1999196,0,b434_stop,0.0
HYPE/USDT:USDT,2026-06-17 20:00:00+00:00,2026-06-18 00:00:00+00:00,72.26,71.159,10.0,True,99.93558,13.83,0.14153509596024846,14.13590527,240,b434_stop,0.09916613313807
BCH/USDT:USDT,2026-06-15 00:00:00+00:00,2026-06-18 04:00:00+00:00,210.51,211.39,10.0,False,99.99225,4.75,0.03831982017582977,3.83398405,4560,b434_stop,0.8563990459338691
BEAMX/USDT:USDT,2026-06-15 04:00:00+00:00,2026-06-18 12:00:00+00:00,0.001471,0.0015,10.0,False,99.9999039,679809.0,0.1739839169486941,17.408814,4800,b434_stop,-1.09381947909
US/USDT:USDT,2026-06-17 16:00:00+00:00,2026-06-19 12:00:00+00:00,0.014302,0.014863,10.0,False,99.999584,69920.0,0.35290501995376167,35.3115294,2640,b434_stop,-2.6900605170558562
AVAX/USDT:USDT,2026-06-17 20:00:00+00:00,2026-06-19 16:00:00+00:00,6.73,6.119,10.0,True,99.604,148.0,0.8884984696492366,88.44490277,2640,b434_limit,-0.8421060291135825
QNT/USDT:USDT,2026-06-20 00:00:00+00:00,2026-06-20 00:00:00+00:00,71.84,71.84,10.0,False,99.8576,13.9,-0.012992622021441925,-1.2981905,0,b434_stop,-0.09989930000000001
LYN/USDT:USDT,2026-06-19 16:00:00+00:00,2026-06-20 04:00:00+00:00,0.03732,0.03992,10.0,False,99.99894,26795.0,0.6781200747407914,67.85197544,720,b434_stop,-0.573237082234523
AXS/USDT:USDT,2026-06-20 04:00:00+00:00,2026-06-20 04:00:00+00:00,1.126,1.126,10.0,False,99.9888,888.0,0.017091045418354097,1.70993847,0,b434_stop,2.9098040654399995
US/USDT:USDT,2026-06-19 16:00:00+00:00,2026-06-20 08:00:00+00:00,0.013653,0.01415,10.0,True,99.9986679,73243.0,-0.3695230338832145,-36.92964006,960,b434_stop,0.6939560155144532
SUI/USDT:USDT,2026-06-06 16:00:00+00:00,2026-06-20 12:00:00+00:00,0.7154,0.7169,10.0,False,99.998612,1397.8,-0.0030168640807494347,-0.30186323,19920,b434_stop,-1.1973218698941077
BTC/USDT:USDT,2026-06-20 08:00:00+00:00,2026-06-20 12:00:00+00:00,63625.0,63651.4,10.0,False,95.4375,0.015,-0.00811160978592936,-0.77461625,240,b434_stop,-0.025128654255
QNT/USDT:USDT,2026-06-20 12:00:00+00:00,2026-06-20 12:00:00+00:00,70.54,70.54,10.0,True,99.4614,14.1,-0.012007204322593557,-1.1935368,0,b434_stop,0.0
STRK/USDT:USDT,2026-06-20 12:00:00+00:00,2026-06-20 12:00:00+00:00,0.03438,0.03438,10.0,False,99.9997308,29086.6,-0.012273036137154395,-1.22803669,0,b434_stop,-0.02803992451632
LTC/USDT:USDT,2026-06-20 12:00:00+00:00,2026-06-20 12:00:00+00:00,44.22,44.22,10.0,False,99.999108,22.614,-0.011992804357385924,-1.1999893,0,b434_stop,0.0
SAND/USDT:USDT,2026-06-20 04:00:00+00:00,2026-06-20 16:00:00+00:00,0.05433,0.06056,10.0,False,99.999798,18406.0,1.1442538196877388,114.49380592,720,b434_limit,1.0932251212353683
AAVE/USDT:USDT,2026-06-20 16:00:00+00:00,2026-06-20 16:00:00+00:00,75.77,75.77,10.0,False,99.2587,13.1,-0.012251880455456917,-1.21683539,0,b434_stop,-0.02573098725
BCH/USDT:USDT,2026-06-20 16:00:00+00:00,2026-06-20 16:00:00+00:00,200.04,200.04,10.0,False,99.999996,4.999,-0.010248125634790106,-1.02542741,0,b434_stop,0.1745725375082
AAVE/USDT:USDT,2026-06-20 20:00:00+00:00,2026-06-20 20:00:00+00:00,74.0,74.0,10.0,True,99.9,13.5,-0.012007204322593557,-1.1988,0,b434_stop,0.0
US/USDT:USDT,2026-06-20 20:00:00+00:00,2026-06-20 20:00:00+00:00,0.016759,0.016759,10.0,False,99.9992771,59669.0,-0.01462989528579725,-1.46385674,0,b434_stop,-0.263865410660565
BEAMX/USDT:USDT,2026-06-21 00:00:00+00:00,2026-06-21 00:00:00+00:00,0.001468,0.001468,10.0,False,99.9998664,681198.0,-0.012492844893518932,-1.25003239,0,b434_stop,-0.0500339931
SUI/USDT:USDT,2026-06-21 00:00:00+00:00,2026-06-21 04:00:00+00:00,0.7137,0.7115,10.0,False,99.996507,1401.1,-0.04244804617217564,-4.24720314,240,b434_stop,0.03332549355978909
LYN/USDT:USDT,2026-06-21 00:00:00+00:00,2026-06-21 04:00:00+00:00,0.03639,0.03676,10.0,True,99.99972,27480.0,-0.109728989750677,-10.96628453,240,b434_stop,0.40741267485
1000SHIB/USDT:USDT,2026-06-21 00:00:00+00:00,2026-06-21 04:00:00+00:00,0.004742,0.004724,10.0,False,99.9997702,210881.0,-0.048346642581695985,-4.83755394,240,b434_stop,0.15602378829328828
AAVE/USDT:USDT,2026-06-21 00:00:00+00:00,2026-06-21 08:00:00+00:00,75.93,75.82,10.0,False,99.4683,13.1,-0.027843034016302018,-2.77116096,480,b434_stop,-0.13740596360588148
MOVR/USDT:USDT,2026-06-20 20:00:00+00:00,2026-06-21 12:00:00+00:00,1.276,1.263,10.0,False,99.998844,783.69,-0.11624924270192921,-11.63176476,960,b434_stop,-0.24992141612581503
NEAR/USDT:USDT,2026-06-21 00:00:00+00:00,2026-06-21 16:00:00+00:00,2.192,2.202,10.0,False,99.9552,456.0,0.03511430386453747,3.51196318,960,b434_stop,0.1541615788616976
FET/USDT:USDT,2026-06-21 16:00:00+00:00,2026-06-21 16:00:00+00:00,0.1889,0.1889,10.0,False,99.98477,5293.0,-0.012613660516822918,-1.26193065,0,b434_stop,-0.062113407929999996
1000PEPE/USDT:USDT,2026-06-21 00:00:00+00:00,2026-06-21 20:00:00+00:00,0.0028363,0.0028418,10.0,False,99.99999636,352572.0,0.006130107258914438,0.61337851,1200,b434_stop,-0.12460404510655201
FIL/USDT:USDT,2026-06-21 04:00:00+00:00,2026-06-21 20:00:00+00:00,0.795,0.802,10.0,False,99.9951,1257.8,0.07479091340556639,7.4832121,960,b434_stop,-0.11616393944049697
WLD/USDT:USDT,2026-06-21 20:00:00+00:00,2026-06-21 20:00:00+00:00,0.6408,0.6408,10.0,False,99.9648,1560.0,-0.011992804317409556,-1.1995776,0,b434_stop,0.0
ZRO/USDT:USDT,2026-06-21 20:00:00+00:00,2026-06-21 20:00:00+00:00,0.9257,0.9257,10.0,False,99.994114,1080.2,-0.012493029363294174,-1.24997894,0,b434_stop,-0.05004957416360001
AAVE/USDT:USDT,2026-06-21 16:00:00+00:00,2026-06-22 00:00:00+00:00,75.04,73.92,10.0,True,99.8032,13.3,0.13799116838042935,13.763697,480,b434_stop,0.056397801721732026
WLD/USDT:USDT,2026-06-22 00:00:00+00:00,2026-06-22 00:00:00+00:00,0.6049,0.6049,10.0,True,99.98997,1653.0,-0.012294624285496644,-1.22860151,0,b434_stop,-0.0287218668
STRK/USDT:USDT,2026-06-22 00:00:00+00:00,2026-06-22 00:00:00+00:00,0.03336,0.03336,10.0,True,99.999936,29976.0,-0.012648099249476335,-1.26405023,0,b434_stop,-0.064050995787912
FET/USDT:USDT,2026-06-22 00:00:00+00:00,2026-06-22 00:00:00+00:00,0.1791,0.1791,10.0,True,99.99153,5583.0,-0.012805617855764343,-1.27968505,0,b434_stop,-0.0797866916170527
MOVR/USDT:USDT,2026-06-22 00:00:00+00:00,2026-06-22 00:00:00+00:00,1.207,1.207,10.0,True,99.99995,828.5,-0.011506851360790098,-1.14999415,0,b434_stop,0.05000525047375
AXS/USDT:USDT,2026-06-22 00:00:00+00:00,2026-06-22 00:00:00+00:00,1.052,1.052,10.0,True,99.94,950.0,-0.015401140724458692,-1.53826649,0,b434_stop,-0.33898648600000003
NEAR/USDT:USDT,2026-06-22 04:00:00+00:00,2026-06-22 04:00:00+00:00,2.14,2.14,10.0,True,99.938,467.0,-0.012007204322593557,-1.199256,0,b434_stop,0.0
SAND/USDT:USDT,2026-06-22 04:00:00+00:00,2026-06-22 08:00:00+00:00,0.05511,0.05578,10.0,True,99.997095,18145.0,-0.13407175019759118,-13.39874147,240,b434_stop,-0.034332037559104
WLD/USDT:USDT,2026-06-22 04:00:00+00:00,2026-06-22 08:00:00+00:00,0.6324,0.6389,10.0,False,99.98244,1581.0,0.08980209325317191,8.98401958,240,b434_stop,-0.086525243094
NEAR/USDT:USDT,2026-06-22 08:00:00+00:00,2026-06-22 12:00:00+00:00,2.17,2.164,10.0,False,99.82,460.0,-0.040377753111707416,-4.03292562,240,b434_stop,-0.07674161599999998
FET/USDT:USDT,2026-06-22 12:00:00+00:00,2026-06-22 12:00:00+00:00,0.1861,0.1861,10.0,False,99.99153,5373.0,-0.011992804317409553,-1.19989836,0,b434_stop,0.0
AAVE/USDT:USDT,2026-06-22 12:00:00+00:00,2026-06-22 12:00:00+00:00,76.63,76.63,10.0,False,99.619,13.0,-0.011992804317409553,-1.195428,0,b434_stop,0.0
ONDO/USDT:USDT,2026-06-22 12:00:00+00:00,2026-06-22 12:00:00+00:00,0.3393,0.3393,10.0,False,99.998496,2947.2,-0.011420047931816318,-1.14267281,0,b434_stop,0.05730913805759999
NIL/USDT:USDT,2026-06-22 12:00:00+00:00,2026-06-22 12:00:00+00:00,0.04127,0.04127,10.0,False,99.9996862,24230.6,-0.012445932419317542,-1.24533609,0,b434_stop,-0.04533985772308
STRK/USDT:USDT,2026-06-22 08:00:00+00:00,2026-06-22 16:00:00+00:00,0.0343,0.03397,10.0,False,99.999935,29154.5,-0.10787062368376468,-10.79352759,480,b434_stop,0.021684038383499995
LYN/USDT:USDT,2026-06-22 12:00:00+00:00,2026-06-22 16:00:00+00:00,0.03803,0.03808,10.0,False,99.999885,26295.0,-0.003417929775112545,-0.34199766,240,b434_stop,-0.45596018850344994
QNT/USDT:USDT,2026-06-22 16:00:00+00:00,2026-06-22 16:00:00+00:00,71.4,71.4,10.0,False,99.96,14.0,-0.009835198920663608,-0.98371636,0,b434_stop,0.21580364400000002
QNT/USDT:USDT,2026-06-22 20:00:00+00:00,2026-06-23 00:00:00+00:00,70.05,70.51,10.0,True,99.471,14.2,-0.07879655993775213,-7.83326983,240,b434_stop,-0.10369863393999999
FIL/USDT:USDT,2026-06-23 00:00:00+00:00,2026-06-23 00:00:00+00:00,0.788,0.788,10.0,True,99.9972,1269.0,-0.013009305625376402,-1.3001136,0,b434_stop,-0.10014719579999999
DOGE/USDT:USDT,2026-06-07 00:00:00+00:00,2026-06-23 04:00:00+00:00,0.08186,0.08217,10.0,False,99.99199,12215.0,0.017891899161510606,1.79012003,23280,b434_stop,-0.7943541003145055
ORCA/USDT:USDT,2026-06-17 08:00:00+00:00,2026-06-23 04:00:00+00:00,1.185,1.198,10.0,False,99.9903,843.8,0.17418869252544159,17.42762993,8400,b434_stop,7.664695171483493
TRUMP/USDT:USDT,2026-06-21 12:00:00+00:00,2026-06-23 04:00:00+00:00,1.834,1.85,10.0,False,99.99885,545.25,0.09295209883120731,9.30068005,2400,b434_stop,1.781900654148094
NIL/USDT:USDT,2026-06-23 00:00:00+00:00,2026-06-23 04:00:00+00:00,0.03836,0.03891,10.0,True,99.9999168,26068.8,-0.15549333089136386,-15.53999056,240,b434_stop,0.006451142495001588
ADA/USDT:USDT,2026-06-06 20:00:00+00:00,2026-06-23 08:00:00+00:00,0.1568,0.1545,10.0,False,99.99136,6377.0,-0.1357313131338857,-13.58010177,23760,b434_stop,2.278094292903394
ARB/USDT:USDT,2026-06-11 04:00:00+00:00,2026-06-23 08:00:00+00:00,0.08051,0.07953,10.0,False,99.9998608,12420.8,-0.1269422961320192,-12.70182847,17520,b434_stop,0.6632504252959188
VIRTUAL/USDT:USDT,2026-06-11 04:00:00+00:00,2026-06-23 08:00:00+00:00,0.5664,0.5693,10.0,False,99.99792,1765.5,0.09455701955434574,9.46117858,17520,b434_stop,5.5442755862818975
BR/USDT:USDT,2026-06-18 12:00:00+00:00,2026-06-23 08:00:00+00:00,0.15958,0.15976,10.0,True,99.992828,6266.0,-0.0003160640929716609,-0.03158518,6960,b434_stop,2.2968854855280543
AVAX/USDT:USDT,2026-06-20 20:00:00+00:00,2026-06-23 08:00:00+00:00,6.113,6.154,10.0,False,99.6419,163.0,0.057423926205065146,5.72526221,3600,b434_stop,0.2419748113528322
PUMP/USDT:USDT,2026-06-21 00:00:00+00:00,2026-06-23 08:00:00+00:00,0.001417,0.001409,10.0,False,99.9999572,705716.0,-0.07589605786828191,-7.5941563,3360,b434_stop,-0.7518162470298481
US/USDT:USDT,2026-06-21 12:00:00+00:00,2026-06-23 08:00:00+00:00,0.014817,0.015113,10.0,True,99.999933,67490.0,-0.2061736728571933,-20.60498306,2640,b434_stop,0.5840423636350001
LYN/USDT:USDT,2026-06-23 08:00:00+00:00,2026-06-23 08:00:00+00:00,0.03551,0.03551,10.0,True,99.999711,28161.0,-0.011507153527836995,-1.1500216,0,b434_stop,0.049974933015
MOVR/USDT:USDT,2026-06-23 08:00:00+00:00,2026-06-23 08:00:00+00:00,1.288,1.288,10.0,False,99.999032,776.39,-0.0008902658634261664,-0.08907914,0,b434_stop,1.1109092462944001
BCH/USDT:USDT,2026-06-23 08:00:00+00:00,2026-06-23 12:00:00+00:00,190.84,191.06,10.0,True,99.981076,5.239,-0.023341404820063714,-2.33229855,240,b434_stop,0.02074590863201506
1000SHIB/USDT:USDT,2026-06-23 08:00:00+00:00,2026-06-23 12:00:00+00:00,0.004542,0.004523,10.0,True,99.9998514,220167.0,0.029603716294504444,2.95859101,240,b434_stop,-0.027093672640548006
US/USDT:USDT,2026-06-23 12:00:00+00:00,2026-06-23 16:00:00+00:00,0.015658,0.015611,10.0,False,99.999817,63865.0,-0.04531501476737248,-4.53421208,240,b434_stop,-0.3343602681809
LYN/USDT:USDT,2026-06-23 16:00:00+00:00,2026-06-23 16:00:00+00:00,0.03858,0.03858,10.0,False,99.99936,25920.0,-0.013509194494023654,-1.35172135,0,b434_stop,-0.15172902892800003
PUMP/USDT:USDT,2026-06-23 08:00:00+00:00,2026-06-23 20:00:00+00:00,0.001409,0.001393,10.0,True,99.9999707,709723.0,0.10334993552467699,10.32878953,720,b434_stop,0.1664078420870586
LYN/USDT:USDT,2026-06-23 20:00:00+00:00,2026-06-24 00:00:00+00:00,0.03498,0.03555,10.0,True,99.997326,28587.0,-0.17414433052374081,-17.40351901,240,b434_stop,0.10081565746200001
FET/USDT:USDT,2026-06-23 08:00:00+00:00,2026-06-24 04:00:00+00:00,0.1749,0.1742,10.0,True,99.99033,5717.0,0.029107941614079754,2.90876638,1200,b434_stop,0.10434920410505302
PENGU/USDT:USDT,2026-06-07 00:00:00+00:00,2026-06-24 08:00:00+00:00,0.006286,0.006236,10.0,False,99.9995738,159083.0,-0.0774755454716123,-7.75217004,24960,b434_stop,1.3972023571408083
AAVE/USDT:USDT,2026-06-22 20:00:00+00:00,2026-06-24 08:00:00+00:00,75.25,71.51,10.0,True,99.33,13.2,0.4881024573668997,48.45412716,2160,b434_stop,0.2484663636741422
BCH/USDT:USDT,2026-06-24 08:00:00+00:00,2026-06-24 08:00:00+00:00,194.37,194.37,10.0,False,99.983928,5.144,-0.011246714827653714,-1.12516542,0,b434_stop,0.07464171700470845
BNB/USDT:USDT,2026-06-06 16:00:00+00:00,2026-06-24 12:00:00+00:00,576.05,579.98,10.0,False,99.65665,1.73,0.05012485453754496,4.99827225,25680,b434_stop,-0.6006686071184096
XRP/USDT:USDT,2026-06-17 00:00:00+00:00,2026-06-24 12:00:00+00:00,1.2167,1.0953,10.0,True,99.988406,821.8,0.983000827530993,98.22971263,10800,b434_limit,-0.3968064115398867
US/USDT:USDT,2026-06-24 12:00:00+00:00,2026-06-24 12:00:00+00:00,0.014153,0.014153,10.0,True,99.9994368,70656.0,-0.011507222303172707,-1.15002532,0,b434_stop,0.04996792320000001
DOT/USDT:USDT,2026-06-04 04:00:00+00:00,2026-06-24 16:00:00+00:00,1.08,0.871,10.0,True,99.9972,925.9,1.9127406857165865,191.15395167,29520,b434_limit,-1.2752897887631889
MUBARAK/USDT:USDT,2026-06-06 20:00:00+00:00,2026-06-24 16:00:00+00:00,0.00992,0.00987,10.0,False,99.999552,100806.0,-0.11945279958987738,-11.95239358,25680,b434_stop,-5.715123136053
LINK/USDT:USDT,2026-06-07 00:00:00+00:00,2026-06-24 16:00:00+00:00,7.389,7.362,10.0,False,99.995337,135.33,-0.06613076866674952,-6.61673616,25440,b434_stop,-1.7650744588258833
ETH/USDT:USDT,2026-06-07 04:00:00+00:00,2026-06-24 16:00:00+00:00,1593.98,1617.46,10.0,False,99.942546,0.627,0.1358526406234354,13.58560526,25200,b434_stop,0.07178899196917557
LTC/USDT:USDT,2026-06-23 00:00:00+00:00,2026-06-24 16:00:00+00:00,44.51,40.7,10.0,True,99.996166,22.466,0.8442169707407354,84.36780927,2400,b434_limit,-0.07905401088637332
AAVE/USDT:USDT,2026-06-24 16:00:00+00:00,2026-06-24 16:00:00+00:00,75.7,75.7,10.0,False,99.924,13.2,-0.01251132851772864,-1.2509321,0,b434_stop,-0.051844102433159525
SUI/USDT:USDT,2026-06-24 16:00:00+00:00,2026-06-24 20:00:00+00:00,0.6743,0.6734,10.0,True,99.99869,1483.0,0.0009193700585566524,0.09188064,240,b434_stop,-0.043635898776
BCH/USDT:USDT,2026-06-24 16:00:00+00:00,2026-06-24 20:00:00+00:00,187.77,184.7,10.0,True,99.987525,5.325,0.15016211125049478,15.00532925,240,b434_stop,-0.152379104115
BR/USDT:USDT,2026-06-24 16:00:00+00:00,2026-06-24 20:00:00+00:00,0.14171,0.14586,10.0,True,99.990576,7056.0,-0.30419555071869775,-30.39843832,240,b434_stop,0.101418036552
AVAX/USDT:USDT,2026-06-24 20:00:00+00:00,2026-06-24 20:00:00+00:00,6.139,6.139,10.0,True,99.4518,162.0,-0.012007204322593555,-1.1934216,0,b434_stop,0.0
ZRO/USDT:USDT,2026-06-24 20:00:00+00:00,2026-06-24 20:00:00+00:00,0.8402,0.8402,10.0,True,99.992202,1190.1,-0.013271464066262385,-1.32624669,0,b434_stop,-0.1263402709974
SOL/USDT:USDT,2026-06-11 04:00:00+00:00,2026-06-25 12:00:00+00:00,65.23,68.14,10.0,False,99.99759,15.33,0.45016241237606114,45.04216544,20640,b434_stop,1.6586026961403193
BEAMX/USDT:USDT,2026-06-23 04:00:00+00:00,2026-06-25 12:00:00+00:00,0.001415,0.001301,10.0,True,99.9998895,706713.0,0.8012484522196438,80.07668183,3360,b434_limit,0.66305933799
BTC/USDT:USDT,2026-06-23 08:00:00+00:00,2026-06-25 12:00:00+00:00,62849.3,61258.2,10.0,True,94.27395,0.015,0.2415500920326269,22.75821817,3120,b434_limit,0.008685670395000004
DOGE/USDT:USDT,2026-06-23 08:00:00+00:00,2026-06-25 12:00:00+00:00,0.07995,0.07591,10.0,True,99.993465,12507.0,0.49230717417497305,49.19796369,3120,b434_limit,-0.16071169966082882
1000PEPE/USDT:USDT,2026-06-23 08:00:00+00:00,2026-06-25 12:00:00+00:00,0.0027294,0.0024887,10.0,True,99.9997572,366380.0,0.8618423299956426,86.13231333,3120,b434_limit,-0.9082681868203161
AVAX/USDT:USDT,2026-06-25 00:00:00+00:00,2026-06-25 12:00:00+00:00,6.442,6.398,10.0,False,99.851,155.0,-0.08085938444044169,-8.07873473,720,b434_stop,-0.06461472909999999
HYPE/USDT:USDT,2026-06-25 04:00:00+00:00,2026-06-25 12:00:00+00:00,63.062,62.903,10.0,False,99.95327,15.85,-0.037862679338389826,-3.78676931,480,b434_stop,-0.06869216386751588
FET/USDT:USDT,2026-06-25 04:00:00+00:00,2026-06-25 12:00:00+00:00,0.1747,0.1729,10.0,False,99.99828,5724.0,-0.11568779384764362,-11.57552155,480,b434_stop,-0.078524105984928
BCH/USDT:USDT,2026-06-25 08:00:00+00:00,2026-06-25 12:00:00+00:00,194.83,193.91,10.0,False,99.986756,5.132,-0.058154080599230884,-5.81812665,240,b434_stop,0.10032156152159999
SUI/USDT:USDT,2026-06-25 12:00:00+00:00,2026-06-25 12:00:00+00:00,0.6888,0.6888,10.0,False,99.999984,1451.8,-0.011992804337397564,-1.19999981,0,b434_stop,0.0
AXS/USDT:USDT,2026-06-25 12:00:00+00:00,2026-06-25 12:00:00+00:00,1.054,1.054,10.0,False,99.9192,948.0,-0.010962232258800029,-1.09599468,0,b434_stop,0.10303572420785881
SUI/USDT:USDT,2026-06-25 16:00:00+00:00,2026-06-25 16:00:00+00:00,0.6765,0.6765,10.0,True,99.993465,1478.1,-0.012564256235241631,-1.25558971,0,b434_stop,-0.0556681312512
AVAX/USDT:USDT,2026-06-25 16:00:00+00:00,2026-06-25 16:00:00+00:00,6.113,6.113,10.0,True,99.6419,163.0,-0.013110866563092393,-1.30560782,0,b434_stop,-0.1099050157
FET/USDT:USDT,2026-06-25 20:00:00+00:00,2026-06-25 20:00:00+00:00,0.1646,0.1646,10.0,True,99.9945,6075.0,-0.012007204322593557,-1.199934,0,b434_stop,0.0
AXS/USDT:USDT,2026-06-25 20:00:00+00:00,2026-06-25 20:00:00+00:00,0.998,0.998,10.0,True,99.9996,1002.0,-0.012880309776192075,-1.28725301,0,b434_stop,-0.087257812573566
AIN/USDT:USDT,2026-06-14 12:00:00+00:00,2026-06-26 00:00:00+00:00,0.10118,0.09578,10.0,True,99.996194,9883.0,0.5649185591353617,56.45581201,16560,b434_stop,4.255545414551913
FET/USDT:USDT,2026-06-26 04:00:00+00:00,2026-06-26 04:00:00+00:00,0.1677,0.1677,10.0,False,99.99951,5963.0,-0.011992804317409556,-1.19999412,0,b434_stop,0.0
SOL/USDT:USDT,2026-06-26 08:00:00+00:00,2026-06-26 08:00:00+00:00,70.74,70.74,10.0,False,99.95562,14.13,-0.012836616638615326,-1.28386183,0,b434_stop,-0.08439439187972293
BNB/USDT:USDT,2026-06-26 08:00:00+00:00,2026-06-26 08:00:00+00:00,569.8,569.8,10.0,False,99.715,1.75,-0.011992804317409553,-1.19658,0,b434_stop,0.0
SUI/USDT:USDT,2026-06-26 08:00:00+00:00,2026-06-26 08:00:00+00:00,0.6957,0.6957,10.0,False,99.999918,1437.4,-0.012883190656161171,-1.289091,0,b434_stop,-0.08909198481945863
BEAMX/USDT:USDT,2026-06-26 08:00:00+00:00,2026-06-26 08:00:00+00:00,0.001321,0.001321,10.0,False,99.9999642,757002.0,-0.012492682265704259,-1.25001734,0,b434_stop,-0.050017771647
LTC/USDT:USDT,2026-06-26 08:00:00+00:00,2026-06-26 08:00:00+00:00,41.85,41.85,10.0,False,99.99639,23.894,-0.012517078290671807,-1.25241364,0,b434_stop,-0.05245696335852666
NIL/USDT:USDT,2026-06-26 08:00:00+00:00,2026-06-26 08:00:00+00:00,0.03512,0.03512,10.0,False,99.9999856,28473.8,-0.012492789026625022,-1.25002829,0,b434_stop,-0.050028466599999995
PENGU/USDT:USDT,2026-06-26 08:00:00+00:00,2026-06-26 08:00:00+00:00,0.006028,0.006028,10.0,False,99.9996976,165892.0,-0.01249267199730844,-1.25001298,0,b434_stop,-0.050016603892
ORCA/USDT:USDT,2026-06-26 08:00:00+00:00,2026-06-26 08:00:00+00:00,1.15,1.15,10.0,False,99.9925,869.5,-0.012492504497301618,-1.24990625,0,b434_stop,-0.04999625
LIT/USDT:USDT,2026-06-18 00:00:00+00:00,2026-06-26 12:00:00+00:00,1.7212,1.7018,10.0,True,99.984508,580.9,0.12449402035387738,12.44000489,12240,b434_stop,2.3635973071888
US/USDT:USDT,2026-06-26 04:00:00+00:00,2026-06-27 00:00:00+00:00,0.01529,0.015108,10.0,False,99.999658,65402.0,-0.1339263126152368,-13.40062101,1200,b434_stop,-0.304603013192
QNT/USDT:USDT,2026-06-27 00:00:00+00:00,2026-06-27 00:00:00+00:00,67.66,67.66,10.0,False,99.4602,14.7,-0.012991822642956077,-1.29294458,0,b434_stop,-0.09942217990530001
MOVR/USDT:USDT,2026-06-23 20:00:00+00:00,2026-06-27 04:00:00+00:00,1.178,1.167,10.0,True,99.999242,848.89,0.08657992593763568,8.65273221,4800,b434_stop,0.5093304403004123
PUMP/USDT:USDT,2026-06-26 20:00:00+00:00,2026-06-27 04:00:00+00:00,0.001312,0.001309,10.0,False,99.999984,762195.0,-0.03634453469779595,-3.63663356,480,b434_stop,-0.15142070748
DOT/USDT:USDT,2026-06-26 20:00:00+00:00,2026-06-27 08:00:00+00:00,0.855,0.845,10.0,False,99.99225,1169.5,-0.12903064928567343,-12.90980618,720,b434_stop,-0.021916184404999997
AIN/USDT:USDT,2026-06-27 04:00:00+00:00,2026-06-27 12:00:00+00:00,0.07935,0.08056,10.0,True,99.99687,12602.0,-0.1632023041496704,-16.30992776,480,b434_stop,0.147603735246
MUBARAK/USDT:USDT,2026-06-26 12:00:00+00:00,2026-06-27 16:00:00+00:00,0.00995,0.01003,10.0,False,99.99949,100502.0,0.06426044325894222,6.42986716,1680,b434_stop,-0.40547486674100003
SAND/USDT:USDT,2026-06-27 04:00:00+00:00,2026-06-27 16:00:00+00:00,0.0475,0.0479,10.0,False,99.997,21052.0,0.07074761603231867,7.07879409,720,b434_stop,-0.136989427036
ZRO/USDT:USDT,2026-06-27 16:00:00+00:00,2026-06-27 16:00:00+00:00,0.7946,0.7946,10.0,False,99.992464,1258.4,-0.012492567464269477,-1.2499121,0,b434_stop,-0.0500025309212
BR/USDT:USDT,2026-06-27 16:00:00+00:00,2026-06-27 16:00:00+00:00,0.16024,0.16024,10.0,False,99.98976,6240.0,-0.012492753973177752,-1.24989696,0,b434_stop,-0.050019839999999996
LYN/USDT:USDT,2026-06-26 12:00:00+00:00,2026-06-27 20:00:00+00:00,0.03498,0.03455,10.0,False,99.997326,28587.0,-0.1570160598926716,-15.71060684,1920,b434_stop,-2.2256043715567273
FIL/USDT:USDT,2026-06-26 20:00:00+00:00,2026-06-27 20:00:00+00:00,0.742,0.732,10.0,False,99.99934,1347.7,-0.14830454057291,-14.83925439,1440,b434_stop,-0.170348511811
WLD/USDT:USDT,2026-06-23 04:00:00+00:00,2026-06-28 00:00:00+00:00,0.6118,0.449,10.0,True,99.96812,1634.0,2.6535837192437475,265.11461141,6960,b434_limit,0.1394197280655684
DOGE/USDT:USDT,2026-06-26 16:00:00+00:00,2026-06-28 04:00:00+00:00,0.07495,0.07425,10.0,False,99.99829,13342.0,-0.10652141356094502,-10.65835038,2160,b434_stop,-0.12457454321987078
LINK/USDT:USDT,2026-06-26 20:00:00+00:00,2026-06-28 04:00:00+00:00,7.323,7.303,10.0,False,99.995565,136.55,-0.04087316361427261,-4.08958737,1920,b434_stop,-0.16027918582573839
1000SHIB/USDT:USDT,2026-06-27 00:00:00+00:00,2026-06-28 04:00:00+00:00,0.004244,0.004214,10.0,False,99.9996744,235626.0,-0.08189060982990916,-8.19394774,1680,b434_stop,0.0705870895833336
LIT/USDT:USDT,2026-06-28 04:00:00+00:00,2026-06-28 04:00:00+00:00,1.7385,1.7385,10.0,True,99.99852,575.2,-0.011506828996286276,-1.14997547,0,b434_stop,0.05000677009880001
HYPE/USDT:USDT,2026-06-28 00:00:00+00:00,2026-06-28 08:00:00+00:00,61.681,62.631,10.0,True,99.984901,16.21,-0.16501872176014856,-16.48948093,480,b434_stop,0.11907758569159507
LYN/USDT:USDT,2026-06-28 08:00:00+00:00,2026-06-28 08:00:00+00:00,0.03386,0.03386,10.0,True,99.998738,29533.0,-0.009615235412711974,-0.9609345,0,b434_stop,0.23905035702415353
AVAX/USDT:USDT,2026-06-26 20:00:00+00:00,2026-06-28 16:00:00+00:00,6.378,6.323,10.0,False,99.4968,156.0,-0.10144482715617834,-10.09949174,2640,b434_stop,-0.33067814259743644
ARB/USDT:USDT,2026-06-26 20:00:00+00:00,2026-06-28 16:00:00+00:00,0.0739,0.07394,10.0,False,99.999263,13531.7,-0.008984345846849557,-0.89896702,2640,b434_stop,-0.2399190983962036
BTC/USDT:USDT,2026-06-27 00:00:00+00:00,2026-06-28 16:00:00+00:00,60071.9,59850.0,10.0,False,96.11504,0.016,-0.05122458470802366,-4.92640708,2400,b434_stop,-0.22475684235904037
ETH/USDT:USDT,2026-06-27 00:00:00+00:00,2026-06-28 16:00:00+00:00,1577.85,1580.0,10.0,False,99.877905,0.633,0.001954928444939816,0.19537131,2400,b434_stop,0.033772742874958
1000PEPE/USDT:USDT,2026-06-27 00:00:00+00:00,2026-06-28 16:00:00+00:00,0.002386,0.0023901,10.0,False,99.9998846,419111.0,0.012277694460284313,1.22850469,2400,b434_stop,0.7111792144197818
HYPE/USDT:USDT,2026-06-28 12:00:00+00:00,2026-06-28 16:00:00+00:00,63.22,63.115,10.0,False,99.95082,15.81,-0.029579941678759547,-2.95831335,240,b434_stop,-0.09984954449172001
STRK/USDT:USDT,2026-06-23 00:00:00+00:00,2026-06-28 20:00:00+00:00,0.0332,0.02856,10.0,True,99.999728,30120.4,1.3890254310409076,138.81882399,8400,b434_limit,0.1763095290331622
XRP/USDT:USDT,2026-06-27 00:00:00+00:00,2026-06-28 20:00:00+00:00,1.0483,1.0438,10.0,False,99.997337,953.9,-0.04766362187069735,-4.769095,2640,b434_stop,0.7208475114317445
BR/USDT:USDT,2026-06-28 16:00:00+00:00,2026-06-28 20:00:00+00:00,0.14144,0.13267,10.0,True,99.99808,7070.0,0.6097566842144686,60.93791299,240,b434_stop,0.09678760714000001
ZRO/USDT:USDT,2026-06-27 20:00:00+00:00,2026-06-29 00:00:00+00:00,0.7701,0.7755,10.0,True,99.997485,1298.5,-0.07876543242150792,-7.87161934,1680,b434_stop,0.3444576228695
SUI/USDT:USDT,2026-06-28 08:00:00+00:00,2026-06-29 00:00:00+00:00,0.6852,0.6811,10.0,True,99.998088,1459.4,0.047084272674747615,4.70551224,960,b434_stop,-0.08164082683700745
AAVE/USDT:USDT,2026-06-28 08:00:00+00:00,2026-06-29 00:00:00+00:00,90.89,91.65,10.0,True,99.979,11.0,-0.0947342501060704,-9.46575273,960,b434_stop,0.09901126880264621
DOT/USDT:USDT,2026-06-28 08:00:00+00:00,2026-06-29 00:00:00+00:00,0.816,0.81,10.0,True,99.99264,1225.4,0.06211848957142281,6.20766493,960,b434_stop,0.05076516733122032
QNT/USDT:USDT,2026-06-28 20:00:00+00:00,2026-06-29 00:00:00+00:00,64.36,64.55,10.0,True,99.758,15.5,-0.042052297679054516,-4.19253608,240,b434_stop,-0.048673075200000006
AXS/USDT:USDT,2026-06-28 20:00:00+00:00,2026-06-29 00:00:00+00:00,0.991,0.991,10.0,False,99.9919,1009.0,-0.012255503489306522,-1.22618635,240,b434_stop,-0.02628355199
FIL/USDT:USDT,2026-06-28 20:00:00+00:00,2026-06-29 00:00:00+00:00,0.716,0.716,10.0,True,99.99656,1396.6,-0.011997398401919875,-1.19897875,240,b434_stop,0.0009799662879999998
BCH/USDT:USDT,2026-06-28 12:00:00+00:00,2026-06-29 04:00:00+00:00,193.55,194.03,10.0,True,99.98793,5.166,-0.038723869288213406,-3.86959638,960,b434_stop,-0.18857341148675394
HYPE/USDT:USDT,2026-06-28 20:00:00+00:00,2026-06-29 04:00:00+00:00,62.011,62.724,10.0,True,99.961732,16.12,-0.1256226770483102,-12.5499259,480,b434_stop,0.15007102198582
ZRO/USDT:USDT,2026-06-29 00:00:00+00:00,2026-06-29 04:00:00+00:00,0.7755,0.786,10.0,False,99.99297,1289.4,0.12223542725007597,12.23001702,240,b434_stop,-0.10064411700000002
AVAX/USDT:USDT,2026-06-29 04:00:00+00:00,2026-06-29 04:00:00+00:00,6.614,6.614,10.0,False,99.8714,151.0,-0.011992804317409556,-1.1984568,0,b434_stop,0.0
QNT/USDT:USDT,2026-06-29 04:00:00+00:00,2026-06-29 08:00:00+00:00,65.4,65.11,10.0,False,99.408,15.2,-0.056102744578104255,-5.58040787,240,b434_stop,0.017843333901826557
SUI/USDT:USDT,2026-06-29 08:00:00+00:00,2026-06-29 08:00:00+00:00,0.6958,0.6958,10.0,False,99.993418,1437.1,-0.012595728611121026,-1.26024565,0,b434_stop,-0.0603246306044804
BNB/USDT:USDT,2026-06-28 16:00:00+00:00,2026-06-29 12:00:00+00:00,554.82,552.12,10.0,True,99.8676,1.8,0.03678078841825841,3.67100514,1200,b434_stop,0.00650033568
BCH/USDT:USDT,2026-06-29 12:00:00+00:00,2026-06-29 12:00:00+00:00,196.34,196.34,10.0,False,99.995962,5.093,-0.011992804277431927,-1.19995154,0,b434_stop,0.0
BR/USDT:USDT,2026-06-29 04:00:00+00:00,2026-06-29 20:00:00+00:00,0.14756,0.14473,10.0,False,99.986656,6776.0,-0.20630290103592813,-20.63991372,960,b434_stop,-0.275499492268
BNB/USDT:USDT,2026-06-29 20:00:00+00:00,2026-06-30 00:00:00+00:00,562.1,559.83,10.0,False,99.4917,1.77,-0.05272957831425073,-5.24930308,240,b434_stop,-0.03991341574800001
LIT/USDT:USDT,2026-06-30 00:00:00+00:00,2026-06-30 00:00:00+00:00,1.8622,1.8622,10.0,False,99.981518,536.9,-0.012492106312575798,-1.24972914,0,b434_stop,-0.049950921020000004
BR/USDT:USDT,2026-06-30 04:00:00+00:00,2026-06-30 04:00:00+00:00,0.14147,0.14147,10.0,True,99.990996,7068.0,-0.01102160625374808,-1.10140015,0,b434_stop,0.0984918035922156
VIRTUAL/USDT:USDT,2026-06-26 20:00:00+00:00,2026-06-30 08:00:00+00:00,0.5302,0.5358,10.0,False,99.99572,1886.0,0.0925484796637763,9.26000453,5040,b434_stop,-0.09530987352094243
LYN/USDT:USDT,2026-06-28 16:00:00+00:00,2026-06-30 12:00:00+00:00,0.0347,0.03528,10.0,False,99.99846,28818.0,0.12933192105397878,12.94075273,2640,b434_stop,-2.5636770898224426
DOT/USDT:USDT,2026-06-29 00:00:00+00:00,2026-06-30 12:00:00+00:00,0.81,0.81,10.0,False,99.9945,1234.5,-0.01689236751715128,-1.69015733,2160,b434_stop,-0.4902233254907576
FIL/USDT:USDT,2026-06-29 16:00:00+00:00,2026-06-30 12:00:00+00:00,0.722,0.721,10.0,False,99.997,1385.0,-0.02789460287846213,-2.79105023,1200,b434_stop,-0.2069172309590285
MUBARAK/USDT:USDT,2026-06-30 12:00:00+00:00,2026-06-30 12:00:00+00:00,0.00977,0.00977,10.0,True,99.999858,102354.0,-0.011506392064511992,-1.14994719,0,b434_stop,0.050051106
BR/USDT:USDT,2026-06-30 12:00:00+00:00,2026-06-30 12:00:00+00:00,0.14566,0.14566,10.0,False,99.99559,6865.0,-0.012491846413113206,-1.24987903,0,b434_stop,-0.049931949352500005
BTC/USDT:USDT,2026-06-30 16:00:00+00:00,2026-06-30 16:00:00+00:00,58356.2,58356.2,10.0,True,99.20554,0.017,-0.01167430461460166,-1.1574608,0,b434_stop,0.033005683157999996
XRP/USDT:USDT,2026-06-30 16:00:00+00:00,2026-06-30 16:00:00+00:00,1.0335,1.0335,10.0,True,99.991125,967.5,-0.012106964226915443,-1.20986262,0,b434_stop,-0.0099691151625
BNB/USDT:USDT,2026-06-30 16:00:00+00:00,2026-06-30 16:00:00+00:00,545.22,545.22,10.0,True,99.77526,1.83,-0.012007204322593555,-1.19730312,0,b434_stop,0.0
DOGE/USDT:USDT,2026-06-30 16:00:00+00:00,2026-06-30 16:00:00+00:00,0.0707,0.0707,10.0,True,99.99808,14144.0,-0.012070633797393647,-1.20631598,0,b434_stop,-0.0063390209985024
PUMP/USDT:USDT,2026-06-30 16:00:00+00:00,2026-06-30 16:00:00+00:00,0.001423,0.001423,10.0,True,99.999902,702740.0,-0.011507220602671548,-1.1500305,0,b434_stop,0.0499683277
AVAX/USDT:USDT,2026-06-30 16:00:00+00:00,2026-06-30 16:00:00+00:00,6.496,6.496,10.0,True,99.3888,153.0,-0.012108949664205943,-1.20277188,0,b434_stop,-0.010106284949999999
LINK/USDT:USDT,2026-06-30 16:00:00+00:00,2026-06-30 16:00:00+00:00,7.154,7.154,10.0,True,99.998612,139.78,-0.011574263312371734,-1.15671582,0,b434_stop,0.04326752190513614
MOVR/USDT:USDT,2026-06-30 16:00:00+00:00,2026-06-30 16:00:00+00:00,1.151,1.151,10.0,True,99.99888,868.8,-0.01150640353651849,-1.14993709,0,b434_stop,0.050049465069599994
VIRTUAL/USDT:USDT,2026-06-30 16:00:00+00:00,2026-06-30 16:00:00+00:00,0.5237,0.5237,10.0,True,99.995278,1909.4,-0.012304682788177894,-1.22967193,0,b434_stop,-0.02972859614940001
FET/USDT:USDT,2026-06-30 08:00:00+00:00,2026-07-01 00:00:00+00:00,0.1719,0.1717,10.0,True,99.99423,5817.0,0.0022572018835344716,0.22557174,960,b434_stop,0.26140446234000003
LTC/USDT:USDT,2026-06-30 12:00:00+00:00,2026-07-01 00:00:00+00:00,42.38,41.91,10.0,True,99.999848,23.596,0.09997708412446346,9.9916946,720,b434_stop,0.09491870185826422
PENGU/USDT:USDT,2026-06-30 12:00:00+00:00,2026-07-01 00:00:00+00:00,0.00602,0.006008,10.0,True,99.999424,166112.0,0.008256594786322971,0.82515933,720,b434_stop,0.030612410698076783
MUBARAK/USDT:USDT,2026-06-30 16:00:00+00:00,2026-07-01 00:00:00+00:00,0.01003,0.01012,10.0,False,99.9991,99700.0,0.07612290057682275,7.61678888,480,b434_stop,-0.15083812400000002
LYN/USDT:USDT,2026-06-30 16:00:00+00:00,2026-07-01 00:00:00+00:00,0.03473,0.03458,10.0,True,99.998089,28793.0,0.037560437011490214,3.75371834,480,b434_stop,0.6321540334403126
BR/USDT:USDT,2026-06-30 16:00:00+00:00,2026-07-01 00:00:00+00:00,0.14155,0.14502,10.0,True,99.99092,7064.0,-0.25592439613008555,-25.57476175,480,b434_stop,0.151916533232
AXS/USDT:USDT,2026-06-30 16:00:00+00:00,2026-07-01 00:00:00+00:00,0.965,0.963,10.0,True,99.974,1036.0,0.007859768674936532,0.78530105,480,b434_stop,-0.08825415150209281
ORCA/USDT:USDT,2026-06-30 16:00:00+00:00,2026-07-01 00:00:00+00:00,1.175,1.17,10.0,True,99.9925,851.0,0.03209665970094845,3.20749959,480,b434_stop,0.14985659225300002
SOL/USDT:USDT,2026-06-30 20:00:00+00:00,2026-07-01 00:00:00+00:00,73.71,73.62,10.0,True,99.95076,13.56,0.0012170887882155352,0.12157596,240,b434_stop,0.09985283542944001
XRP/USDT:USDT,2026-06-30 20:00:00+00:00,2026-07-01 00:00:00+00:00,1.044,1.0396,10.0,False,99.99432,957.8,-0.0544109647182907,-5.44405189,240,b434_stop,-0.03232863811075442
XRP/USDT:USDT,2026-07-01 00:00:00+00:00,2026-07-01 00:00:00+00:00,1.0396,1.0396,10.0,True,99.999124,961.9,-0.011682336277630009,-1.16752246,0,b434_stop,0.03246702547372591
MOVR/USDT:USDT,2026-06-30 20:00:00+00:00,2026-07-01 00:00:00+00:00,1.166,1.155,10.0,False,99.999658,857.63,-0.10721504536823948,-10.72790075,240,b434_stop,-0.099635208560315
MOVR/USDT:USDT,2026-07-01 00:00:00+00:00,2026-07-01 00:00:00+00:00,1.155,1.155,10.0,True,99.9999,865.8,-0.011506268060200421,-1.14993528,0,b434_stop,0.0500635157373
DOGE/USDT:USDT,2026-07-01 00:00:00+00:00,2026-07-01 00:00:00+00:00,0.07204,0.07204,10.0,False,99.998724,13881.0,-0.012887778679517075,-1.28953468,0,b434_stop,-0.08954998851163049
SOL/USDT:USDT,2026-07-01 04:00:00+00:00,2026-07-01 04:00:00+00:00,75.44,75.44,10.0,False,99.958,13.25,-0.011992804317409553,-1.199496,0,b434_stop,0.0
XRP/USDT:USDT,2026-07-01 04:00:00+00:00,2026-07-01 04:00:00+00:00,1.0503,1.0503,10.0,False,99.999063,952.1,-0.011992804357385943,-1.19998876,0,b434_stop,0.0
BNB/USDT:USDT,2026-07-01 04:00:00+00:00,2026-07-01 04:00:00+00:00,551.9,551.9,10.0,False,99.8939,1.81,-0.011992804317409556,-1.1987268,0,b434_stop,0.0
MOVR/USDT:USDT,2026-07-01 04:00:00+00:00,2026-07-01 04:00:00+00:00,1.172,1.172,10.0,False,99.999728,853.24,-0.012492719368963422,-1.2500181,0,b434_stop,-0.050021365648000006
ADA/USDT:USDT,2026-06-23 08:00:00+00:00,2026-07-01 12:00:00+00:00,0.1545,0.1506,10.0,True,99.9924,6472.0,0.22983316423863304,22.96778075,11760,b434_stop,-1.0882549315907408
BNB/USDT:USDT,2026-07-01 08:00:00+00:00,2026-07-01 12:00:00+00:00,547.15,542.82,10.0,True,99.5813,1.82,0.0673333284886875,6.7011173,240,b434_stop,0.010764538615928734
AVAX/USDT:USDT,2026-07-01 08:00:00+00:00,2026-07-01 12:00:00+00:00,6.648,6.655,10.0,False,99.72,150.0,-0.0022611498283540907,-0.22561715,240,b434_stop,-0.07834714977167999
MOVR/USDT:USDT,2026-07-01 08:00:00+00:00,2026-07-01 12:00:00+00:00,1.149,1.149,10.0,True,99.999768,870.32,-0.011006205342281123,-1.09995761,240,b434_stop,0.10003960515736002
1000PEPE/USDT:USDT,2026-07-01 12:00:00+00:00,2026-07-01 12:00:00+00:00,0.0022617,0.0022617,10.0,True,99.99993465,442145.0,-0.012007204364618801,-1.19999922,0,b434_stop,0.0
AXS/USDT:USDT,2026-07-01 12:00:00+00:00,2026-07-01 12:00:00+00:00,1.0,1.0,10.0,False,100.0,1000.0,-0.011290902658404958,-1.12976772,0,b434_stop,0.0702322810704
BNB/USDT:USDT,2026-07-01 16:00:00+00:00,2026-07-01 16:00:00+00:00,554.83,554.83,10.0,False,99.8694,1.8,-0.011992804317409553,-1.1984328,0,b434_stop,0.0
1000PEPE/USDT:USDT,2026-07-01 16:00:00+00:00,2026-07-01 16:00:00+00:00,0.0023615,0.0023615,10.0,False,99.99984285,423459.0,-0.007859872235858777,-0.78645758,0,b434_stop,0.41354053199595897
VIRTUAL/USDT:USDT,2026-07-01 16:00:00+00:00,2026-07-01 16:00:00+00:00,0.5616,0.5616,10.0,False,99.998496,1780.6,-0.012492504497301618,-1.2499812,0,b434_stop,-0.049999248
LIT/USDT:USDT,2026-07-01 16:00:00+00:00,2026-07-01 16:00:00+00:00,1.7766,1.7766,10.0,True,99.987048,562.8,-0.011506887410280312,-1.14984938,0,b434_stop,0.0499951974858
WLD/USDT:USDT,2026-07-01 20:00:00+00:00,2026-07-01 20:00:00+00:00,0.3614,0.3614,10.0,True,99.99938,2767.0,-0.012007204322593557,-1.19999256,0,b434_stop,0.0
BR/USDT:USDT,2026-07-01 04:00:00+00:00,2026-07-02 00:00:00+00:00,0.14591,0.14356,10.0,False,99.992123,6853.0,-0.17687217777411166,-17.69643605,1200,b434_stop,-0.4016433028377
BTC/USDT:USDT,2026-07-01 16:00:00+00:00,2026-07-02 00:00:00+00:00,60118.6,59999.6,10.0,False,96.18976,0.016,-0.03326821143161245,-3.20198131,480,b434_stop,-0.14484658715505044
LINK/USDT:USDT,2026-07-01 16:00:00+00:00,2026-07-02 00:00:00+00:00,7.411,7.355,10.0,False,99.996623,134.93,-0.08871104414293812,-8.87612732,480,b434_stop,-0.12462148832719999
US/USDT:USDT,2026-06-27 16:00:00+00:00,2026-07-02 04:00:00+00:00,0.014687,0.01272,10.0,True,99.9993769,68087.0,1.3543478159674571,135.35267734,6480,b434_stop,2.54518458206256
ORCA/USDT:USDT,2026-07-02 04:00:00+00:00,2026-07-02 04:00:00+00:00,1.205,1.205,10.0,False,99.9909,829.8,-0.012492288407279643,-1.24986463,0,b434_stop,-0.049973833295099995
BR/USDT:USDT,2026-07-02 04:00:00+00:00,2026-07-02 08:00:00+00:00,0.14219,0.14241,10.0,True,99.988008,7032.0,-0.026497074867621165,-2.6478001,240,b434_stop,0.1000242228
ORCA/USDT:USDT,2026-07-02 08:00:00+00:00,2026-07-02 08:00:00+00:00,1.183,1.183,10.0,True,99.99899,845.3,-0.011531718031288678,-1.15246826,0,b434_stop,0.04751962156312008
UNI/USDT:USDT,2026-06-18 04:00:00+00:00,2026-07-02 12:00:00+00:00,3.145,3.045,10.0,True,99.6965,317.0,0.31966176952815256,31.85003811,20640,b434_stop,1.3273761117743739
ONDO/USDT:USDT,2026-06-22 16:00:00+00:00,2026-07-02 12:00:00+00:00,0.3327,0.3337,10.0,True,99.999639,3005.7,-0.04620929399185709,-4.61814017,14160,b434_stop,-0.41064108238316643
PUMP/USDT:USDT,2026-07-02 12:00:00+00:00,2026-07-02 12:00:00+00:00,0.001573,0.001573,10.0,False,99.9998571,635727.0,-0.0123638892450515,-1.23712899,0,b434_stop,-0.0371307077793036
TRUMP/USDT:USDT,2026-06-23 08:00:00+00:00,2026-07-03 16:00:00+00:00,1.776,1.77,10.0,True,99.999456,563.06,-0.06488454999016288,-6.48452665,14880,b434_stop,-8.664920192615618
BR/USDT:USDT,2026-07-02 12:00:00+00:00,2026-07-03 20:00:00+00:00,0.1493,0.15073,10.0,False,99.98621,6697.0,0.07602912503197252,7.60642518,1920,b434_stop,-0.7647042705362198
LYN/USDT:USDT,2026-07-03 08:00:00+00:00,2026-07-03 20:00:00+00:00,0.03517,0.03508,10.0,False,99.998861,28433.0,-0.05007833143556903,-5.01078077,720,b434_stop,-1.2533598168782951
BR/USDT:USDT,2026-07-04 00:00:00+00:00,2026-07-04 00:00:00+00:00,0.14659,0.14659,10.0,True,99.989039,6821.0,-0.011507484369181998,-1.14993193,0,b434_stop,0.049936541
AVAX/USDT:USDT,2026-07-04 12:00:00+00:00,2026-07-04 12:00:00+00:00,6.851,6.851,10.0,True,99.3395,145.0,-0.012007204322593557,-1.192074,0,b434_stop,0.0
ONDO/USDT:USDT,2026-07-04 12:00:00+00:00,2026-07-04 12:00:00+00:00,0.3312,0.3312,10.0,True,99.999216,3019.3,-0.012051145411538362,-1.20438203,0,b434_stop,-0.00439143778492789
SOL/USDT:USDT,2026-07-04 12:00:00+00:00,2026-07-04 16:00:00+00:00,81.79,82.2,10.0,True,99.94738,12.22,-0.06170833394313156,-6.16388575,240,b434_stop,0.04868892977316777
PUMP/USDT:USDT,2026-07-04 16:00:00+00:00,2026-07-04 16:00:00+00:00,0.001568,0.001568,10.0,True,99.999984,637755.0,-0.01150690418250951,-1.14999982,0,b434_stop,0.049999992
AVAX/USDT:USDT,2026-07-04 16:00:00+00:00,2026-07-04 20:00:00+00:00,6.984,7.008,10.0,False,99.8712,143.0,0.022013988936799168,2.19988263,240,b434_stop,-0.031603772200000005
ONDO/USDT:USDT,2026-07-04 20:00:00+00:00,2026-07-04 20:00:00+00:00,0.3397,0.3397,10.0,False,99.997489,2943.7,-0.012492651587743011,-1.24998333,0,b434_stop,-0.050013463
FET/USDT:USDT,2026-07-01 12:00:00+00:00,2026-07-05 08:00:00+00:00,0.1778,0.1776,10.0,False,99.99472,5624.0,-0.030887870635715877,-3.09047715,5520,b434_stop,-0.7664153860240001
VIRTUAL/USDT:USDT,2026-07-05 00:00:00+00:00,2026-07-05 08:00:00+00:00,0.5665,0.5679,10.0,True,99.99858,1765.2,-0.0382568451283295,-3.82333481,480,b434_stop,-0.1505890778448
AVAX/USDT:USDT,2026-07-05 04:00:00+00:00,2026-07-05 08:00:00+00:00,6.801,6.812,10.0,True,99.9747,147.0,-0.029519846748163447,-2.94946708,240,b434_stop,-0.1318004765779716
FIL/USDT:USDT,2026-07-05 04:00:00+00:00,2026-07-05 08:00:00+00:00,0.783,0.788,10.0,True,99.99693,1277.1,-0.07493443246626423,-7.48871727,240,b434_stop,0.10057718932469999
SUI/USDT:USDT,2026-07-05 04:00:00+00:00,2026-07-05 12:00:00+00:00,0.7418,0.7427,10.0,True,99.99464,1348.0,-0.023590639483291317,-2.35752214,480,b434_stop,0.05634146497200001
STRK/USDT:USDT,2026-07-05 04:00:00+00:00,2026-07-05 12:00:00+00:00,0.03072,0.03062,10.0,True,99.999744,32552.0,0.021449475462988584,2.14365509,480,b434_stop,0.08649890258568001
DOGE/USDT:USDT,2026-07-05 08:00:00+00:00,2026-07-05 12:00:00+00:00,0.07613,0.07589,10.0,True,99.996755,13135.0,0.01994534254355585,1.99327285,240,b434_stop,0.038942470178370006
MUBARAK/USDT:USDT,2026-07-05 08:00:00+00:00,2026-07-05 12:00:00+00:00,0.0113,0.01127,10.0,True,99.99935,88495.0,0.01557329484258618,1.55638497,240,b434_stop,0.0999342619275
LINK/USDT:USDT,2026-07-05 08:00:00+00:00,2026-07-05 12:00:00+00:00,7.921,7.884,10.0,True,99.994704,126.24,0.03498519171909545,3.49623489,240,b434_stop,0.0224888089296
DOT/USDT:USDT,2026-07-05 08:00:00+00:00,2026-07-05 12:00:00+00:00,0.872,0.867,10.0,True,99.99224,1146.7,0.04578756572266461,4.57565422,240,b434_stop,0.03862100073418061
ETH/USDT:USDT,2026-07-05 12:00:00+00:00,2026-07-05 12:00:00+00:00,1759.39,1759.39,10.0,True,99.933352,0.568,-0.01200720428254285,-1.19920022,0,b434_stop,0.0
1000PEPE/USDT:USDT,2026-07-05 12:00:00+00:00,2026-07-05 12:00:00+00:00,0.0026551,0.0026551,10.0,True,99.99982783,376633.0,-0.012007204282969714,-1.19999793,0,b434_stop,0.0
LYN/USDT:USDT,2026-07-05 00:00:00+00:00,2026-07-05 16:00:00+00:00,0.03438,0.03417,10.0,True,99.997668,29086.0,0.06762516797348989,6.75830168,960,b434_stop,1.8465488574676998
ARB/USDT:USDT,2026-07-05 04:00:00+00:00,2026-07-05 16:00:00+00:00,0.07834,0.07864,10.0,True,99.9994432,12764.8,-0.050527441532912123,-5.04968439,720,b434_stop,-0.017953407821439976
SAND/USDT:USDT,2026-07-05 08:00:00+00:00,2026-07-05 16:00:00+00:00,0.05012,0.05019,10.0,True,99.999424,19952.0,-0.024762132323698473,-2.47471325,480,b434_stop,0.1227578175876736
MOVR/USDT:USDT,2026-07-02 00:00:00+00:00,2026-07-05 20:00:00+00:00,1.188,1.35,10.0,False,99.9999,841.75,1.3373100137041771,133.81110616,5520,b434_limit,-1.270576943647375
NIL/USDT:USDT,2026-07-05 04:00:00+00:00,2026-07-05 20:00:00+00:00,0.03716,0.03719,10.0,True,99.9997896,26910.6,-0.01759528456900785,-1.75846904,960,b434_stop,0.2493308263218
AXS/USDT:USDT,2026-07-05 04:00:00+00:00,2026-07-05 20:00:00+00:00,1.023,1.021,10.0,True,99.9471,977.0,0.006614953182556967,0.6607487,960,b434_stop,-0.09505849788482659
1000SHIB/USDT:USDT,2026-07-05 08:00:00+00:00,2026-07-05 20:00:00+00:00,0.004342,0.004363,10.0,True,99.9997336,230308.0,-0.06228781872642409,-6.22502802,720,b434_stop,-0.185661340495904
XRP/USDT:USDT,2026-07-05 12:00:00+00:00,2026-07-05 20:00:00+00:00,1.1315,1.1345,10.0,True,99.990655,883.7,-0.03829706315112582,-3.82705082,480,b434_stop,0.0255276964056
BTC/USDT:USDT,2026-07-05 16:00:00+00:00,2026-07-05 20:00:00+00:00,62711.9,62744.1,10.0,True,94.06785,0.015,-0.016286643095380835,-1.53113027,240,b434_stop,0.0809737344
ZRO/USDT:USDT,2026-07-05 16:00:00+00:00,2026-07-05 20:00:00+00:00,0.9126,0.9166,10.0,True,99.993582,1095.7,-0.054887690492656224,-5.48512373,240,b434_stop,0.10022893836000002
LIT/USDT:USDT,2026-07-01 20:00:00+00:00,2026-07-06 00:00:00+00:00,1.9926,2.4573,10.0,False,99.988668,501.8,2.319425361067645,232.05540213,6000,b434_limit,0.20871802624462782
PUMP/USDT:USDT,2026-07-06 04:00:00+00:00,2026-07-06 04:00:00+00:00,0.001658,0.001658,10.0,False,99.9999488,603136.0,-0.012492576853924714,-1.2500066,0,b434_stop,-0.050007212032
PUMP/USDT:USDT,2026-07-06 08:00:00+00:00,2026-07-06 08:00:00+00:00,0.001591,0.001591,10.0,True,99.9999185,628535.0,-0.012537785983754851,-1.25302531,0,b434_stop,-0.053026288524583
ORCA/USDT:USDT,2026-07-02 12:00:00+00:00,2026-07-06 12:00:00+00:00,1.218,1.225,10.0,False,99.9978,821.0,0.03293063432804277,3.29496678,5760,b434_stop,-1.248611416123486
ZRO/USDT:USDT,2026-07-06 04:00:00+00:00,2026-07-06 12:00:00+00:00,0.9553,0.9734,10.0,False,99.991251,1046.7,0.17574154162787678,17.58316017,480,b434_stop,-0.15084765484245002
BCH/USDT:USDT,2026-07-06 12:00:00+00:00,2026-07-06 12:00:00+00:00,236.82,236.82,10.0,True,99.985404,4.222,-0.012007204342608484,-1.19982485,0,b434_stop,0.0
US/USDT:USDT,2026-07-05 00:00:00+00:00,2026-07-06 16:00:00+00:00,0.0178,0.01694,10.0,True,99.99862,56179.0,0.4769250641554391,47.66323315,2400,b434_stop,0.5202882308896208
ONDO/USDT:USDT,2026-07-05 00:00:00+00:00,2026-07-06 16:00:00+00:00,0.3356,0.3359,10.0,True,99.998732,2979.7,-0.018015985797112555,-1.80049479,2400,b434_stop,0.29393634396027957
UNI/USDT:USDT,2026-07-05 04:00:00+00:00,2026-07-06 16:00:00+00:00,3.177,3.193,10.0,True,99.7578,314.0,-0.05807000546919597,-5.78946023,2160,b434_stop,0.434647770610736
MUBARAK/USDT:USDT,2026-07-06 16:00:00+00:00,2026-07-06 16:00:00+00:00,0.01204,0.01204,10.0,False,99.999424,83056.0,-0.0124922002780798,-1.24996236,0,b434_stop,-0.049969271976000006
BEAMX/USDT:USDT,2026-07-06 00:00:00+00:00,2026-07-06 20:00:00+00:00,0.001537,0.001543,10.0,True,99.9999866,650618.0,-0.04812359109935168,-4.80947105,1200,b434_stop,0.29657901035600004
BNB/USDT:USDT,2026-07-06 20:00:00+00:00,2026-07-06 20:00:00+00:00,585.59,585.59,10.0,True,99.5503,1.7,-0.012007204322593557,-1.1946036,0,b434_stop,0.0
PUMP/USDT:USDT,2026-07-06 20:00:00+00:00,2026-07-07 00:00:00+00:00,0.00165,0.001628,10.0,False,99.9999,606060.0,-0.14535229066510297,-14.54393566,240,b434_stop,-0.018616852413432
US/USDT:USDT,2026-07-06 20:00:00+00:00,2026-07-07 00:00:00+00:00,0.02206,0.02414,10.0,False,99.99798,45330.0,0.9221667347038796,92.27013958,240,b434_stop,-0.7597128159480541
BTC/USDT:USDT,2026-07-07 00:00:00+00:00,2026-07-07 00:00:00+00:00,64023.5,64023.5,10.0,False,96.03525,0.015,-0.012992204677193685,-1.24845825,0,b434_stop,-0.09603525
PUMP/USDT:USDT,2026-07-07 04:00:00+00:00,2026-07-07 04:00:00+00:00,0.001619,0.001619,10.0,True,99.9999635,617665.0,-0.01208710157008705,-1.20798449,0,b434_stop,-0.007984926053999999
PUMP/USDT:USDT,2026-07-07 08:00:00+00:00,2026-07-07 08:00:00+00:00,0.001673,0.001673,10.0,False,99.9998944,597728.0,-0.01242024787492627,-1.24276869,0,b434_stop,-0.04276995483488
AIN/USDT:USDT,2026-07-02 04:00:00+00:00,2026-07-07 12:00:00+00:00,0.07782,0.07915,10.0,False,99.9987,12850.0,0.11161367434374687,11.16791907,7680,b434_stop,-4.71234223349371
BTC/USDT:USDT,2026-07-07 04:00:00+00:00,2026-07-07 12:00:00+00:00,63164.9,63377.8,10.0,True,94.74735,0.015,-0.04517449330368469,-4.27759543,480,b434_stop,0.05478887376
US/USDT:USDT,2026-07-07 16:00:00+00:00,2026-07-07 16:00:00+00:00,0.01841,0.01841,10.0,True,99.999438,54318.0,-0.011506876956020916,-1.14999082,0,b434_stop,0.0500024349
ORCA/USDT:USDT,2026-07-07 16:00:00+00:00,2026-07-07 16:00:00+00:00,1.297,1.297,10.0,False,99.9987,771.0,-0.01249247791290645,-1.24998109,0,b434_stop,-0.0499966888935
UNI/USDT:USDT,2026-07-07 20:00:00+00:00,2026-07-07 20:00:00+00:00,3.27,3.27,10.0,False,99.735,305.0,-0.011992804317409556,-1.19682,0,b434_stop,0.0
1000SHIB/USDT:USDT,2026-07-07 20:00:00+00:00,2026-07-07 20:00:00+00:00,0.004445,0.004445,10.0,False,99.9996095,224971.0,-0.011992804277433385,-1.19999531,0,b434_stop,0.0
WLD/USDT:USDT,2026-07-02 16:00:00+00:00,2026-07-08 00:00:00+00:00,0.383,0.3806,10.0,False,99.963,2610.0,-0.0742920052316219,-7.43090759,7680,b434_stop,0.028890007057332003
UNI/USDT:USDT,2026-07-08 00:00:00+00:00,2026-07-08 00:00:00+00:00,3.19,3.19,10.0,True,99.847,313.0,-0.011006603962377428,-1.098317,0,b434_stop,0.099847
LYN/USDT:USDT,2026-07-06 16:00:00+00:00,2026-07-08 04:00:00+00:00,0.03469,0.03621,10.0,False,99.997394,28826.0,0.42732137675062476,42.75666269,2160,b434_stop,0.16740073484604956
MOVR/USDT:USDT,2026-07-07 16:00:00+00:00,2026-07-08 04:00:00+00:00,1.411,1.357,10.0,True,99.998981,708.71,0.3731221565274226,37.28944834,720,b434_stop,0.19613391101363503
ZRO/USDT:USDT,2026-07-07 20:00:00+00:00,2026-07-08 04:00:00+00:00,0.9585,0.9685,10.0,True,99.99072,1043.2,-0.11496939459507957,-11.48897502,480,b434_stop,0.1491728174496
UNI/USDT:USDT,2026-07-08 08:00:00+00:00,2026-07-08 08:00:00+00:00,3.287,3.287,10.0,False,99.9248,304.0,-0.01299274836007879,-1.29907676,0,b434_stop,-0.09997916006400001
BR/USDT:USDT,2026-07-08 16:00:00+00:00,2026-07-08 16:00:00+00:00,0.14861,0.14861,10.0,False,99.999669,6729.0,-0.012492187961174931,-1.24996419,0,b434_stop,-0.049968161097
MUBARAK/USDT:USDT,2026-07-08 16:00:00+00:00,2026-07-08 20:00:00+00:00,0.01215,0.0122,10.0,True,99.99936,82304.0,-0.052205191427613776,-5.21735344,240,b434_stop,0.10030800000000001
SAND/USDT:USDT,2026-07-09 12:00:00+00:00,2026-07-09 12:00:00+00:00,0.04969,0.04969,10.0,False,99.996156,20124.0,-0.011992804297420778,-1.19995387,0,b434_stop,0.0
LYN/USDT:USDT,2026-07-09 12:00:00+00:00,2026-07-09 12:00:00+00:00,0.03523,0.03523,10.0,True,99.996832,28384.0,-0.013092436181225929,-1.30841662,0,b434_stop,-0.108454631732208
AIN/USDT:USDT,2026-07-09 16:00:00+00:00,2026-07-09 16:00:00+00:00,0.07927,0.07927,10.0,False,99.999105,12615.0,-0.012492673372488845,-1.25000571,0,b434_stop,-0.0500164502925
MUBARAK/USDT:USDT,2026-07-09 16:00:00+00:00,2026-07-09 16:00:00+00:00,0.01315,0.01315,10.0,False,99.999175,76045.0,-0.012492504522286835,-1.24998969,0,b434_stop,-0.049999587500000005
QNT/USDT:USDT,2026-07-05 04:00:00+00:00,2026-07-09 20:00:00+00:00,67.52,67.74,10.0,True,99.9296,14.8,-0.04270664142112781,-4.265097,6720,b434_stop,0.19201180014662256
1000SHIB/USDT:USDT,2026-07-08 04:00:00+00:00,2026-07-10 00:00:00+00:00,0.0043,0.004283,10.0,True,99.99994,232558.0,0.022088643431292923,2.2075377,2640,b434_stop,-0.5483211162164352
BEAMX/USDT:USDT,2026-07-09 00:00:00+00:00,2026-07-10 00:00:00+00:00,0.001566,0.001548,10.0,False,99.9999054,638569.0,-0.13032298436889322,-13.04010548,1440,b434_stop,-0.3527611605405
WLD/USDT:USDT,2026-07-09 12:00:00+00:00,2026-07-10 00:00:00+00:00,0.3857,0.3831,10.0,False,99.97344,2592.0,-0.07949971586408977,-7.95262879,720,b434_stop,-0.017791026631776004
FIL/USDT:USDT,2026-07-09 16:00:00+00:00,2026-07-10 00:00:00+00:00,0.785,0.7801,10.0,False,99.9933,1273.8,-0.07633097715768024,-7.63716585,480,b434_stop,-0.19937122467239998
STRK/USDT:USDT,2026-07-09 20:00:00+00:00,2026-07-10 00:00:00+00:00,0.03051,0.03026,10.0,False,99.9998811,32776.1,-0.09405798750954239,-9.41143104,240,b434_stop,-0.02232388365025
STRK/USDT:USDT,2026-07-10 00:00:00+00:00,2026-07-10 00:00:00+00:00,0.03026,0.03026,10.0,True,99.9999194,33046.9,-0.011507058704347109,-1.15001452,0,b434_stop,0.04998451027425001
ARB/USDT:USDT,2026-07-09 04:00:00+00:00,2026-07-10 04:00:00+00:00,0.08059,0.09159,10.0,False,99.9992956,12408.4,1.348442921977815,134.92424836,1440,b434_limit,-0.2862646543404
MUBARAK/USDT:USDT,2026-07-10 08:00:00+00:00,2026-07-10 08:00:00+00:00,0.01231,0.01231,10.0,True,99.999054,81234.0,-0.011506904132479394,-1.14998912,0,b434_stop,0.049999526999999995
AXS/USDT:USDT,2026-07-09 04:00:00+00:00,2026-07-10 12:00:00+00:00,1.002,1.01,10.0,False,99.9996,998.0,0.07151544526625837,7.15580683,1920,b434_stop,0.37659242555351374
XRP/USDT:USDT,2026-07-10 04:00:00+00:00,2026-07-10 12:00:00+00:00,1.1066,1.1118,10.0,False,99.992376,903.6,0.034170203677203824,3.41880991,480,b434_stop,-0.07718234939999999
STRK/USDT:USDT,2026-07-10 04:00:00+00:00,2026-07-10 12:00:00+00:00,0.03075,0.0309,10.0,False,99.9999225,32520.3,0.036541413288613885,3.65633098,480,b434_stop,-0.01878812327333953
SOL/USDT:USDT,2026-07-10 08:00:00+00:00,2026-07-10 12:00:00+00:00,78.81,79.32,10.0,False,99.93108,12.68,0.0525084541674077,5.25037487,240,b434_stop,-0.013372093583942257
BNB/USDT:USDT,2026-07-10 08:00:00+00:00,2026-07-10 12:00:00+00:00,574.42,576.0,10.0,False,99.94908,1.74,0.014306139173374699,1.43074338,240,b434_stop,-0.11741813503199999
BEAMX/USDT:USDT,2026-07-10 12:00:00+00:00,2026-07-10 12:00:00+00:00,0.00155,0.00155,10.0,True,99.999955,645161.0,-0.011506904117470471,-1.14999948,0,b434_stop,0.0499999775
LIT/USDT:USDT,2026-07-07 16:00:00+00:00,2026-07-10 20:00:00+00:00,2.5559,2.5422,10.0,True,99.986808,391.2,0.03839907301015417,3.8370971,4560,b434_stop,-0.3257168681858997
VIRTUAL/USDT:USDT,2026-07-09 20:00:00+00:00,2026-07-10 20:00:00+00:00,0.5308,0.5841,10.0,False,99.997412,1883.9,0.9887338038016198,98.93014403,1440,b434_limit,-0.22150990206610002
BEAMX/USDT:USDT,2026-07-11 00:00:00+00:00,2026-07-11 00:00:00+00:00,0.001612,0.001612,10.0,False,99.9999364,620347.0,-0.012492194533082894,-1.24996819,0,b434_stop,-0.04996895085
LYN/USDT:USDT,2026-07-11 00:00:00+00:00,2026-07-11 04:00:00+00:00,0.03595,0.03564,10.0,False,99.99852,27816.0,-0.09911571726240562,-9.91737189,240,b434_stop,-0.099603421536
US/USDT:USDT,2026-07-09 16:00:00+00:00,2026-07-11 08:00:00+00:00,0.022002,0.021553,10.0,False,99.99909,45450.0,-0.2560306159069877,-25.6181903,2400,b434_stop,-4.023395449521615
BR/USDT:USDT,2026-07-11 12:00:00+00:00,2026-07-11 12:00:00+00:00,0.14137,0.14137,10.0,True,99.991001,7073.0,-0.011506588009373875,-1.14986492,0,b434_stop,0.0500270920545
AAVE/USDT:USDT,2026-07-03 08:00:00+00:00,2026-07-11 16:00:00+00:00,85.99,99.96,10.0,False,99.7484,11.6,1.593917415345532,159.08610634,12000,b434_limit,-1.6716816589061516
AIN/USDT:USDT,2026-07-11 08:00:00+00:00,2026-07-11 16:00:00+00:00,0.06917,0.06817,10.0,True,99.999069,14457.0,0.13422094281290714,13.41391614,480,b434_stop,0.148230772626
QNT/USDT:USDT,2026-07-11 16:00:00+00:00,2026-07-11 16:00:00+00:00,66.74,66.74,10.0,True,99.4426,14.9,-0.011948969374786756,-1.18752364,0,b434_stop,0.00578755932
PENGU/USDT:USDT,2026-07-01 08:00:00+00:00,2026-07-11 20:00:00+00:00,0.006134,0.006254,10.0,False,99.999535,163025.0,0.1824199918667939,18.25285951,15120,b434_stop,-0.09840827205379254
FET/USDT:USDT,2026-07-09 12:00:00+00:00,2026-07-11 20:00:00+00:00,0.1604,0.1628,10.0,False,99.99336,6234.0,0.13834140383843335,13.84152173,3360,b434_stop,0.08881901043194221
AVAX/USDT:USDT,2026-07-09 12:00:00+00:00,2026-07-11 20:00:00+00:00,6.707,6.747,10.0,False,99.9343,149.0,0.041564957387477286,4.15625718,3360,b434_stop,-0.6009552196436794
NIL/USDT:USDT,2026-07-09 12:00:00+00:00,2026-07-11 20:00:00+00:00,0.03486,0.03513,10.0,False,99.9997446,28686.1,0.05780334850922441,5.78378828,3360,b434_stop,-0.75681463335555
1000SHIB/USDT:USDT,2026-07-10 04:00:00+00:00,2026-07-11 20:00:00+00:00,0.004346,0.004403,10.0,False,99.9997216,230096.0,0.11398415063189535,11.40522236,2400,b434_stop,-0.50238369915096
MUBARAK/USDT:USDT,2026-07-11 20:00:00+00:00,2026-07-11 20:00:00+00:00,0.01353,0.01353,10.0,False,99.998877,73909.0,-0.012492873854837471,-1.25002292,0,b434_stop,-0.050036393000000005
DOGE/USDT:USDT,2026-07-10 00:00:00+00:00,2026-07-12 00:00:00+00:00,0.07287,0.07315,10.0,False,99.999501,13723.0,0.02061520300977907,2.06274692,2880,b434_stop,-0.5773936061882619
MOVR/USDT:USDT,2026-07-11 12:00:00+00:00,2026-07-12 00:00:00+00:00,1.399,1.384,10.0,False,99.999121,714.79,-0.12108249505668663,-12.11540796,720,b434_stop,-0.20000162152712
ZRO/USDT:USDT,2026-07-11 16:00:00+00:00,2026-07-12 00:00:00+00:00,0.9267,0.9149,10.0,False,99.99093,1079.0,-0.14066341677673874,-14.0735049,480,b434_stop,-0.14905306000000001
AXS/USDT:USDT,2026-07-12 00:00:00+00:00,2026-07-12 00:00:00+00:00,0.989,0.989,10.0,True,99.9879,1011.0,-0.01233188119104417,-1.23229908,0,b434_stop,-0.032444278349652
FIL/USDT:USDT,2026-07-12 00:00:00+00:00,2026-07-12 00:00:00+00:00,0.7706,0.7706,10.0,True,99.993056,1297.6,-0.012174509696532474,-1.21663601,0,b434_stop,-0.016719335480237758
XRP/USDT:USDT,2026-07-12 08:00:00+00:00,2026-07-12 08:00:00+00:00,1.0908,1.0908,10.0,True,99.993636,916.7,-0.01200190098328796,-1.19939365,0,b434_stop,0.0005299781401399301
BNB/USDT:USDT,2026-07-12 08:00:00+00:00,2026-07-12 08:00:00+00:00,572.6,572.6,10.0,True,99.6324,1.74,-0.012007204322593557,-1.1955888,0,b434_stop,0.0
NIL/USDT:USDT,2026-07-12 08:00:00+00:00,2026-07-12 08:00:00+00:00,0.03455,0.03455,10.0,True,99.9997925,28943.5,-0.01150667286573983,-1.1499745,0,b434_stop,0.050023007634750004
SOL/USDT:USDT,2026-07-12 00:00:00+00:00,2026-07-12 12:00:00+00:00,76.73,76.89,10.0,True,99.97919,13.03,-0.03302973400395601,-3.30030468,720,b434_stop,-0.01450352408325481
DOGE/USDT:USDT,2026-07-12 08:00:00+00:00,2026-07-12 12:00:00+00:00,0.0729,0.07319,10.0,True,99.99693,13717.0,-0.05196056587178171,-5.19277953,240,b434_stop,-0.012499616250000001
UNI/USDT:USDT,2026-07-12 12:00:00+00:00,2026-07-12 12:00:00+00:00,3.617,3.617,10.0,True,99.8292,276.0,-0.012007204322593557,-1.1979504,0,b434_stop,0.0
DOT/USDT:USDT,2026-07-10 04:00:00+00:00,2026-07-12 16:00:00+00:00,0.845,0.845,10.0,False,99.9973,1183.4,-0.016110873230634995,-1.61201045,3600,b434_stop,-0.4120428529093297
BCH/USDT:USDT,2026-07-10 08:00:00+00:00,2026-07-12 20:00:00+00:00,243.22,246.58,10.0,False,99.987742,4.111,0.12572701555520416,12.57870309,3600,b434_stop,-0.026116227778342604
BNB/USDT:USDT,2026-07-12 12:00:00+00:00,2026-07-12 20:00:00+00:00,580.48,580.19,10.0,False,99.84256,1.72,-0.018165784000055852,-1.81480661,480,b434_stop,-0.118195174312
SOL/USDT:USDT,2026-07-12 20:00:00+00:00,2026-07-12 20:00:00+00:00,77.64,77.64,10.0,False,99.92268,12.87,-0.011992804317409556,-1.19907216,0,b434_stop,0.0
BTC/USDT:USDT,2026-07-10 00:00:00+00:00,2026-07-13 00:00:00+00:00,63197.1,63749.9,10.0,False,94.79565,0.015,0.06921356447368776,6.56508152,4320,b434_stop,-0.5843954787002702
ONDO/USDT:USDT,2026-07-10 08:00:00+00:00,2026-07-13 00:00:00+00:00,0.3207,0.3227,10.0,False,99.997467,3118.1,0.04653340755389573,4.65601482,3840,b434_stop,-0.3764738558549714
ONDO/USDT:USDT,2026-07-13 00:00:00+00:00,2026-07-13 00:00:00+00:00,0.3227,0.3227,10.0,True,99.998276,3098.8,-0.012284727498127722,-1.2277145,0,b434_stop,-0.0277351893425152
NIL/USDT:USDT,2026-07-12 16:00:00+00:00,2026-07-13 00:00:00+00:00,0.03531,0.03538,10.0,False,99.9996855,28320.5,0.006294095649418126,0.62978523,480,b434_stop,-0.15146408042675003
SOL/USDT:USDT,2026-07-13 00:00:00+00:00,2026-07-13 00:00:00+00:00,76.86,76.86,10.0,True,99.99486,13.01,-0.01145642946483711,-1.14489671,0,b434_stop,0.05504161190521024
FET/USDT:USDT,2026-07-13 04:00:00+00:00,2026-07-13 04:00:00+00:00,0.1572,0.1572,10.0,True,99.99492,6361.0,-0.012007204322593557,-1.19993904,0,b434_stop,0.0
AVAX/USDT:USDT,2026-07-12 00:00:00+00:00,2026-07-13 08:00:00+00:00,6.546,6.505,10.0,True,99.4992,152.0,0.04605731623643007,4.57991652,1920,b434_stop,-0.46183228277938154
NIL/USDT:USDT,2026-07-13 08:00:00+00:00,2026-07-13 08:00:00+00:00,0.03415,0.03415,10.0,True,99.9997375,29282.5,-0.01150661115342342,-1.1499677,0,b434_stop,0.05002915125
MUBARAK/USDT:USDT,2026-07-12 12:00:00+00:00,2026-07-13 12:00:00+00:00,0.01292,0.01276,10.0,True,99.999508,77399.0,0.11538523109337578,11.53154326,1440,b434_stop,0.34026705652800004
ARB/USDT:USDT,2026-07-12 20:00:00+00:00,2026-07-13 12:00:00+00:00,0.09382,0.09282,10.0,True,99.9999234,10658.7,0.09570995414232197,9.56524549,960,b434_stop,0.1001493528996917
FET/USDT:USDT,2026-07-13 08:00:00+00:00,2026-07-13 12:00:00+00:00,0.1604,0.16,10.0,False,99.99336,6234.0,-0.0357497434611589,-3.57688181,240,b434_stop,0.11514235403999999
AVAX/USDT:USDT,2026-07-13 12:00:00+00:00,2026-07-13 12:00:00+00:00,6.642,6.642,10.0,False,99.63,150.0,-0.011992804317409553,-1.19556,0,b434_stop,0.0
LINK/USDT:USDT,2026-07-10 04:00:00+00:00,2026-07-13 16:00:00+00:00,7.903,7.932,10.0,False,99.996659,126.53,0.01907974498975882,1.9090555,5040,b434_stop,-0.5581529739487786
ETH/USDT:USDT,2026-07-10 08:00:00+00:00,2026-07-13 16:00:00+00:00,1772.5,1775.9,10.0,False,99.969,0.564,0.0040293390411351325,0.40305068,4800,b434_stop,-0.313770755713951
LYN/USDT:USDT,2026-07-11 04:00:00+00:00,2026-07-13 16:00:00+00:00,0.03564,0.03593,10.0,True,99.998712,28058.0,-0.0876456764048292,-8.75919608,3600,b434_stop,0.5824905549643007
US/USDT:USDT,2026-07-13 16:00:00+00:00,2026-07-13 16:00:00+00:00,0.024933,0.024933,10.0,False,99.9987831,40107.0,-0.016207375620518147,-1.62169027,0,b434_stop,-0.42170486821101
ADA/USDT:USDT,2026-07-06 00:00:00+00:00,2026-07-13 20:00:00+00:00,0.1894,0.1582,10.0,True,99.98426,5279.0,1.633288060729472,163.20511626,11280,b434_limit,-0.398695498284171
SUI/USDT:USDT,2026-07-10 00:00:00+00:00,2026-07-13 20:00:00+00:00,0.7167,0.7209,10.0,False,99.993984,1395.2,0.03977727227313649,3.97987442,5520,b434_stop,-0.6765218650707521
MUBARAK/USDT:USDT,2026-07-13 20:00:00+00:00,2026-07-13 20:00:00+00:00,0.01354,0.01354,10.0,False,99.99967,73855.0,-0.012492168247940947,-1.24996223,0,b434_stop,-0.0499661940475
LYN/USDT:USDT,2026-07-13 20:00:00+00:00,2026-07-13 20:00:00+00:00,0.03602,0.03602,10.0,False,99.998724,27762.0,-0.012492178088979145,-1.24995139,0,b434_stop,-0.04996670000700001
WLD/USDT:USDT,2026-07-13 20:00:00+00:00,2026-07-14 04:00:00+00:00,0.3948,0.3885,10.0,True,99.96336,2532.0,0.1458826727440931,14.57417238,480,b434_stop,-0.187438263
AVAX/USDT:USDT,2026-07-14 00:00:00+00:00,2026-07-14 04:00:00+00:00,6.447,6.439,10.0,True,99.9285,155.0,0.0002543702878036083,0.02540359,240,b434_stop,-0.016198409849999998
LYN/USDT:USDT,2026-07-14 04:00:00+00:00,2026-07-14 08:00:00+00:00,0.03515,0.0351,10.0,True,99.998235,28449.0,0.004279651281292383,0.4277008,240,b434_stop,0.2043761508765
AAVE/USDT:USDT,2026-07-13 00:00:00+00:00,2026-07-14 12:00:00+00:00,96.87,96.56,10.0,True,99.7761,10.3,0.02143095438916672,2.13701407,2160,b434_stop,0.13941147079238642
BNB/USDT:USDT,2026-07-13 04:00:00+00:00,2026-07-14 12:00:00+00:00,569.31,571.21,10.0,True,99.62925,1.75,-0.04464225339982707,-4.44500562,1920,b434_stop,0.07754038082188668
MUBARAK/USDT:USDT,2026-07-14 12:00:00+00:00,2026-07-14 12:00:00+00:00,0.01262,0.01262,10.0,True,99.999618,79239.0,-0.0115065077331265,-1.14995599,0,b434_stop,0.050039428500000004
LYN/USDT:USDT,2026-07-14 12:00:00+00:00,2026-07-14 12:00:00+00:00,0.03586,0.03586,10.0,False,99.999196,27886.0,-0.012492504497301618,-1.24998995,0,b434_stop,-0.049999598000000006
SAND/USDT:USDT,2026-07-12 08:00:00+00:00,2026-07-14 16:00:00+00:00,0.04867,0.04878,10.0,True,99.997382,20546.0,-0.03486867872152464,-3.48468452,3360,b434_stop,-0.023299902045193575
BTC/USDT:USDT,2026-07-14 16:00:00+00:00,2026-07-14 16:00:00+00:00,64727.4,64727.4,10.0,False,97.0911,0.015,-0.012551469994499704,-1.21936721,0,b434_stop,-0.05427400874999999
BNB/USDT:USDT,2026-07-14 16:00:00+00:00,2026-07-14 16:00:00+00:00,583.33,583.33,10.0,False,99.74943,1.71,-0.012972758689739907,-1.2948017,0,b434_stop,-0.09780854459014421
SUI/USDT:USDT,2026-07-14 16:00:00+00:00,2026-07-14 16:00:00+00:00,0.759,0.759,10.0,False,99.99825,1317.5,-0.012992072953921106,-1.29996407,0,b434_stop,-0.099985075
DOGE/USDT:USDT,2026-07-14 16:00:00+00:00,2026-07-14 16:00:00+00:00,0.07488,0.07488,10.0,False,99.994752,13354.0,-0.012992204717171796,-1.29993178,0,b434_stop,-0.099994752
ADA/USDT:USDT,2026-07-14 16:00:00+00:00,2026-07-14 16:00:00+00:00,0.1654,0.1654,10.0,False,99.9843,6045.0,-0.010399697013874314,-1.04043031,0,b434_stop,0.159381291225
LINK/USDT:USDT,2026-07-14 16:00:00+00:00,2026-07-14 16:00:00+00:00,8.296,8.296,10.0,False,99.999984,120.54,-0.01299208422944305,-1.29998774,0,b434_stop,-0.09998793000000002
AXS/USDT:USDT,2026-07-14 16:00:00+00:00,2026-07-14 16:00:00+00:00,0.996,0.996,10.0,False,99.9984,1004.0,-0.01169988607884886,-1.17067187,0,b434_stop,0.029308928640000002
BR/USDT:USDT,2026-07-14 20:00:00+00:00,2026-07-14 20:00:00+00:00,0.14858,0.14858,10.0,False,99.99434,6730.0,-0.0168348554112812,-1.68440029,0,b434_stop,-0.484468213241595
LIT/USDT:USDT,2026-07-13 00:00:00+00:00,2026-07-15 00:00:00+00:00,2.6251,2.5936,10.0,True,99.990059,380.9,0.11021543330229623,11.01383541,2880,b434_stop,0.20816711289529996
UNI/USDT:USDT,2026-07-14 20:00:00+00:00,2026-07-15 00:00:00+00:00,3.69,3.663,10.0,False,99.999,271.0,-0.08503025935716084,-8.50804267,240,b434_stop,0.004555125179999999
QNT/USDT:USDT,2026-07-15 00:00:00+00:00,2026-07-15 00:00:00+00:00,65.79,65.79,10.0,False,99.3429,15.1,-0.012341191712095367,-1.22674538,0,b434_stop,-0.0346305807792244
PUMP/USDT:USDT,2026-07-07 16:00:00+00:00,2026-07-15 04:00:00+00:00,0.001632,0.001647,10.0,True,99.999984,612745.0,-0.09895174376904105,-9.88923569,10800,b434_stop,0.5074538252411985
PENGU/USDT:USDT,2026-07-12 04:00:00+00:00,2026-07-15 04:00:00+00:00,0.006098,0.006064,10.0,True,99.9998824,163988.0,0.02882744614842508,2.88101158,4320,b434_stop,-1.4979271863365085
VIRTUAL/USDT:USDT,2026-07-12 20:00:00+00:00,2026-07-15 04:00:00+00:00,0.5895,0.587,10.0,True,99.996885,1696.3,0.025401126946525236,2.53850955,3360,b434_stop,-0.504822282492652
AAVE/USDT:USDT,2026-07-14 20:00:00+00:00,2026-07-15 04:00:00+00:00,98.96,98.61,10.0,False,99.9496,10.1,-0.047883415172088224,-4.78879975,480,b434_stop,-0.0565255534133668
NIL/USDT:USDT,2026-07-14 20:00:00+00:00,2026-07-15 04:00:00+00:00,0.03443,0.0342,10.0,False,99.9998692,29044.4,-0.08021371045621128,-8.02617337,480,b434_stop,-0.1499710643662
ONDO/USDT:USDT,2026-07-15 04:00:00+00:00,2026-07-15 04:00:00+00:00,0.322,0.322,10.0,False,99.9971,3105.5,-0.012449364829301417,-1.24564732,0,b434_stop,-0.045682122459532
ORCA/USDT:USDT,2026-07-08 04:00:00+00:00,2026-07-15 08:00:00+00:00,1.224,1.22,10.0,True,99.98856,816.9,0.026578839598637716,2.65598535,10320,b434_stop,0.5862875097395457
SAND/USDT:USDT,2026-07-14 16:00:00+00:00,2026-07-15 08:00:00+00:00,0.04878,0.0485,10.0,False,99.999,20500.0,-0.06963746741205169,-6.96785531,960,b434_stop,-0.0313113131117
1000SHIB/USDT:USDT,2026-07-12 04:00:00+00:00,2026-07-15 12:00:00+00:00,0.004315,0.004253,10.0,True,99.9996935,231749.0,0.1163681254295612,11.62979481,4800,b434_stop,-1.5472679332987045
BEAMX/USDT:USDT,2026-07-12 20:00:00+00:00,2026-07-15 12:00:00+00:00,0.001601,0.001594,10.0,True,99.9999009,624609.0,0.04010264060223315,4.00785393,3840,b434_stop,0.8329663825245001
UNI/USDT:USDT,2026-07-15 08:00:00+00:00,2026-07-15 12:00:00+00:00,3.589,3.597,10.0,True,99.7742,278.0,-0.03402587705837459,-3.39286772,240,b434_stop,0.0297570831058138
WLD/USDT:USDT,2026-07-15 12:00:00+00:00,2026-07-15 12:00:00+00:00,0.4151,0.4151,10.0,False,99.99759,2409.0,-0.011992804317409556,-1.19997108,0,b434_stop,0.0
DOT/USDT:USDT,2026-07-14 16:00:00+00:00,2026-07-15 16:00:00+00:00,0.851,0.855,10.0,False,99.9925,1175.0,0.0325081999578911,3.25252653,1440,b434_stop,-0.24474346896081
WLD/USDT:USDT,2026-07-15 16:00:00+00:00,2026-07-15 20:00:00+00:00,0.4098,0.4068,10.0,True,99.9912,2440.0,0.06103824549007781,6.09962544,240,b434_stop,-0.024872155114824
SOL/USDT:USDT,2026-07-14 16:00:00+00:00,2026-07-16 00:00:00+00:00,77.35,77.23,10.0,False,99.9362,12.92,-0.02872636229821882,-2.87252597,1920,b434_stop,-0.1238218118889388
LIT/USDT:USDT,2026-07-16 00:00:00+00:00,2026-07-16 04:00:00+00:00,2.4115,2.3999,10.0,True,99.98079,414.6,0.03482328491024558,3.47957054,240,b434_stop,-0.13290559554483547
AVAX/USDT:USDT,2026-07-14 16:00:00+00:00,2026-07-16 08:00:00+00:00,6.653,6.624,10.0,False,99.795,150.0,-0.06024760973868107,-6.01601766,2400,b434_stop,-0.47108766093249
FIL/USDT:USDT,2026-07-14 20:00:00+00:00,2026-07-16 08:00:00+00:00,0.7818,0.7804,10.0,False,99.99222,1279.0,-0.03488382719381644,-3.49020419,2160,b434_stop,-0.500771914376
LYN/USDT:USDT,2026-07-16 04:00:00+00:00,2026-07-16 08:00:00+00:00,0.03418,0.03407,10.0,True,99.997008,29256.0,0.03000840705706246,2.99895047,240,b434_stop,0.9788236690448833
FET/USDT:USDT,2026-07-16 08:00:00+00:00,2026-07-16 12:00:00+00:00,0.1588,0.1582,10.0,True,99.99636,6297.0,0.024030796774234524,2.40155041,240,b434_stop,-0.1789601888997837
DOT/USDT:USDT,2026-07-16 08:00:00+00:00,2026-07-16 12:00:00+00:00,0.836,0.839,10.0,True,99.99396,1196.1,-0.048699633873335216,-4.86674744,240,b434_stop,-0.07636693815808036
SUI/USDT:USDT,2026-07-16 12:00:00+00:00,2026-07-16 12:00:00+00:00,0.7422,0.7422,10.0,True,99.996606,1347.3,-0.012007204302580869,-1.19995927,0,b434_stop,0.0
UNI/USDT:USDT,2026-07-16 12:00:00+00:00,2026-07-16 12:00:00+00:00,3.704,3.704,10.0,False,99.6376,269.0,-0.011992804317409553,-1.1956512,0,b434_stop,0.0
XRP/USDT:USDT,2026-07-14 16:00:00+00:00,2026-07-16 16:00:00+00:00,1.1043,1.1143,10.0,False,99.994365,905.5,0.07529483570828559,7.53357672,2880,b434_stop,-0.3160579031601378
MUBARAK/USDT:USDT,2026-07-16 16:00:00+00:00,2026-07-16 16:00:00+00:00,0.01317,0.01317,10.0,False,99.99981,75930.0,-0.012492242304119064,-1.24997139,0,b434_stop,-0.049973671185
DOT/USDT:USDT,2026-07-16 16:00:00+00:00,2026-07-16 16:00:00+00:00,0.854,0.854,10.0,False,99.99486,1170.9,-0.012071213104766935,-1.2077835,0,b434_stop,-0.00784518318006525
HYPE/USDT:USDT,2026-06-29 08:00:00+00:00,2026-07-16 20:00:00+00:00,62.595,62.291,10.0,False,99.964215,15.97,-0.09547930568648973,-9.55024055,25200,b434_stop,-3.4987029018729254
ETH/USDT:USDT,2026-07-14 16:00:00+00:00,2026-07-16 20:00:00+00:00,1874.37,1874.83,10.0,False,99.903921,0.533,-0.013435895982356175,-1.34310407,3120,b434_stop,-0.3892899114248672
UNI/USDT:USDT,2026-07-16 16:00:00+00:00,2026-07-16 20:00:00+00:00,3.628,3.626,10.0,True,99.77,275.0,-0.006019058764114839,-0.60016118,240,b434_stop,0.046748815197150004
BEAMX/USDT:USDT,2026-07-15 12:00:00+00:00,2026-07-17 00:00:00+00:00,0.001594,0.001588,10.0,False,99.9999088,627352.0,-0.05473945557898953,-5.47722493,2160,b434_stop,-0.5153724910840001
XRP/USDT:USDT,2026-07-17 00:00:00+00:00,2026-07-17 00:00:00+00:00,1.0863,1.0863,10.0,True,99.993915,920.5,-0.012013509989463288,-1.20055713,0,b434_stop,-0.0006301450568196
SAND/USDT:USDT,2026-07-17 00:00:00+00:00,2026-07-17 00:00:00+00:00,0.0477,0.0477,10.0,True,99.99828,20964.0,-0.011006773466993925,-1.09999802,0,b434_stop,0.099981341088
NIL/USDT:USDT,2026-07-17 00:00:00+00:00,2026-07-17 00:00:00+00:00,0.03405,0.03405,10.0,True,99.9997425,29368.5,-0.011507051043504146,-1.15001172,0,b434_stop,0.04998518700000001
BR/USDT:USDT,2026-07-17 00:00:00+00:00,2026-07-17 00:00:00+00:00,0.14296,0.14296,10.0,True,99.986224,6994.0,-0.011506834130839486,-1.14983458,0,b434_stop,0.050000106
FIL/USDT:USDT,2026-07-17 00:00:00+00:00,2026-07-17 00:00:00+00:00,0.7692,0.7692,10.0,True,99.996,1300.0,-0.011312147602974361,-1.13049081,0,b434_stop,0.06946118728379999
QNT/USDT:USDT,2026-07-16 20:00:00+00:00,2026-07-17 04:00:00+00:00,63.8,64.01,10.0,True,99.528,15.6,-0.046194805039120254,-4.59491795,480,b434_stop,-0.12261634944
ARB/USDT:USDT,2026-07-17 04:00:00+00:00,2026-07-17 04:00:00+00:00,0.08993,0.08993,10.0,False,99.9994621,11119.7,-0.01199280436538103,-1.19999355,0,b434_stop,0.0
ADA/USDT:USDT,2026-07-17 04:00:00+00:00,2026-07-17 08:00:00+00:00,0.1603,0.1587,10.0,True,99.99514,6238.0,0.0869394161701746,8.68830298,240,b434_stop,-0.0985438166693702
PUMP/USDT:USDT,2026-07-17 12:00:00+00:00,2026-07-17 12:00:00+00:00,0.001651,0.001651,10.0,True,99.9999143,605693.0,-0.011506779923347619,-1.1499866,0,b434_stop,0.0500123738565
VIRTUAL/USDT:USDT,2026-07-17 12:00:00+00:00,2026-07-17 12:00:00+00:00,0.6197,0.6197,10.0,True,99.994792,1613.6,-0.012091868787952532,-1.20839843,0,b434_stop,-0.0084609245088
LYN/USDT:USDT,2026-07-17 08:00:00+00:00,2026-07-17 16:00:00+00:00,0.03584,0.03584,10.0,False,99.997184,27901.0,-0.015796093828595856,-1.58051264,480,b434_stop,-0.3805464290213851
PENGU/USDT:USDT,2026-07-17 16:00:00+00:00,2026-07-17 16:00:00+00:00,0.005924,0.005924,10.0,True,99.9994896,168804.0,-0.012939578250931788,-1.29317485,0,b434_stop,-0.0931809727476
QNT/USDT:USDT,2026-07-17 12:00:00+00:00,2026-07-17 20:00:00+00:00,66.23,65.82,10.0,False,99.345,15.0,-0.07433034144986862,-7.38877838,480,b434_stop,-0.050328375842772
VIRTUAL/USDT:USDT,2026-07-17 16:00:00+00:00,2026-07-17 20:00:00+00:00,0.6407,0.6363,10.0,False,99.994049,1560.7,-0.07741106685651428,-7.7452904,240,b434_stop,0.317597939577
1000SHIB/USDT:USDT,2026-07-16 16:00:00+00:00,2026-07-18 00:00:00+00:00,0.004167,0.004141,10.0,True,99.999666,239980.0,0.045826370090294236,4.57987213,1920,b434_stop,-0.463355569449864
AVAX/USDT:USDT,2026-07-16 20:00:00+00:00,2026-07-18 00:00:00+00:00,6.594,6.585,10.0,True,99.5694,151.0,0.002825620694855333,0.28117655,1680,b434_stop,0.1161939525186356
BR/USDT:USDT,2026-07-17 20:00:00+00:00,2026-07-18 00:00:00+00:00,0.14947,0.15124,10.0,False,99.99543,6690.0,0.10259828568349062,10.26551531,240,b434_stop,-0.36873474672057
VIRTUAL/USDT:USDT,2026-07-18 00:00:00+00:00,2026-07-18 00:00:00+00:00,0.6235,0.6235,10.0,True,99.99693,1603.8,-0.013933551334170445,-1.39247637,0,b434_stop,-0.192513207546
FET/USDT:USDT,2026-07-17 20:00:00+00:00,2026-07-18 04:00:00+00:00,0.1595,0.1599,10.0,False,99.99055,6269.0,0.012056171988644693,1.20622657,480,b434_stop,-0.09998227492
1000SHIB/USDT:USDT,2026-07-18 04:00:00+00:00,2026-07-18 04:00:00+00:00,0.004186,0.004186,10.0,False,99.9997726,238891.0,-0.011992804305416722,-1.19999727,0,b434_stop,0.0
NIL/USDT:USDT,2026-07-17 16:00:00+00:00,2026-07-18 08:00:00+00:00,0.03474,0.03468,10.0,False,99.9997848,28785.2,-0.031759854875290844,-3.17788424,960,b434_stop,-0.25181108734720004
AVAX/USDT:USDT,2026-07-18 04:00:00+00:00,2026-07-18 08:00:00+00:00,6.641,6.605,10.0,False,99.615,150.0,-0.06713046036755801,-6.69121313,240,b434_stop,-0.09907313010000002
US/USDT:USDT,2026-07-18 08:00:00+00:00,2026-07-18 08:00:00+00:00,0.045191,0.045191,10.0,True,99.9986448,22128.0,-0.00902312438264239,-0.90175883,0,b434_stop,0.29822490514956
ADA/USDT:USDT,2026-07-17 20:00:00+00:00,2026-07-18 12:00:00+00:00,0.166,0.1659,10.0,False,99.9984,6024.0,-0.020012538769478998,-2.00242259,960,b434_stop,-0.20040322723200002
LTC/USDT:USDT,2026-07-02 00:00:00+00:00,2026-07-18 16:00:00+00:00,42.68,46.22,10.0,False,99.99924,23.43,0.7907823742274753,79.12508301,24000,b434_limit,-2.567360789751536
BTC/USDT:USDT,2026-07-16 20:00:00+00:00,2026-07-18 16:00:00+00:00,64241.7,64090.0,10.0,True,96.36255,0.015,0.014471372737929998,1.39366168,2640,b434_stop,0.27314698293542916
QNT/USDT:USDT,2026-07-18 12:00:00+00:00,2026-07-18 16:00:00+00:00,64.18,64.52,10.0,True,99.479,15.5,-0.06453232105730734,-6.415759,240,b434_stop,0.051150995100000006
AVAX/USDT:USDT,2026-07-18 16:00:00+00:00,2026-07-18 16:00:00+00:00,6.538,6.538,10.0,True,99.3776,152.0,-0.011543076648584505,-1.14643498,0,b434_stop,0.0460962153767136
SOL/USDT:USDT,2026-07-16 20:00:00+00:00,2026-07-19 00:00:00+00:00,75.77,75.47,10.0,True,99.94063,13.19,0.027989603118786472,2.79562019,3120,b434_stop,0.035533551009825415
ORCA/USDT:USDT,2026-07-17 04:00:00+00:00,2026-07-19 00:00:00+00:00,1.179,1.178,10.0,True,99.99099,848.1,0.002450886124019282,0.24491949,2640,b434_stop,0.5962025105619001
FET/USDT:USDT,2026-07-18 12:00:00+00:00,2026-07-19 00:00:00+00:00,0.1576,0.1585,10.0,True,99.9972,6345.0,-0.07213666331266441,-7.20913627,720,b434_stop,-0.29524357424159103
AVAX/USDT:USDT,2026-07-18 20:00:00+00:00,2026-07-19 08:00:00+00:00,6.569,6.554,10.0,False,99.8488,152.0,-0.03559597261969552,-3.55634768,720,b434_stop,-0.07953007536000001
ARB/USDT:USDT,2026-07-19 00:00:00+00:00,2026-07-19 08:00:00+00:00,0.08827,0.0882,10.0,True,99.9993176,11328.8,-0.00335192861700695,-0.33498946,480,b434_stop,0.07151054048047614
BCH/USDT:USDT,2026-07-18 08:00:00+00:00,2026-07-19 12:00:00+00:00,218.62,217.07,10.0,False,99.996788,4.574,-0.08053345761213201,-8.05791894,1680,b434_stop,0.22748869980513953
LIT/USDT:USDT,2026-07-19 04:00:00+00:00,2026-07-19 12:00:00+00:00,2.2342,2.2112,10.0,False,99.98045,447.5,-0.11630215382102203,-11.63491844,480,b434_stop,-0.14882853708375
ORCA/USDT:USDT,2026-07-19 08:00:00+00:00,2026-07-19 12:00:00+00:00,1.181,1.174,10.0,False,99.99527,846.7,-0.07218975287233266,-7.22296501,240,b434_stop,-0.09967791456285
PENGU/USDT:USDT,2026-07-18 20:00:00+00:00,2026-07-19 16:00:00+00:00,0.006154,0.006096,10.0,False,99.999423,162495.0,-0.10817052770181011,-10.82348055,1200,b434_stop,-0.204432303324231
XRP/USDT:USDT,2026-07-19 04:00:00+00:00,2026-07-19 16:00:00+00:00,1.0944,1.0973,10.0,False,99.995328,913.7,0.014745228673217932,1.47533865,720,b434_stop,0.027142425341522957
ARB/USDT:USDT,2026-07-19 16:00:00+00:00,2026-07-19 16:00:00+00:00,0.08965,0.08965,10.0,False,99.999196,11154.4,-0.01277012465861017,-1.2777684,0,b434_stop,-0.07777804950608
LINK/USDT:USDT,2026-07-17 00:00:00+00:00,2026-07-19 20:00:00+00:00,8.337,8.333,10.0,True,99.993978,119.94,-0.004274937744935911,-0.42721155,4080,b434_stop,0.292668328030321
ETH/USDT:USDT,2026-07-16 20:00:00+00:00,2026-07-20 00:00:00+00:00,1874.83,1871.49,10.0,True,99.928439,0.533,0.009488214015324202,0.94757353,4560,b434_stop,0.3654266634662365
AVAX/USDT:USDT,2026-07-19 12:00:00+00:00,2026-07-20 00:00:00+00:00,6.481,6.462,10.0,True,99.8074,154.0,0.015348018358202806,1.5309267,720,b434_stop,-0.199140104786161
BTC/USDT:USDT,2026-07-18 20:00:00+00:00,2026-07-20 04:00:00+00:00,64526.4,64839.3,10.0,False,96.7896,0.015,0.03469483250910868,3.36011382,1920,b434_stop,-0.16909488166485143
SUI/USDT:USDT,2026-07-19 08:00:00+00:00,2026-07-20 04:00:00+00:00,0.7447,0.7501,10.0,False,99.998316,1342.8,0.05946447779595759,5.94991545,1200,b434_stop,-0.0968740878904488
LINK/USDT:USDT,2026-07-20 00:00:00+00:00,2026-07-20 04:00:00+00:00,8.381,8.453,10.0,False,99.993711,119.31,0.07360279597957932,7.3642326,240,b434_stop,-0.021008678681100002
ADA/USDT:USDT,2026-07-20 08:00:00+00:00,2026-07-20 08:00:00+00:00,0.1624,0.1624,10.0,True,99.98968,6157.0,-0.013368363805659053,-1.3358964,0,b434_stop,-0.1360202403873943
AVAX/USDT:USDT,2026-07-20 08:00:00+00:00,2026-07-20 08:00:00+00:00,6.542,6.542,10.0,False,99.4384,152.0,-0.012341448491377588,-1.22795022,0,b434_stop,-0.03468941568
ARB/USDT:USDT,2026-07-20 04:00:00+00:00,2026-07-20 12:00:00+00:00,0.08773,0.08841,10.0,True,99.9999178,11398.6,-0.08875209636827164,-8.86987722,480,b434_stop,0.0858204241552
SAND/USDT:USDT,2026-07-20 12:00:00+00:00,2026-07-20 12:00:00+00:00,0.04794,0.04794,10.0,False,99.998046,20859.0,-0.011992804297421156,-1.19997655,0,b434_stop,0.0
ARB/USDT:USDT,2026-07-20 16:00:00+00:00,2026-07-20 16:00:00+00:00,0.09079,0.09079,10.0,False,99.9997376,11014.4,-0.012992204689186517,-1.29999659,0,b434_stop,-0.0999997376
VIRTUAL/USDT:USDT,2026-07-20 16:00:00+00:00,2026-07-20 20:00:00+00:00,0.6478,0.6439,10.0,False,99.994408,1543.6,-0.07312078409713697,-7.31605652,240,b434_stop,-0.09969565193800001
LTC/USDT:USDT,2026-07-20 20:00:00+00:00,2026-07-20 20:00:00+00:00,47.04,47.04,10.0,True,99.997632,21.258,-0.012007204282568594,-1.19997158,0,b434_stop,0.0
QNT/USDT:USDT,2026-07-21 00:00:00+00:00,2026-07-21 00:00:00+00:00,64.72,64.72,10.0,False,99.6688,15.4,-0.012251048889873693,-1.22177997,0,b434_stop,-0.02575436556
HYPE/USDT:USDT,2026-07-16 20:00:00+00:00,2026-07-21 04:00:00+00:00,62.291,62.633,10.0,True,99.977055,16.05,-0.06514624228197761,-6.50922157,6240,b434_stop,0.18289655108778297
ONDO/USDT:USDT,2026-07-18 08:00:00+00:00,2026-07-21 04:00:00+00:00,0.3665,0.3632,10.0,True,99.999525,2728.5,0.07378088247840331,7.37362637,4080,b434_stop,-0.43583175910800104
DOT/USDT:USDT,2026-07-18 08:00:00+00:00,2026-07-21 04:00:00+00:00,0.843,0.838,10.0,True,99.99666,1186.2,0.042432277654323405,4.24054019,4080,b434_stop,-0.49405849005255736
AIN/USDT:USDT,2026-07-12 04:00:00+00:00,2026-07-21 08:00:00+00:00,0.07008,0.07915,10.0,False,99.997152,14269.0,1.2076396369308473,120.83298065,13200,b434_limit,-7.309231626451035
BNB/USDT:USDT,2026-07-16 20:00:00+00:00,2026-07-21 08:00:00+00:00,576.1,577.23,10.0,True,99.6653,1.73,-0.025588474722956573,-2.54875284,6480,b434_stop,0.6033037001443207
DOGE/USDT:USDT,2026-07-16 20:00:00+00:00,2026-07-21 08:00:00+00:00,0.07314,0.07332,10.0,True,99.997008,13672.0,-0.031123411600708032,-3.11038069,6480,b434_stop,0.5520199790237424
BR/USDT:USDT,2026-07-20 04:00:00+00:00,2026-07-21 08:00:00+00:00,0.15372,0.15006,10.0,True,99.99486,6505.0,0.23030334579689693,23.01533333,1680,b434_stop,0.39268667149
FET/USDT:USDT,2026-07-21 08:00:00+00:00,2026-07-21 08:00:00+00:00,0.1598,0.1598,10.0,False,99.98686,6257.0,-0.012992204677193683,-1.29982918,0,b434_stop,-0.09998686
ORCA/USDT:USDT,2026-07-21 20:00:00+00:00,2026-07-21 20:00:00+00:00,1.179,1.179,10.0,True,99.99099,848.1,-0.011506479799669454,-1.14985398,0,b434_stop,0.050037899999999996
ORCA/USDT:USDT,2026-07-22 00:00:00+00:00,2026-07-22 00:00:00+00:00,1.196,1.196,10.0,False,99.99756,836.1,-0.012492617532240364,-1.24998081,0,b434_stop,-0.0500100915969
AAVE/USDT:USDT,2026-07-15 16:00:00+00:00,2026-07-22 04:00:00+00:00,97.08,96.02,10.0,True,99.9924,10.3,0.10186095125819117,10.17920979,9360,b434_stop,0.45456778789978197
SOL/USDT:USDT,2026-07-22 08:00:00+00:00,2026-07-22 08:00:00+00:00,77.06,77.06,10.0,True,99.94682,12.97,-0.012331120827939027,-1.23171684,0,b434_stop,-0.032354998143019106
BNB/USDT:USDT,2026-07-22 08:00:00+00:00,2026-07-22 08:00:00+00:00,568.53,568.53,10.0,True,99.49275,1.75,-0.011345807461862405,-1.12814829,0,b434_stop,0.06576470774999998
SUI/USDT:USDT,2026-07-22 08:00:00+00:00,2026-07-22 08:00:00+00:00,0.7557,0.7557,10.0,True,99.994224,1323.2,-0.012250318044650028,-1.22422607,0,b434_stop,-0.024295381056
ARB/USDT:USDT,2026-07-22 08:00:00+00:00,2026-07-22 08:00:00+00:00,0.08922,0.08922,10.0,True,99.9995604,11208.2,-0.0110240245472633,-1.10173617,0,b434_stop,0.09825855370694
BR/USDT:USDT,2026-07-22 08:00:00+00:00,2026-07-22 08:00:00+00:00,0.16407,0.16407,10.0,False,99.984258,6094.0,-0.012968375981047355,-1.29741143,0,b434_stop,-0.09760033426340341
AVAX/USDT:USDT,2026-07-22 04:00:00+00:00,2026-07-22 12:00:00+00:00,6.544,6.511,10.0,True,99.4688,152.0,0.03761972792992486,3.739744,480,b434_stop,-0.08563999752535201
PENGU/USDT:USDT,2026-07-22 08:00:00+00:00,2026-07-22 12:00:00+00:00,0.006263,0.00626,10.0,True,99.9994421,159667.0,-0.007492058408159839,-0.74875214,240,b434_stop,-0.02804724018651511
DOGE/USDT:USDT,2026-07-22 12:00:00+00:00,2026-07-22 12:00:00+00:00,0.07261,0.07261,10.0,True,99.998492,13772.0,-0.01200720428256894,-1.1999819,0,b434_stop,0.0
LINK/USDT:USDT,2026-07-22 12:00:00+00:00,2026-07-22 12:00:00+00:00,8.636,8.636,10.0,True,99.996244,115.79,-0.012007204342606317,-1.19995493,0,b434_stop,0.0
US/USDT:USDT,2026-07-22 12:00:00+00:00,2026-07-22 12:00:00+00:00,0.045856,0.045856,10.0,False,99.9981792,21807.0,-0.013207169718600763,-1.32148534,0,b434_stop,-0.12150718741728
BTC/USDT:USDT,2026-07-22 16:00:00+00:00,2026-07-22 16:00:00+00:00,66014.8,66014.8,10.0,True,99.0222,0.015,-0.011862814390990227,-1.17397717,0,b434_stop,0.014289233775247606
SOL/USDT:USDT,2026-07-22 16:00:00+00:00,2026-07-22 16:00:00+00:00,78.43,78.43,10.0,False,99.99825,12.75,-0.012381578560495089,-1.23887907,0,b434_stop,-0.038900067120783
DOGE/USDT:USDT,2026-07-22 16:00:00+00:00,2026-07-22 16:00:00+00:00,0.07305,0.07305,10.0,False,99.998145,13689.0,-0.012826071323583075,-1.28335289,0,b434_stop,-0.08337515263532909
ARB/USDT:USDT,2026-07-22 16:00:00+00:00,2026-07-22 16:00:00+00:00,0.09088,0.09088,10.0,False,99.999808,11003.5,-0.011653670486180653,-1.16606403,0,b434_stop,0.033933668341949996
1000SHIB/USDT:USDT,2026-07-22 16:00:00+00:00,2026-07-22 16:00:00+00:00,0.00425,0.00425,10.0,True,99.99995,235294.0,-0.011006603962377428,-1.09999945,0,b434_stop,0.09999995000000002
DOT/USDT:USDT,2026-07-21 04:00:00+00:00,2026-07-22 20:00:00+00:00,0.838,0.841,10.0,False,99.99854,1193.3,0.0224748596140617,2.24880162,2400,b434_stop,-0.12896795800989222
DOGE/USDT:USDT,2026-07-22 20:00:00+00:00,2026-07-22 20:00:00+00:00,0.07246,0.07246,10.0,True,99.9948,13800.0,-0.012007204322593555,-1.1999376,0,b434_stop,0.0
FET/USDT:USDT,2026-07-22 20:00:00+00:00,2026-07-22 20:00:00+00:00,0.155,0.155,10.0,True,99.9905,6451.0,-0.012007204322593557,-1.199886,0,b434_stop,0.0
ORCA/USDT:USDT,2026-07-22 04:00:00+00:00,2026-07-23 00:00:00+00:00,1.18,1.184,10.0,True,99.9932,847.4,-0.04486921450462514,-4.48392437,1200,b434_stop,0.10762779125469332
LYN/USDT:USDT,2026-07-22 16:00:00+00:00,2026-07-23 00:00:00+00:00,0.04078,0.04152,10.0,True,99.996638,24521.0,-0.18608309241534807,-18.59651902,480,b434_stop,0.759867961355216
SOL/USDT:USDT,2026-07-22 20:00:00+00:00,2026-07-23 00:00:00+00:00,77.61,77.93,10.0,True,99.96168,12.88,-0.05365764856310068,-5.36049047,240,b434_stop,-0.036877348816
FET/USDT:USDT,2026-07-23 00:00:00+00:00,2026-07-23 00:00:00+00:00,0.1562,0.1562,10.0,False,99.99924,6402.0,-0.012560564878642069,-1.25680057,0,b434_stop,-0.056809692673271996
AVAX/USDT:USDT,2026-07-23 00:00:00+00:00,2026-07-23 00:00:00+00:00,6.622,6.622,10.0,False,99.9922,151.0,-0.012896298735606793,-1.290303,0,b434_stop,-0.09039659847
FIL/USDT:USDT,2026-07-21 00:00:00+00:00,2026-07-23 04:00:00+00:00,0.735,0.7409,10.0,False,99.99675,1360.5,0.06096347861467401,6.09980742,3120,b434_stop,-0.7223654135175
QNT/USDT:USDT,2026-07-22 20:00:00+00:00,2026-07-23 04:00:00+00:00,63.54,63.17,10.0,True,99.7578,15.7,0.046703869122425364,4.65627979,480,b434_stop,0.04088799042
AVAX/USDT:USDT,2026-07-23 04:00:00+00:00,2026-07-23 04:00:00+00:00,6.525,6.525,10.0,True,99.8325,153.0,-0.012007204322593557,-1.19799,0,b434_stop,0.0
COLLECT/USDT:USDT,2026-06-16 08:00:00+00:00,2026-07-23 08:00:00+00:00,0.05279,0.05178,10.0,True,99.994818,18942.0,0.3585757222784592,35.83420066,53280,b434_stop,17.891239620292268
FET/USDT:USDT,2026-07-23 04:00:00+00:00,2026-07-23 08:00:00+00:00,0.1539,0.1538,10.0,True,99.98883,6497.0,-0.006914924488320098,-0.69100036,240,b434_stop,-0.141224223492
FIL/USDT:USDT,2026-07-23 08:00:00+00:00,2026-07-23 08:00:00+00:00,0.7333,0.7333,10.0,True,99.992788,1363.6,-0.012746453694892867,-1.27378871,0,b434_stop,-0.0738752490367332
NIL/USDT:USDT,2026-07-23 00:00:00+00:00,2026-07-23 12:00:00+00:00,0.03667,0.03642,10.0,True,99.9998234,27270.2,0.05765995844145499,5.76252607,720,b434_stop,0.14088342045223531
LYN/USDT:USDT,2026-07-23 08:00:00+00:00,2026-07-23 12:00:00+00:00,0.04252,0.0424,10.0,False,99.998536,23518.0,-0.04309015112763981,-4.3115374,240,b434_stop,-0.291088261124188
AIN/USDT:USDT,2026-07-23 12:00:00+00:00,2026-07-23 12:00:00+00:00,0.08494,0.08494,10.0,True,99.999862,11773.0,-0.011201381977819077,-1.11946457,0,b434_stop,0.08053377490044
BR/USDT:USDT,2026-07-22 20:00:00+00:00,2026-07-23 16:00:00+00:00,0.14777,0.14658,10.0,True,99.995959,6767.0,0.07153690501485677,7.14910938,1200,b434_stop,0.291499250695
ORCA/USDT:USDT,2026-07-23 16:00:00+00:00,2026-07-23 16:00:00+00:00,1.208,1.208,10.0,False,99.99824,827.8,-0.012492217164641127,-1.24994925,0,b434_stop,-0.0499703713338
AAVE/USDT:USDT,2026-07-23 20:00:00+00:00,2026-07-23 20:00:00+00:00,95.36,95.36,10.0,True,99.1744,10.4,-0.012007204322593555,-1.1900928,0,b434_stop,0.0
AXS/USDT:USDT,2026-07-17 00:00:00+00:00,2026-07-24 00:00:00+00:00,0.978,0.899,10.0,True,99.9516,1022.0,0.8013450978754806,80.04766725,10080,b434_limit,0.46064365038859584
BR/USDT:USDT,2026-07-24 04:00:00+00:00,2026-07-24 04:00:00+00:00,0.15937,0.15937,10.0,False,99.988738,6274.0,-0.012932217569656707,-1.29385196,0,b434_stop,-0.093987104888
BEAMX/USDT:USDT,2026-07-17 00:00:00+00:00,2026-07-24 08:00:00+00:00,0.001588,0.001595,10.0,True,99.9998536,629722.0,-0.03450014596548806,-3.44793954,10560,b434_stop,2.162757539008
ADA/USDT:USDT,2026-07-20 20:00:00+00:00,2026-07-24 08:00:00+00:00,0.1677,0.168,10.0,False,99.99951,5963.0,0.004271664844809548,0.42742069,5040,b434_stop,-0.16041185233704644
QNT/USDT:USDT,2026-07-24 08:00:00+00:00,2026-07-24 08:00:00+00:00,63.74,63.74,10.0,False,99.4344,15.6,-0.008276350816351604,-0.82344775,0,b434_stop,0.36976504499999996
WLD/USDT:USDT,2026-07-20 16:00:00+00:00,2026-07-24 12:00:00+00:00,0.374,0.3757,10.0,False,99.9702,2673.0,0.027639084538337737,2.76474266,5520,b434_stop,-0.5769884764079469
SAND/USDT:USDT,2026-07-23 12:00:00+00:00,2026-07-24 12:00:00+00:00,0.04757,0.04502,10.0,True,99.996897,21021.0,0.5149825962797845,51.46576364,1440,b434_limit,-0.9699857309784642
FET/USDT:USDT,2026-07-24 12:00:00+00:00,2026-07-24 12:00:00+00:00,0.1538,0.1538,10.0,False,99.98538,6501.0,-0.011992804317409553,-1.19982456,0,b434_stop,0.0
QNT/USDT:USDT,2026-07-24 12:00:00+00:00,2026-07-24 16:00:00+00:00,63.3,63.33,10.0,True,99.381,15.7,-0.017804226573536818,-1.7683402,240,b434_stop,-0.10448560066
BR/USDT:USDT,2026-07-24 16:00:00+00:00,2026-07-24 16:00:00+00:00,0.14253,0.14253,10.0,True,99.999048,7016.0,-0.01150725513642131,-1.15002413,0,b434_stop,0.049964444000000004
QNT/USDT:USDT,2026-07-24 20:00:00+00:00,2026-07-24 20:00:00+00:00,64.28,64.28,10.0,False,99.634,15.5,-0.011992804317409553,-1.195608,0,b434_stop,0.0
ORCA/USDT:USDT,2026-07-24 16:00:00+00:00,2026-07-25 00:00:00+00:00,1.166,1.171,10.0,True,99.99616,857.6,-0.05343469127577516,-5.34005798,480,b434_stop,0.1504687445056
FET/USDT:USDT,2026-07-24 16:00:00+00:00,2026-07-25 12:00:00+00:00,0.1517,0.1509,10.0,True,99.98547,6591.0,0.03831384666972179,3.82852947,1200,b434_stop,-0.2476085662727352
US/USDT:USDT,2026-07-25 08:00:00+00:00,2026-07-25 12:00:00+00:00,0.045904,0.043857,10.0,True,99.9972736,21784.0,0.43598788076997913,43.57144084,240,b434_stop,0.15280501739572722
1000SHIB/USDT:USDT,2026-07-25 08:00:00+00:00,2026-07-25 12:00:00+00:00,0.004191,0.004249,10.0,False,99.9997746,238606.0,0.12532525889728505,12.54001714,240,b434_limit,-0.0908300805942348
QNT/USDT:USDT,2026-07-25 12:00:00+00:00,2026-07-25 16:00:00+00:00,63.06,63.13,10.0,True,99.6348,15.8,-0.023622328379021652,-2.3521938,240,b434_stop,-0.04991259816000001
BEAMX/USDT:USDT,2026-07-24 08:00:00+00:00,2026-07-25 20:00:00+00:00,0.001595,0.001597,10.0,False,99.9999605,626959.0,-0.004587372989305955,-0.45901236,2160,b434_stop,-0.512178481075
PENGU/USDT:USDT,2026-07-25 20:00:00+00:00,2026-07-25 20:00:00+00:00,0.006269,0.006269,10.0,False,99.9999535,159515.0,-0.012492662315184318,-1.25001521,0,b434_stop,-0.050015768735
1000PEPE/USDT:USDT,2026-07-10 08:00:00+00:00,2026-07-26 04:00:00+00:00,0.0026478,0.0029235,10.0,False,99.99999216,377672.0,1.0068792685255827,100.74833171,22800,b434_limit,-2.113364282911064
STRK/USDT:USDT,2026-07-12 08:00:00+00:00,2026-07-26 04:00:00+00:00,0.03037,0.03013,10.0,True,99.9999064,32927.2,0.08472124940115068,8.46703374,19920,b434_stop,1.7597630981647752
QNT/USDT:USDT,2026-07-26 04:00:00+00:00,2026-07-26 04:00:00+00:00,63.83,63.83,10.0,False,99.5748,15.6,-0.011992804317409556,-1.1948976,0,b434_stop,0.0
DOT/USDT:USDT,2026-07-23 04:00:00+00:00,2026-07-26 08:00:00+00:00,0.8213,0.8254,10.0,True,99.993275,1217.5,-0.06415657848827835,-6.41137726,4560,b434_stop,-0.216712911585725
BEAMX/USDT:USDT,2026-07-26 00:00:00+00:00,2026-07-26 12:00:00+00:00,0.001581,0.001567,10.0,True,99.9999891,632511.0,0.07864063154561311,7.85934386,720,b434_stop,0.19887663866400002
BR/USDT:USDT,2026-07-26 04:00:00+00:00,2026-07-26 12:00:00+00:00,0.14803,0.14622,10.0,False,99.994265,6755.0,-0.13561220830158124,-13.56857936,480,b434_stop,-0.14943411
AIN/USDT:USDT,2026-07-26 12:00:00+00:00,2026-07-26 12:00:00+00:00,0.08851,0.08851,10.0,False,99.998598,11298.0,-0.012491857926173931,-1.24991778,0,b434_stop,-0.049934606652
SUI/USDT:USDT,2026-07-26 12:00:00+00:00,2026-07-26 16:00:00+00:00,0.7175,0.719,10.0,False,99.997975,1393.7,0.008938118434435774,0.89433002,240,b434_stop,0.005010045513165001
ADA/USDT:USDT,2026-07-26 16:00:00+00:00,2026-07-26 16:00:00+00:00,0.1653,0.1653,10.0,False,99.98997,6049.0,-0.011420101462560867,-1.14258074,0,b434_stop,0.057298898442
ETH/USDT:USDT,2026-07-23 00:00:00+00:00,2026-07-26 20:00:00+00:00,1933.31,1913.43,10.0,True,99.952127,0.517,0.09187918714435428,9.17801007,5520,b434_stop,0.09330881632784811
NIL/USDT:USDT,2026-07-26 08:00:00+00:00,2026-07-27 00:00:00+00:00,0.0349,0.03787,10.0,False,99.999668,28653.2,0.8395498962402947,84.00508372,960,b434_limit,0.15613574088263363
BEAMX/USDT:USDT,2026-07-27 00:00:00+00:00,2026-07-27 00:00:00+00:00,0.001654,0.001654,10.0,False,99.9998476,604594.0,-0.012492202428082523,-1.24996787,0,b434_stop,-0.0499696941
ZRO/USDT:USDT,2026-07-12 04:00:00+00:00,2026-07-27 08:00:00+00:00,0.9045,0.9115,10.0,True,99.992475,1105.5,-0.05426587928488266,-5.42292387,21840,b434_stop,3.520128934107979
PUMP/USDT:USDT,2026-07-19 20:00:00+00:00,2026-07-27 08:00:00+00:00,0.001777,0.002029,10.0,False,99.9999642,562746.0,1.390899876215192,139.17339179,10800,b434_limit,-1.3535134485877631
BCH/USDT:USDT,2026-07-23 04:00:00+00:00,2026-07-27 08:00:00+00:00,218.03,216.32,10.0,True,99.988558,4.586,0.059978062810018766,5.99352174,6000,b434_stop,-0.6533808017997778
LIT/USDT:USDT,2026-07-23 12:00:00+00:00,2026-07-27 08:00:00+00:00,2.2386,2.2325,10.0,True,99.998262,446.7,0.02658887336136707,2.65724582,5520,b434_stop,1.1307200381757
COLLECT/USDT:USDT,2026-07-24 12:00:00+00:00,2026-07-27 08:00:00+00:00,0.04939,0.04915,10.0,True,99.999933,20247.0,0.06396924998367205,6.39308256,4080,b434_stop,2.7308861924188137
AXS/USDT:USDT,2026-07-25 12:00:00+00:00,2026-07-27 08:00:00+00:00,0.886,0.889,10.0,False,99.9408,1128.0,0.025964229208660546,2.59644277,2640,b434_stop,0.4137627688408032
AVAX/USDT:USDT,2026-07-25 16:00:00+00:00,2026-07-27 12:00:00+00:00,6.576,6.664,10.0,False,99.9552,152.0,0.11576454170716932,11.57821068,2640,b434_stop,-0.590301321552
BNB/USDT:USDT,2026-07-25 20:00:00+00:00,2026-07-27 12:00:00+00:00,569.04,573.26,10.0,False,99.582,1.75,0.058635855421133046,5.8425792,2400,b434_stop,-0.34300579842875567
FET/USDT:USDT,2026-07-25 20:00:00+00:00,2026-07-27 12:00:00+00:00,0.1561,0.1556,10.0,False,99.99766,6406.0,-0.04841572137481201,-4.84436372,2400,b434_stop,-0.44331360255015184
FIL/USDT:USDT,2026-07-26 00:00:00+00:00,2026-07-27 12:00:00+00:00,0.7358,0.7412,10.0,False,99.99522,1359.0,0.05809956738518549,5.81316483,2160,b434_stop,-0.3210893653426659
SAND/USDT:USDT,2026-07-26 04:00:00+00:00,2026-07-27 12:00:00+00:00,0.04463,0.04489,10.0,False,99.997978,22406.0,0.04953289871691504,4.95616163,1920,b434_stop,0.33407270389608645
LTC/USDT:USDT,2026-07-26 04:00:00+00:00,2026-07-27 12:00:00+00:00,46.74,47.01,10.0,False,99.995556,21.394,0.04297508920532886,4.29989633,1920,b434_stop,-0.2730711728452831
ORCA/USDT:USDT,2026-07-26 16:00:00+00:00,2026-07-27 12:00:00+00:00,1.192,1.192,10.0,False,99.99688,838.9,-0.014990583236878581,-1.49991096,1200,b434_stop,-0.29994840096555
COLLECT/USDT:USDT,2026-07-27 08:00:00+00:00,2026-07-27 12:00:00+00:00,0.04915,0.04958,10.0,False,99.995675,20345.0,0.07086222279633282,7.09016735,240,b434_stop,-0.4529855357052155
QNT/USDT:USDT,2026-07-27 12:00:00+00:00,2026-07-27 12:00:00+00:00,62.67,62.67,10.0,True,99.6453,15.9,-0.012007204322593557,-1.1957436,0,b434_stop,0.0
BEAMX/USDT:USDT,2026-07-27 12:00:00+00:00,2026-07-27 12:00:00+00:00,0.001596,0.001596,10.0,True,99.9999336,626566.0,-0.011507217566748038,-1.15003056,0,b434_stop,0.0499686385
ADA/USDT:USDT,2026-07-27 16:00:00+00:00,2026-07-27 16:00:00+00:00,0.1578,0.1578,10.0,True,99.99786,6337.0,-0.014017551626595404,-1.40088413,0,b434_stop,-0.2009098078240335
DOT/USDT:USDT,2026-07-27 16:00:00+00:00,2026-07-27 16:00:00+00:00,0.7915,0.7915,10.0,True,99.99811,1263.4,-0.013119905260586052,-1.31117855,0,b434_stop,-0.11120122849862508
1000SHIB/USDT:USDT,2026-07-27 16:00:00+00:00,2026-07-27 16:00:00+00:00,0.004957,0.004957,10.0,True,99.9995438,201734.0,-0.011005976164836609,-1.09993224,0,b434_stop,0.10006228307400002
DOGE/USDT:USDT,2026-07-25 16:00:00+00:00,2026-07-27 20:00:00+00:00,0.07119,0.07201,10.0,False,99.993474,14046.0,0.09797441449787758,9.80268015,3120,b434_stop,-0.508207533153
SOL/USDT:USDT,2026-07-26 04:00:00+00:00,2026-07-27 20:00:00+00:00,74.99,75.95,10.0,False,99.96167,13.33,0.11301621107852752,11.30406757,2400,b434_stop,-0.28551430544853684
LINK/USDT:USDT,2026-07-26 08:00:00+00:00,2026-07-27 20:00:00+00:00,8.419,8.632,10.0,False,99.992463,118.77,0.23771208206020453,23.78367822,2160,b434_stop,-0.299243417065991
BTC/USDT:USDT,2026-07-26 12:00:00+00:00,2026-07-27 20:00:00+00:00,64481.5,64959.2,10.0,False,96.72225,0.015,0.059638990610580804,5.77187841,1920,b434_stop,-0.22865529032069515
LTC/USDT:USDT,2026-07-27 16:00:00+00:00,2026-07-27 20:00:00+00:00,46.33,46.54,10.0,True,99.998672,21.584,-0.05773301224173097,-5.76976062,240,b434_stop,-0.0344169700896
AXS/USDT:USDT,2026-07-27 16:00:00+00:00,2026-07-27 20:00:00+00:00,0.857,0.861,10.0,True,99.9262,1166.0,-0.05893691409379193,-5.88580826,240,b434_stop,-0.019895459498893
SAND/USDT:USDT,2026-07-27 20:00:00+00:00,2026-07-27 20:00:00+00:00,0.04413,0.04413,10.0,True,99.99858,22660.0,-0.012007204322593557,-1.19998296,0,b434_stop,0.0
TAO/USDT:USDT,2026-06-16 00:00:00+00:00,2026-07-28 00:00:00+00:00,266.26,187.45,10.0,True,99.98063,3.755,2.9773488148268483,297.49860391,60480,b434_limit,2.5892625415004007
NEAR/USDT:USDT,2026-06-22 16:00:00+00:00,2026-07-28 00:00:00+00:00,2.12,1.689,10.0,True,99.852,471.0,2.067615138445724,206.3316335,50880,b434_limit,4.407056902915666
XRP/USDT:USDT,2026-07-23 04:00:00+00:00,2026-07-28 08:00:00+00:00,1.1332,1.0554,10.0,True,99.993568,882.4,0.6741638321996762,67.37159977,7440,b434_limit,-0.12038784589057819
WLD/USDT:USDT,2026-07-24 12:00:00+00:00,2026-07-28 08:00:00+00:00,0.3757,0.3214,10.0,True,99.97377,2661.0,1.4164290441471652,141.52078803,5520,b434_limit,-1.858522112534945
BNB/USDT:USDT,2026-07-28 00:00:00+00:00,2026-07-28 12:00:00+00:00,566.56,567.14,10.0,True,99.71456,1.76,-0.02203288315718116,-2.19568105,720,b434_stop,0.022306147071999998
SUI/USDT:USDT,2026-07-28 00:00:00+00:00,2026-07-28 12:00:00+00:00,0.6806,0.682,10.0,True,99.993752,1469.2,-0.0333684675914929,-3.33463629,720,b434_stop,-0.07659714064596967
DOGE/USDT:USDT,2026-07-28 00:00:00+00:00,2026-07-28 12:00:00+00:00,0.07032,0.06997,10.0,True,99.99504,14220.0,0.03798794443818582,3.79632686,720,b434_stop,0.016281144302274
ETH/USDT:USDT,2026-07-28 04:00:00+00:00,2026-07-28 12:00:00+00:00,1880.35,1875.7,10.0,True,99.846585,0.531,0.012385535088948886,1.23591139,480,b434_stop,-0.03656108124459705
SOL/USDT:USDT,2026-07-28 04:00:00+00:00,2026-07-28 12:00:00+00:00,73.25,73.14,10.0,True,99.98625,13.65,0.0016943555474318985,0.16931061,480,b434_stop,-0.13325528606299727
BR/USDT:USDT,2026-07-28 04:00:00+00:00,2026-07-28 12:00:00+00:00,0.14543,0.14747,10.0,True,99.997668,6876.0,-0.1509414376049153,-15.08473549,480,b434_stop,0.150692752008
BTC/USDT:USDT,2026-07-28 00:00:00+00:00,2026-07-28 16:00:00+00:00,63720.7,63899.5,10.0,True,95.58105,0.015,-0.03899611663467098,-3.7250534,960,b434_stop,0.1055283981124049
LINK/USDT:USDT,2026-07-28 00:00:00+00:00,2026-07-28 20:00:00+00:00,8.376,8.381,10.0,True,99.992688,119.38,-0.017830492678972694,-1.78184914,1200,b434_stop,0.015321253012561473
PUMP/USDT:USDT,2026-07-28 20:00:00+00:00,2026-07-28 20:00:00+00:00,0.001948,0.001948,10.0,True,99.9999956,513347.0,-0.011924554757219935,-1.19173995,0,b434_stop,0.008259999636560001
TRUMP/USDT:USDT,2026-07-05 08:00:00+00:00,2026-07-29 00:00:00+00:00,1.711,1.468,10.0,True,99.999395,584.45,1.3673204325847945,136.6491773,34080,b434_limit,-4.2573927684391935
BCH/USDT:USDT,2026-07-29 04:00:00+00:00,2026-07-29 04:00:00+00:00,211.4,211.4,10.0,True,99.9922,4.73,-0.012007204322593557,-1.1999064,0,b434_stop,0.0
UNI/USDT:USDT,2026-07-20 16:00:00+00:00,2026-07-29 08:00:00+00:00,3.543,3.812,10.0,False,99.9126,282.0,0.7274474363710013,72.72477343,12480,b434_limit,-1.8887605700924406
FET/USDT:USDT,2026-07-27 16:00:00+00:00,2026-07-29 08:00:00+00:00,0.1504,0.135,10.0,True,99.98592,6648.0,0.9978527287028245,99.71136037,2400,b434_limit,-1.5294361147889977
BTC/USDT:USDT,2026-07-29 08:00:00+00:00,2026-07-29 12:00:00+00:00,64539.1,64479.9,10.0,False,96.80865,0.015,-0.022153864541741453,-2.14597253,240,b434_stop,-0.096801533956515
XRP/USDT:USDT,2026-07-29 08:00:00+00:00,2026-07-29 12:00:00+00:00,1.0899,1.0838,10.0,False,99.998325,917.5,-0.06889342860014791,-6.893361,240,b434_stop,-0.09998915000000001
SUI/USDT:USDT,2026-07-29 08:00:00+00:00,2026-07-29 12:00:00+00:00,0.6876,0.689,10.0,False,99.997668,1454.3,0.007854967807071728,0.78594975,240,b434_stop,-0.04887662416109058
TAO/USDT:USDT,2026-07-29 08:00:00+00:00,2026-07-29 12:00:00+00:00,193.62,193.79,10.0,False,99.985368,5.164,-0.003940814177395957,-0.39426017,240,b434_stop,-0.07178902898101314
UNI/USDT:USDT,2026-07-29 12:00:00+00:00,2026-07-29 12:00:00+00:00,4.046,4.046,10.0,False,99.9362,247.0,-0.011992804317409553,-1.1992344,0,b434_stop,0.0
COLLECT/USDT:USDT,2026-07-29 12:00:00+00:00,2026-07-29 12:00:00+00:00,0.04964,0.04964,10.0,True,99.99978,20145.0,-0.01150690414248549,-1.14999747,0,b434_stop,0.049999890000000005
HYPE/USDT:USDT,2026-07-22 04:00:00+00:00,2026-07-29 16:00:00+00:00,60.118,54.771,10.0,True,99.976234,16.63,0.8836912441967772,88.29511374,10800,b434_limit,0.5208661810969586
STRK/USDT:USDT,2026-07-27 20:00:00+00:00,2026-07-29 16:00:00+00:00,0.03027,0.02716,10.0,True,99.999972,33036.0,1.0158591437561497,101.5249344,2640,b434_limit,-0.07867111623108358
MOVR/USDT:USDT,2026-07-12 04:00:00+00:00,2026-07-29 20:00:00+00:00,1.386,1.131,10.0,True,99.9999,721.5,1.872556641818199,187.14312364,25440,b434_limit,4.250232939913676
AAVE/USDT:USDT,2026-07-26 12:00:00+00:00,2026-07-29 20:00:00+00:00,95.8,97.01,10.0,False,99.632,10.4,0.10790451546078937,10.75719313,4800,b434_stop,-0.6236724704031308
TAO/USDT:USDT,2026-07-29 20:00:00+00:00,2026-07-29 20:00:00+00:00,188.28,188.28,10.0,True,99.995508,5.311,-0.011506982272871233,-1.14995615,0,b434_stop,0.049989945114547005
BR/USDT:USDT,2026-07-30 00:00:00+00:00,2026-07-30 00:00:00+00:00,0.14838,0.14838,10.0,False,99.993282,6739.0,-0.012491864588232177,-1.249852,0,b434_stop,-0.0499326205
LIT/USDT:USDT,2026-07-30 00:00:00+00:00,2026-07-30 00:00:00+00:00,2.1795,2.1795,10.0,True,99.99546,458.8,-0.011506927057274071,-1.14995008,0,b434_stop,0.049995436
MOVR/USDT:USDT,2026-07-30 08:00:00+00:00,2026-07-30 08:00:00+00:00,1.187,1.187,10.0,False,99.998815,842.45,-0.012492504522286925,-1.24998519,0,b434_stop,-0.04999940750000001
BR/USDT:USDT,2026-07-30 08:00:00+00:00,2026-07-30 08:00:00+00:00,0.14404,0.14404,10.0,True,99.992568,6942.0,-0.011507182009844618,-1.1499423,0,b434_stop,0.049968516000000004
ONDO/USDT:USDT,2026-07-21 04:00:00+00:00,2026-07-30 12:00:00+00:00,0.3632,0.4215,10.0,False,99.999856,2753.3,1.5802871415938957,158.12330369,13440,b434_limit,-1.0977776003417017
US/USDT:USDT,2026-07-29 20:00:00+00:00,2026-07-30 12:00:00+00:00,0.045983,0.047172,10.0,False,99.9992301,21747.0,0.23350367581795622,23.36419792,960,b434_stop,-1.2774800082870539
FIL/USDT:USDT,2026-07-27 20:00:00+00:00,2026-07-30 16:00:00+00:00,0.7149,0.7068,10.0,True,99.993063,1398.7,0.09632011608706934,9.62556463,4080,b434_stop,-0.5107862934638039
QNT/USDT:USDT,2026-07-30 08:00:00+00:00,2026-07-30 16:00:00+00:00,60.76,60.65,10.0,False,99.6464,16.4,-0.0272893181350619,-2.72091388,480,b434_stop,0.27776051879999997
BCH/USDT:USDT,2026-07-30 16:00:00+00:00,2026-07-30 20:00:00+00:00,219.81,218.54,10.0,False,99.991569,4.549,-0.07070018199958404,-7.07366378,240,b434_stop,-0.10000129360655402
PUMP/USDT:USDT,2026-07-30 20:00:00+00:00,2026-07-30 20:00:00+00:00,0.00202,0.00202,10.0,False,99.999898,495049.0,-0.012150359085351076,-1.21576369,0,b434_stop,-0.015764909414825497
WLD/USDT:USDT,2026-07-30 12:00:00+00:00,2026-07-31 00:00:00+00:00,0.3059,0.3065,10.0,False,99.99871,3269.0,0.009231389022955575,0.92368087,720,b434_stop,0.16344222759552518
ETH/USDT:USDT,2026-07-30 16:00:00+00:00,2026-07-31 00:00:00+00:00,1917.96,1917.31,10.0,False,99.925716,0.521,-0.016149014822957813,-1.61467009,480,b434_stop,-0.07711468324454485
LINK/USDT:USDT,2026-07-30 16:00:00+00:00,2026-07-31 00:00:00+00:00,8.479,8.448,10.0,False,99.992847,117.93,-0.05050524206231131,-5.05319304,480,b434_stop,-0.19964237807088003
DOGE/USDT:USDT,2026-07-30 20:00:00+00:00,2026-07-31 00:00:00+00:00,0.07072,0.07055,10.0,False,99.99808,14140.0,-0.0367612068145712,-3.67825573,240,b434_stop,-0.07592105453324001
HYPE/USDT:USDT,2026-07-30 20:00:00+00:00,2026-07-31 00:00:00+00:00,55.399,55.84,10.0,False,99.995195,18.05,0.06651252452964194,6.65492342,240,b434_stop,-0.10040820908935
US/USDT:USDT,2026-07-30 20:00:00+00:00,2026-07-31 00:00:00+00:00,0.044095,0.04496,10.0,True,99.998641,22678.0,-0.20687454256371665,-20.67476081,240,b434_stop,0.153462763035
LTC/USDT:USDT,2026-07-31 00:00:00+00:00,2026-07-31 00:00:00+00:00,45.54,45.54,10.0,False,99.996732,21.958,-0.011625843854224167,-1.16324392,0,b434_stop,0.03671686109899999
LIT/USDT:USDT,2026-07-31 00:00:00+00:00,2026-07-31 00:00:00+00:00,2.2798,2.2798,10.0,False,99.992028,438.6,-0.012492567664440042,-1.24990667,0,b434_stop,-0.0500023357611
MUBARAK/USDT:USDT,2026-07-17 20:00:00+00:00,2026-07-31 04:00:00+00:00,0.01209,0.01179,10.0,True,99.998808,82712.0,0.26036285227444866,26.02035329,19200,b434_stop,2.3918508290464033
SOL/USDT:USDT,2026-07-30 12:00:00+00:00,2026-07-31 04:00:00+00:00,74.18,74.1,10.0,False,99.99464,13.48,-0.024322664878127495,-2.4335954,960,b434_stop,-0.15590676433049155
AAVE/USDT:USDT,2026-07-31 04:00:00+00:00,2026-07-31 04:00:00+00:00,99.76,99.76,10.0,False,99.76,10.0,-0.011992804317409553,-1.19712,0,b434_stop,0.0
ARB/USDT:USDT,2026-07-23 08:00:00+00:00,2026-07-31 08:00:00+00:00,0.08847,0.07705,10.0,True,99.9994104,11303.2,1.2712532772785043,127.04830345,11520,b434_limit,-0.9116971546210986
DOT/USDT:USDT,2026-07-30 00:00:00+00:00,2026-07-31 08:00:00+00:00,0.7632,0.7708,10.0,False,99.994464,1310.2,0.08505329999582067,8.50996206,1920,b434_stop,-0.24164986345007577
TRUMP/USDT:USDT,2026-07-30 08:00:00+00:00,2026-07-31 08:00:00+00:00,1.45,1.452,10.0,False,99.99925,689.65,0.0019969529143845153,0.19981361,1440,b434_stop,0.021332187762702168
BEAMX/USDT:USDT,2026-07-30 20:00:00+00:00,2026-07-31 08:00:00+00:00,0.001461,0.001452,10.0,False,99.9998982,684462.0,-0.07551015931987187,-7.55553885,720,b434_stop,-0.199078168317
1000SHIB/USDT:USDT,2026-07-31 08:00:00+00:00,2026-07-31 08:00:00+00:00,0.004719,0.004719,10.0,False,99.9998571,211909.0,-0.01188124214319608,-1.18883539,0,b434_stop,0.0111628928848212
TAO/USDT:USDT,2026-07-30 04:00:00+00:00,2026-07-31 12:00:00+00:00,192.21,193.57,10.0,False,99.987642,5.202,0.05414774464644251,5.41735377,1920,b434_stop,-0.45326969511937204
DOGE/USDT:USDT,2026-07-31 12:00:00+00:00,2026-07-31 16:00:00+00:00,0.0696,0.06901,10.0,True,99.99432,14367.0,0.07306598074606539,7.30179935,240,b434_stop,0.0201152729393208
BCH/USDT:USDT,2026-07-31 12:00:00+00:00,2026-07-31 16:00:00+00:00,207.34,207.31,10.0,True,99.979348,4.822,-0.012487270285908358,-1.24772006,240,b434_stop,-0.19271467912955945
BTC/USDT:USDT,2026-07-31 16:00:00+00:00,2026-07-31 16:00:00+00:00,62695.3,62695.3,10.0,True,94.04295,0.015,-0.011440451477583064,-1.07524827,0,b434_stop,0.053267132203824244
XRP/USDT:USDT,2026-07-31 16:00:00+00:00,2026-07-31 16:00:00+00:00,1.06,1.06,10.0,True,99.9898,943.3,-0.011809185525516758,-1.18008962,0,b434_stop,0.01978798142
US/USDT:USDT,2026-07-31 08:00:00+00:00,2026-08-01 00:00:00+00:00,0.048626,0.056966,10.0,False,99.999369,20565.0,1.666960618361598,166.79502699,960,b434_stop,-3.414173317554105
STRK/USDT:USDT,2026-07-31 20:00:00+00:00,2026-08-01 08:00:00+00:00,0.02554,0.02537,10.0,False,99.9998268,39154.2,-0.07999975399031548,-8.00476152,720,b434_stop,-0.15254333015628
DOGE/USDT:USDT,2026-08-01 04:00:00+00:00,2026-08-01 08:00:00+00:00,0.0701,0.06983,10.0,False,99.99765,14265.0,-0.05124096960352125,-5.12705093,240,b434_stop,-0.077840059374675
FET/USDT:USDT,2026-07-30 08:00:00+00:00,2026-08-01 16:00:00+00:00,0.139,0.1412,10.0,False,99.9966,7194.0,0.14694170029524356,14.70248663,3360,b434_stop,0.085141908501144
AXS/USDT:USDT,2026-07-30 08:00:00+00:00,2026-08-01 16:00:00+00:00,0.824,0.832,10.0,False,99.9512,1213.0,0.08254418841983535,8.25534092,3360,b434_stop,-0.24342227676336342
FIL/USDT:USDT,2026-07-30 16:00:00+00:00,2026-08-01 16:00:00+00:00,0.7068,0.7106,10.0,False,99.998064,1414.8,0.03501093975462795,3.50312681,2880,b434_stop,-0.669910682099408
SAND/USDT:USDT,2026-07-30 16:00:00+00:00,2026-08-01 20:00:00+00:00,0.04113,0.04111,10.0,False,99.999369,24313.0,-0.011834777755600748,-1.18418039,3120,b434_stop,0.501780281684688
SUI/USDT:USDT,2026-08-01 20:00:00+00:00,2026-08-01 20:00:00+00:00,0.6711,0.6711,10.0,True,99.9939,1490.0,-0.012007204322593557,-1.1999268,0,b434_stop,0.0
DOGE/USDT:USDT,2026-08-01 20:00:00+00:00,2026-08-01 20:00:00+00:00,0.06847,0.06847,10.0,True,99.993588,14604.0,-0.012007204362620136,-1.19992306,0,b434_stop,0.0
TAO/USDT:USDT,2026-08-01 20:00:00+00:00,2026-08-01 20:00:00+00:00,190.48,190.48,10.0,True,99.982952,5.249,-0.011881021974524956,-1.18718691,0,b434_stop,0.012608512146099999
1000PEPE/USDT:USDT,2026-07-28 00:00:00+00:00,2026-08-02 00:00:00+00:00,0.002824,0.0027749,10.0,True,99.9998168,354107.0,0.15280586779306143,15.27139045,7200,b434_stop,-0.9256974396361809
ADA/USDT:USDT,2026-07-29 00:00:00+00:00,2026-08-02 00:00:00+00:00,0.1619,0.1744,10.0,False,99.98944,6176.0,0.7468327518068297,74.72019386,5760,b434_limit,-1.23361286064
UNI/USDT:USDT,2026-08-01 08:00:00+00:00,2026-08-02 00:00:00+00:00,4.096,4.084,10.0,True,99.9424,244.0,0.01944756902008777,1.94247054,960,b434_stop,0.21202253762676482
FIL/USDT:USDT,2026-08-02 00:00:00+00:00,2026-08-02 00:00:00+00:00,0.7003,0.7003,10.0,True,99.995837,1427.9,-0.011890217423211403,-1.18825886,0,b434_stop,0.011691182560400002
AVAX/USDT:USDT,2026-07-27 20:00:00+00:00,2026-08-02 04:00:00+00:00,6.611,6.318,10.0,True,99.8261,151.0,0.43195238603180885,43.09425001,7680,b434_stop,0.022617405523706113
BR/USDT:USDT,2026-07-30 16:00:00+00:00,2026-08-02 04:00:00+00:00,0.14731,0.16795,10.0,False,99.994028,6788.0,1.3634952113639645,136.42318317,3600,b434_limit,-2.3971458981873526
LINK/USDT:USDT,2026-07-31 12:00:00+00:00,2026-08-02 04:00:00+00:00,8.262,8.289,10.0,True,99.994986,121.03,-0.04316805397994679,-4.313999,2400,b434_stop,0.15571152173064035
SOL/USDT:USDT,2026-07-31 20:00:00+00:00,2026-08-02 04:00:00+00:00,73.05,73.17,10.0,True,99.9324,13.68,-0.026627603321682562,-2.65936373,1920,b434_stop,0.1824100298665703
MUBARAK/USDT:USDT,2026-08-01 20:00:00+00:00,2026-08-02 08:00:00+00:00,0.01208,0.01223,10.0,True,99.999448,82781.0,-0.13431898708819714,-13.42376547,720,b434_stop,0.200828196058
SUI/USDT:USDT,2026-08-02 04:00:00+00:00,2026-08-02 08:00:00+00:00,0.6894,0.691,10.0,False,99.99747,1450.5,0.010186235125300539,1.0192089,240,b434_stop,-0.1002289770525
BTC/USDT:USDT,2026-08-02 08:00:00+00:00,2026-08-02 08:00:00+00:00,63468.0,63468.0,10.0,False,95.202,0.015,-0.012886569438559968,-1.22756328,0,b434_stop,-0.08513928274499999
SOL/USDT:USDT,2026-08-02 08:00:00+00:00,2026-08-02 08:00:00+00:00,73.43,73.43,10.0,False,99.93823,13.61,-0.012992340779653142,-1.2992106,0,b434_stop,-0.09995184
LINK/USDT:USDT,2026-08-02 08:00:00+00:00,2026-08-02 08:00:00+00:00,8.376,8.376,10.0,False,99.992688,119.38,-0.01299213087607478,-1.29989756,0,b434_stop,-0.09998530589893999
US/USDT:USDT,2026-08-02 08:00:00+00:00,2026-08-02 08:00:00+00:00,0.049623,0.049623,10.0,True,99.9953073,20151.0,-0.011505525411085744,-1.14980825,0,b434_stop,0.0501354361125
PENGU/USDT:USDT,2026-07-27 20:00:00+00:00,2026-08-02 12:00:00+00:00,0.00612,0.006136,10.0,True,99.999576,163398.0,-0.04586067683870345,-4.58329661,8160,b434_stop,-0.7673650786131732
AVAX/USDT:USDT,2026-08-02 08:00:00+00:00,2026-08-02 20:00:00+00:00,6.608,6.6,10.0,False,99.7808,151.0,-0.02608150606004436,-2.603995,720,b434_stop,-0.19935020000000003
XRP/USDT:USDT,2026-08-02 04:00:00+00:00,2026-08-03 00:00:00+00:00,1.0769,1.0866,10.0,False,99.990165,928.5,0.07520150700165355,7.52392274,1200,b434_stop,-0.2772414138825
BCH/USDT:USDT,2026-08-02 08:00:00+00:00,2026-08-03 00:00:00+00:00,211.96,212.66,10.0,False,99.981532,4.717,0.018689041738080676,1.86968016,960,b434_stop,-0.23046031395447553
FIL/USDT:USDT,2026-08-02 08:00:00+00:00,2026-08-03 00:00:00+00:00,0.7173,0.7184,10.0,False,99.998793,1394.1,0.00032111550888438013,0.03213043,960,b434_stop,-0.3004739516547
DOGE/USDT:USDT,2026-08-02 04:00:00+00:00,2026-08-03 04:00:00+00:00,0.07003,0.06978,10.0,False,99.995837,14279.0,-0.05066663303766192,-5.06949225,1440,b434_stop,-0.301934052838
MUBARAK/USDT:USDT,2026-08-03 04:00:00+00:00,2026-08-03 04:00:00+00:00,0.01348,0.01348,10.0,False,99.998684,74183.0,-0.012492133814829994,-1.24994646,0,b434_stop,-0.0499622505
ORCA/USDT:USDT,2026-07-28 00:00:00+00:00,2026-08-03 08:00:00+00:00,1.174,1.072,10.0,True,99.98958,851.7,0.858312617483527,85.77082474,9120,b434_limit,0.04517565695633378
HYPE/USDT:USDT,2026-08-01 00:00:00+00:00,2026-08-03 08:00:00+00:00,52.559,52.377,10.0,True,99.967218,19.02,0.030115926435303402,3.00879902,3360,b434_stop,0.74468864708979
COLLECT/USDT:USDT,2026-08-01 08:00:00+00:00,2026-08-03 08:00:00+00:00,0.05351,0.05339,10.0,False,99.999488,18688.0,-0.05498111440356558,-5.50138214,2880,b434_stop,-2.0601738246797825
AXS/USDT:USDT,2026-08-03 08:00:00+00:00,2026-08-03 08:00:00+00:00,0.816,0.816,10.0,True,99.96,1225.0,-0.01150690414248549,-1.14954,0,b434_stop,0.049980000000000004
1000SHIB/USDT:USDT,2026-08-03 04:00:00+00:00,2026-08-03 12:00:00+00:00,0.004851,0.004843,10.0,True,99.9999693,206143.0,0.004932167213594986,0.49292064,480,b434_stop,0.04278678958554
BTC/USDT:USDT,2026-08-03 12:00:00+00:00,2026-08-03 12:00:00+00:00,62534.1,62534.1,10.0,True,93.80115,0.015,-0.012007204322593557,-1.1256138,0,b434_stop,0.0
PUMP/USDT:USDT,2026-08-02 20:00:00+00:00,2026-08-03 16:00:00+00:00,0.002151,0.002084,10.0,True,99.99999,464900.0,0.30278015255137924,30.25984542,1200,b434_stop,0.2928563166
AXS/USDT:USDT,2026-08-03 16:00:00+00:00,2026-08-03 16:00:00+00:00,0.832,0.832,10.0,False,99.9232,1201.0,-0.012493105098479375,-1.24910005,0,b434_stop,-0.05002165
BTC/USDT:USDT,2026-08-03 16:00:00+00:00,2026-08-03 20:00:00+00:00,63659.5,63836.9,10.0,False,95.48925,0.015,0.01559351395291787,1.48990636,240,b434_stop,-0.023626039261828477
ORCA/USDT:USDT,2026-08-03 20:00:00+00:00,2026-08-03 20:00:00+00:00,1.088,1.088,10.0,False,99.99808,919.1,-0.010944833067039141,-1.09511897,0,b434_stop,0.104857986688
MUBARAK/USDT:USDT,2026-08-03 16:00:00+00:00,2026-08-04 00:00:00+00:00,0.0126,0.01267,10.0,True,99.9999,79365.0,-0.06663450289625994,-6.65944556,480,b434_stop,0.09943657056333
1000SHIB/USDT:USDT,2026-08-04 00:00:00+00:00,2026-08-04 04:00:00+00:00,0.004983,0.004983,10.0,False,99.9998406,200682.0,-0.01299209636400884,-1.29998709,240,b434_stop,-0.09998900377200001
PUMP/USDT:USDT,2026-08-04 08:00:00+00:00,2026-08-04 08:00:00+00:00,0.002258,0.002258,10.0,False,99.9998202,442869.0,-0.012100892135177394,-1.21081309,0,b434_stop,-0.010815246718899
LINK/USDT:USDT,2026-08-04 08:00:00+00:00,2026-08-04 12:00:00+00:00,8.17,8.211,10.0,True,99.99263,122.39,-0.062054737132345585,-6.20129336,240,b434_stop,0.019618990704926745
LINK/USDT:USDT,2026-08-04 12:00:00+00:00,2026-08-04 12:00:00+00:00,8.211,8.211,10.0,False,99.993558,121.78,-0.011992804357388143,-1.1999227,0,b434_stop,0.0
AIN/USDT:USDT,2026-07-26 16:00:00+00:00,2026-08-04 16:00:00+00:00,0.08686,0.06781,10.0,True,99.993232,11512.0,2.2323029681964464,223.08125948,12960,b434_limit,4.845996105470296
QNT/USDT:USDT,2026-08-02 20:00:00+00:00,2026-08-04 16:00:00+00:00,60.44,59.74,10.0,True,99.726,16.5,0.10069177980727027,10.03556348,2640,b434_stop,-0.3246545205440592
TAO/USDT:USDT,2026-08-04 16:00:00+00:00,2026-08-04 16:00:00+00:00,192.46,192.46,10.0,False,99.98297,5.195,-0.012382750097552485,-1.23880697,0,b434_stop,-0.039011327805
FIL/USDT:USDT,2026-08-04 12:00:00+00:00,2026-08-04 20:00:00+00:00,0.7139,0.7162,10.0,True,99.995973,1400.7,-0.0435405778737678,-4.35127012,480,b434_stop,0.0722245196127
PENGU/USDT:USDT,2026-08-04 16:00:00+00:00,2026-08-04 20:00:00+00:00,0.006072,0.006094,10.0,True,99.999768,164690.0,-0.04793032122436085,-4.79014519,240,b434_stop,0.0352059328148
ADA/USDT:USDT,2026-08-04 20:00:00+00:00,2026-08-04 20:00:00+00:00,0.1923,0.1923,10.0,True,99.996,5200.0,-0.012007204322593557,-1.199952,0,b434_stop,0.0
QNT/USDT:USDT,2026-08-04 20:00:00+00:00,2026-08-04 20:00:00+00:00,60.68,60.68,10.0,False,99.5152,16.4,-0.011992804317409556,-1.1941824,0,b434_stop,0.0
BNB/USDT:USDT,2026-07-30 00:00:00+00:00,2026-08-05 00:00:00+00:00,572.41,593.57,10.0,False,99.59934,1.74,0.3445002655695476,34.33258628,8640,b434_limit,-1.2685305999799559
LTC/USDT:USDT,2026-07-31 16:00:00+00:00,2026-08-05 00:00:00+00:00,44.88,44.81,10.0,True,99.997128,22.281,0.00338321303540009,0.3381086,6240,b434_stop,-0.022531669603253836
MUBARAK/USDT:USDT,2026-08-05 00:00:00+00:00,2026-08-05 00:00:00+00:00,0.01349,0.01349,10.0,False,99.998672,74128.0,-0.012492504497301618,-1.2499834,0,b434_stop,-0.049999336000000005
SAND/USDT:USDT,2026-08-04 16:00:00+00:00,2026-08-05 04:00:00+00:00,0.0419,0.04199,10.0,True,99.99854,23866.0,-0.03653496617016188,-3.65125121,720,b434_stop,-0.30203997092531043
AIN/USDT:USDT,2026-08-05 04:00:00+00:00,2026-08-05 04:00:00+00:00,0.0687,0.0687,10.0,False,99.99972,14556.0,-0.012492068057942472,-1.24995283,0,b434_stop,-0.049956192
ARB/USDT:USDT,2026-08-05 04:00:00+00:00,2026-08-05 08:00:00+00:00,0.08058,0.08099,10.0,True,99.99978,12410.0,-0.06335657324477732,-6.331842,240,b434_stop,-0.040691777598766
BCH/USDT:USDT,2026-08-05 08:00:00+00:00,2026-08-05 08:00:00+00:00,210.52,210.52,10.0,True,99.997,4.75,-0.012313185685344424,-1.23054286,0,b434_stop,-0.0305788621256112
LINK/USDT:USDT,2026-08-05 00:00:00+00:00,2026-08-05 12:00:00+00:00,8.144,8.147,10.0,True,99.992032,122.78,-0.014466820917211234,-1.44569888,720,b434_stop,0.12276650684634002
DOGE/USDT:USDT,2026-08-05 08:00:00+00:00,2026-08-05 12:00:00+00:00,0.06983,0.0698,10.0,True,99.99656,14320.0,-0.007448480462268627,-0.74437553,240,b434_stop,0.025725430351999996
AVAX/USDT:USDT,2026-08-05 12:00:00+00:00,2026-08-05 12:00:00+00:00,6.657,6.657,10.0,True,99.855,150.0,-0.012007204322593557,-1.19826,0,b434_stop,0.0
ETH/USDT:USDT,2026-07-31 08:00:00+00:00,2026-08-05 16:00:00+00:00,1888.93,1872.91,10.0,True,99.924397,0.529,0.07902413194687524,7.89170087,7680,b434_stop,0.6111288845188839
XRP/USDT:USDT,2026-08-05 04:00:00+00:00,2026-08-05 16:00:00+00:00,1.0671,1.0602,10.0,True,99.997941,937.1,0.05267508367943263,5.26423947,720,b434_stop,-0.005654829444338219
WLD/USDT:USDT,2026-08-05 12:00:00+00:00,2026-08-05 16:00:00+00:00,0.3196,0.3163,10.0,True,99.97088,3128.0,0.09100024782129504,9.09191643,240,b434_stop,-0.0370264488
SUI/USDT:USDT,2026-08-05 16:00:00+00:00,2026-08-05 16:00:00+00:00,0.687,0.687,10.0,True,99.99972,1455.6,-0.01196818089933958,-1.19609665,0,b434_stop,0.00389998908
BCH/USDT:USDT,2026-08-05 20:00:00+00:00,2026-08-05 20:00:00+00:00,215.68,215.68,10.0,False,99.989248,4.636,-0.011992804357389869,-1.19987098,0,b434_stop,0.0
TRUMP/USDT:USDT,2026-08-05 20:00:00+00:00,2026-08-05 20:00:00+00:00,1.462,1.462,10.0,True,99.999338,683.99,-0.011506755382245146,-1.14997752,0,b434_stop,0.05001453483866001
QNT/USDT:USDT,2026-08-05 20:00:00+00:00,2026-08-06 00:00:00+00:00,59.68,59.68,10.0,True,99.6656,16.7,-0.011006436301459161,-1.0963049,240,b434_stop,0.0996823
FET/USDT:USDT,2026-08-06 00:00:00+00:00,2026-08-06 00:00:00+00:00,0.1418,0.1418,10.0,True,99.99736,7052.0,-0.0129048561975092,-1.28967728,0,b434_stop,-0.0897089563770208
PENGU/USDT:USDT,2026-08-06 00:00:00+00:00,2026-08-06 00:00:00+00:00,0.006249,0.006249,10.0,False,99.9996225,160025.0,-0.01249250448480907,-1.24999528,0,b434_stop,-0.049999811250000005
BNB/USDT:USDT,2026-08-06 04:00:00+00:00,2026-08-06 04:00:00+00:00,594.88,594.88,10.0,True,99.93984,1.68,-0.012007204322593557,-1.19927808,0,b434_stop,0.0
XLM/USDT:USDT,2026-06-19 04:00:00+00:00,2026-08-06 08:00:00+00:00,0.22602,0.16179,10.0,True,99.991248,4424.0,2.813797484988746,281.18630907,69360,b434_limit,-1.937808065659379
UNI/USDT:USDT,2026-08-05 16:00:00+00:00,2026-08-06 08:00:00+00:00,4.016,4.024,10.0,False,99.9984,249.0,0.006558671998516118,0.65625022,960,b434_stop,-0.13457377640614201
COLLECT/USDT:USDT,2026-08-06 04:00:00+00:00,2026-08-06 08:00:00+00:00,0.05644,0.05766,10.0,False,99.994748,17717.0,0.19544959981210266,19.55565984,240,b434_stop,-0.846174341281136
LINK/USDT:USDT,2026-08-06 08:00:00+00:00,2026-08-06 08:00:00+00:00,8.185,8.185,10.0,False,99.996145,122.17,-0.012377473553764203,-1.23844226,0,b434_stop,-0.0384885162105
NIL/USDT:USDT,2026-07-28 08:00:00+00:00,2026-08-06 12:00:00+00:00,0.03684,0.03588,10.0,True,99.9999696,27144.4,0.1390628956871675,13.89794157,13200,b434_stop,-10.976317968323189
LIT/USDT:USDT,2026-07-31 08:00:00+00:00,2026-08-06 12:00:00+00:00,2.1991,2.2146,10.0,True,99.993077,454.7,-0.0645820170406563,-6.45387995,8880,b434_stop,1.79811568313165
HYPE/USDT:USDT,2026-08-06 12:00:00+00:00,2026-08-06 12:00:00+00:00,55.379,55.379,10.0,True,99.959095,18.05,-0.011583350036452682,-1.15716647,0,b434_stop,0.042342672642
BCH/USDT:USDT,2026-08-06 12:00:00+00:00,2026-08-06 12:00:00+00:00,211.78,211.78,10.0,True,99.981338,4.721,-0.012007204362625042,-1.19977606,0,b434_stop,0.0
PUMP/USDT:USDT,2026-08-06 08:00:00+00:00,2026-08-06 16:00:00+00:00,0.002349,0.00231,10.0,True,99.9999837,425713.0,0.15472543496609342,15.46325745,480,b434_stop,0.05048857414584
ADA/USDT:USDT,2026-08-06 16:00:00+00:00,2026-08-06 16:00:00+00:00,0.2088,0.2088,10.0,False,99.99432,4789.0,-0.012992637542076232,-1.29996947,0,b434_stop,-0.100037626927
US/USDT:USDT,2026-08-06 08:00:00+00:00,2026-08-07 00:00:00+00:00,0.055625,0.057127,10.0,False,99.9970625,17977.0,0.23450102388632543,23.46348319,960,b434_stop,-2.321805184220427
PENGU/USDT:USDT,2026-08-06 20:00:00+00:00,2026-08-07 04:00:00+00:00,0.006019,0.005988,10.0,True,99.999666,166140.0,0.038959419598145674,3.89359139,480,b434_stop,-0.059842825228134
TRUMP/USDT:USDT,2026-08-07 00:00:00+00:00,2026-08-07 04:00:00+00:00,1.48,1.485,10.0,False,99.99916,675.67,0.021040881920301995,2.10533296,240,b434_stop,-0.0710001130535
NIL/USDT:USDT,2026-08-07 00:00:00+00:00,2026-08-07 08:00:00+00:00,0.03414,0.03306,10.0,True,99.9998154,29291.1,0.30619880418635853,30.601452,480,b434_stop,0.14808115605
BTC/USDT:USDT,2026-08-07 04:00:00+00:00,2026-08-07 08:00:00+00:00,64264.0,64288.8,10.0,True,96.396,0.015,-0.015413055356347549,-1.48486543,240,b434_stop,0.04410977026906353
US/USDT:USDT,2026-08-07 04:00:00+00:00,2026-08-07 08:00:00+00:00,0.053709,0.052431,10.0,True,99.9954162,18618.0,0.23280770255814104,23.26573529,240,b434_stop,0.6576000028020983
SAND/USDT:USDT,2026-08-07 08:00:00+00:00,2026-08-07 08:00:00+00:00,0.04184,0.04184,10.0,False,99.9976,23900.0,-0.012963821725365223,-1.29712887,0,b434_stop,-0.09715766816
COLLECT/USDT:USDT,2026-08-07 08:00:00+00:00,2026-08-07 08:00:00+00:00,0.05359,0.05359,10.0,True,99.99894,18660.0,-0.007984197099969748,-0.7979322,0,b434_stop,0.40205508319800004
MUBARAK/USDT:USDT,2026-08-06 08:00:00+00:00,2026-08-07 12:00:00+00:00,0.01318,0.01324,10.0,True,99.999296,75872.0,-0.0536929581465142,-5.36603646,1680,b434_stop,0.389006479888
SOL/USDT:USDT,2026-08-06 12:00:00+00:00,2026-08-07 12:00:00+00:00,73.42,73.61,10.0,True,99.99804,13.62,-0.03845968726994654,-3.84358581,1440,b434_stop,-0.054256653811849784
NEAR/USDT:USDT,2026-07-30 08:00:00+00:00,2026-08-07 16:00:00+00:00,1.626,1.611,10.0,False,99.999,615.0,-0.12007607983335479,-12.0146924,12000,b434_stop,-1.595239395336804
BTC/USDT:USDT,2026-08-07 12:00:00+00:00,2026-08-07 16:00:00+00:00,64996.2,64885.5,10.0,False,97.4943,0.015,-0.02963349141538265,-2.89082996,240,b434_stop,-0.0613946601
DOGE/USDT:USDT,2026-08-07 16:00:00+00:00,2026-08-07 16:00:00+00:00,0.06992,0.06992,10.0,False,99.999584,14302.0,-0.012992204657205594,-1.29999459,0,b434_stop,-0.099999584
NIL/USDT:USDT,2026-08-07 16:00:00+00:00,2026-08-07 16:00:00+00:00,0.03889,0.03889,10.0,False,99.9998015,25713.5,-0.012492255058969186,-1.24997256,0,b434_stop,-0.04997494579825
TAO/USDT:USDT,2026-08-06 16:00:00+00:00,2026-08-07 20:00:00+00:00,193.09,193.94,10.0,True,99.982002,5.178,-0.052902807018550005,-5.28615496,1680,b434_stop,0.3175698482477124
SOL/USDT:USDT,2026-08-07 20:00:00+00:00,2026-08-07 20:00:00+00:00,73.99,73.99,10.0,False,99.96049,13.51,-0.011992804317409553,-1.19952588,0,b434_stop,0.0
XLM/USDT:USDT,2026-08-07 20:00:00+00:00,2026-08-07 20:00:00+00:00,0.16208,0.16208,10.0,False,99.987152,6169.0,-0.0119928042774284,-1.19984582,0,b434_stop,0.0
QNT/USDT:USDT,2026-08-08 00:00:00+00:00,2026-08-08 00:00:00+00:00,59.83,59.83,10.0,False,99.9161,16.7,-0.012134220487063,-1.21313143,0,b434_stop,-0.014138226242568549
TAO/USDT:USDT,2026-08-08 04:00:00+00:00,2026-08-08 04:00:00+00:00,196.21,196.21,10.0,False,99.988616,5.096,-0.012492479009690933,-1.24985515,0,b434_stop,-0.049991759999999996
STRK/USDT:USDT,2026-08-07 16:00:00+00:00,2026-08-08 08:00:00+00:00,0.02512,0.0249,10.0,True,99.9999568,39808.9,0.07815457788925353,7.81076514,960,b434_stop,0.2475518436945
ORCA/USDT:USDT,2026-08-08 00:00:00+00:00,2026-08-08 08:00:00+00:00,1.066,1.067,10.0,True,99.9908,938.0,-0.02103229238534812,-2.10177392,480,b434_stop,0.036678481741999995
AXS/USDT:USDT,2026-08-08 04:00:00+00:00,2026-08-08 08:00:00+00:00,0.8905,0.8938,10.0,True,99.9141,1122.0,-0.04810702255154328,-4.80368592,240,b434_stop,0.10010484
ORCA/USDT:USDT,2026-08-08 12:00:00+00:00,2026-08-08 12:00:00+00:00,1.079,1.079,10.0,False,99.99093,926.7,-0.012492276663325065,-1.24986383,0,b434_limit,-0.04997267420355
NIL/USDT:USDT,2026-08-08 12:00:00+00:00,2026-08-08 16:00:00+00:00,0.03449,0.035,10.0,True,99.9999611,28993.9,-0.15904584794047782,-15.89503586,240,b434_stop,0.10072480860000002
MOVR/USDT:USDT,2026-08-07 16:00:00+00:00,2026-08-08 20:00:00+00:00,1.163,1.148,10.0,True,99.999392,859.84,0.12017711670848856,12.01042802,1680,b434_stop,0.30508216578992803
ARB/USDT:USDT,2026-08-08 08:00:00+00:00,2026-08-08 20:00:00+00:00,0.07872,0.07875,10.0,False,99.9995904,12703.2,-0.00897355284601825,-0.89789002,720,b434_stop,-0.0787622743840836
FET/USDT:USDT,2026-08-08 12:00:00+00:00,2026-08-08 20:00:00+00:00,0.1379,0.1371,10.0,False,99.99129,7251.0,-0.07094003206488,-7.09764135,480,b434_stop,-0.10042635000000001
UNI/USDT:USDT,2026-08-08 12:00:00+00:00,2026-08-08 20:00:00+00:00,3.984,4.003,10.0,True,99.9984,251.0,-0.05875327075075106,-5.87170793,480,b434_stop,0.100134274583
AVAX/USDT:USDT,2026-08-08 12:00:00+00:00,2026-08-08 20:00:00+00:00,6.548,6.521,10.0,False,99.5296,152.0,-0.05417549714520708,-5.3953008,480,b434_stop,-0.09940800000000001
FIL/USDT:USDT,2026-08-08 12:00:00+00:00,2026-08-08 20:00:00+00:00,0.7147,0.716,10.0,False,99.993677,1399.1,0.005172914131131848,0.51756906,480,b434_stop,-0.10024551500000001
BNB/USDT:USDT,2026-08-08 16:00:00+00:00,2026-08-08 20:00:00+00:00,605.54,603.66,10.0,False,99.9141,1.65,-0.043866453820309764,-4.38550698,240,b434_stop,-0.08639897690951553
LIT/USDT:USDT,2026-08-08 16:00:00+00:00,2026-08-08 20:00:00+00:00,2.2699,2.2846,10.0,True,99.989095,440.5,-0.07584166336909182,-7.57878928,240,b434_stop,0.10031506500000001
WLD/USDT:USDT,2026-08-08 08:00:00+00:00,2026-08-09 00:00:00+00:00,0.3063,0.3055,10.0,False,99.97632,3264.0,-0.034989655528442326,-3.50023588,960,b434_stop,0.3091132449818112
COLLECT/USDT:USDT,2026-08-08 16:00:00+00:00,2026-08-09 00:00:00+00:00,0.05727,0.05695,10.0,False,99.999147,17461.0,-0.07856828661762676,-7.8614757,480,b434_stop,-1.0773184453594784
MUBARAK/USDT:USDT,2026-08-07 20:00:00+00:00,2026-08-09 04:00:00+00:00,0.01383,0.0161,10.0,False,99.999198,72306.0,1.6235752496363645,162.45363659,1920,b434_limit,-0.3825122585032944
MOVR/USDT:USDT,2026-08-09 04:00:00+00:00,2026-08-09 04:00:00+00:00,1.193,1.193,10.0,False,99.999646,838.22,-0.012492504547271814,-1.24999558,0,b434_stop,-0.049999823000000006
XRP/USDT:USDT,2026-08-08 12:00:00+00:00,2026-08-09 08:00:00+00:00,1.0374,1.0368,10.0,False,99.994986,963.9,-0.020574826744739223,-2.05861394,1200,b434_stop,-0.2806811114532308
AXS/USDT:USDT,2026-08-08 20:00:00+00:00,2026-08-09 08:00:00+00:00,0.9124,0.9097,10.0,False,99.99904,1096.0,-0.04355318604982253,-4.35788996,720,b434_stop,-0.20047700076400002
ETH/USDT:USDT,2026-08-09 00:00:00+00:00,2026-08-09 08:00:00+00:00,1915.98,1918.29,10.0,True,99.822558,0.521,-0.023339125538414243,-2.32837335,480,b434_stop,0.07372945129552624
BTC/USDT:USDT,2026-08-09 00:00:00+00:00,2026-08-09 12:00:00+00:00,64928.6,64921.7,10.0,True,97.3929,0.015,-0.009834940658253539,-0.95727868,720,b434_stop,0.107874016072735
ARB/USDT:USDT,2026-08-09 08:00:00+00:00,2026-08-09 12:00:00+00:00,0.07772,0.07751,10.0,True,99.9999924,12866.7,0.015052816733367686,1.50437839,240,b434_stop,0.00075009644325
TRUMP/USDT:USDT,2026-08-09 12:00:00+00:00,2026-08-09 12:00:00+00:00,1.476,1.476,10.0,True,99.999,677.5,-0.01150656523575442,-1.14995463,0,b434_stop,0.050033375000000005
1000PEPE/USDT:USDT,2026-08-05 00:00:00+00:00,2026-08-09 16:00:00+00:00,0.0028876,0.0028893,10.0,True,99.99989808,346308.0,-0.007344365300065927,-0.73399512,6720,b434_stop,1.05508048980147
UNI/USDT:USDT,2026-08-09 16:00:00+00:00,2026-08-09 16:00:00+00:00,4.073,4.073,10.0,False,99.7885,245.0,-0.012991959305143649,-1.297226,0,b434_stop,-0.099764
BCH/USDT:USDT,2026-08-07 08:00:00+00:00,2026-08-09 20:00:00+00:00,215.01,216.18,10.0,False,99.97965,4.65,0.03919915891970564,3.92146966,3600,b434_stop,-0.3160102359893538
BCH/USDT:USDT,2026-08-09 20:00:00+00:00,2026-08-09 20:00:00+00:00,216.18,216.18,10.0,True,99.98325,4.625,-0.012007204322593557,-1.199799,0,b434_stop,0.0
NEAR/USDT:USDT,2026-08-09 04:00:00+00:00,2026-08-09 20:00:00+00:00,1.616,1.633,10.0,False,99.8688,618.0,0.0910633259731431,9.09984172,960,b434_stop,-0.20142908268600002
TRUMP/USDT:USDT,2026-08-09 16:00:00+00:00,2026-08-09 20:00:00+00:00,1.511,1.516,10.0,False,99.999491,661.81,0.020154963871996168,2.01669542,240,b434_stop,-0.0903752546321525
ARB/USDT:USDT,2026-08-09 20:00:00+00:00,2026-08-09 20:00:00+00:00,0.07881,0.07881,10.0,False,99.9996447,12688.7,-0.011992804353388096,-1.19999574,0,b434_stop,0.0
AXS/USDT:USDT,2026-08-09 12:00:00+00:00,2026-08-10 00:00:00+00:00,0.9014,0.8969,10.0,True,99.96526,1109.0,0.039975441600891636,3.99375772,720,b434_stop,0.199846539866
DOGE/USDT:USDT,2026-08-10 00:00:00+00:00,2026-08-10 00:00:00+00:00,0.06929,0.06929,10.0,True,99.999328,14432.0,-0.011006505722773893,-1.09998279,0,b434_stop,0.10000914176000002
LINK/USDT:USDT,2026-08-10 00:00:00+00:00,2026-08-10 00:00:00+00:00,8.182,8.182,10.0,True,99.992222,122.21,-0.011457261267854657,-1.14494963,0,b434_stop,0.05495703596771124
LTC/USDT:USDT,2026-08-10 00:00:00+00:00,2026-08-10 00:00:00+00:00,45.43,45.43,10.0,True,99.995973,22.011,-0.01100638369134982,-1.09993369,0,b434_stop,0.100017984
MOVR/USDT:USDT,2026-08-10 00:00:00+00:00,2026-08-10 00:00:00+00:00,1.148,1.148,10.0,True,99.999984,871.08,-0.011506765599337448,-1.14998597,0,b434_stop,0.05001383955876001
ORCA/USDT:USDT,2026-08-10 00:00:00+00:00,2026-08-10 00:00:00+00:00,1.053,1.053,10.0,True,99.99288,949.6,-0.01209039455632455,-1.208228,0,b434_stop,-0.00831343787811264
COLLECT/USDT:USDT,2026-08-09 20:00:00+00:00,2026-08-10 08:00:00+00:00,0.05532,0.05499,10.0,True,99.996432,18076.0,0.05686038098972051,5.68242372,720,b434_stop,0.9137218602071387
MOVR/USDT:USDT,2026-08-10 08:00:00+00:00,2026-08-10 12:00:00+00:00,1.172,1.166,10.0,False,99.999728,853.24,-0.06412321549050091,-6.41615149,240,b434_stop,-0.09978641800000002
NIL/USDT:USDT,2026-08-09 16:00:00+00:00,2026-08-10 16:00:00+00:00,0.03882,0.04081,10.0,False,99.9999318,25759.9,0.4983832034791957,49.86818933,1440,b434_stop,-0.16325516701641743
SOL/USDT:USDT,2026-08-10 16:00:00+00:00,2026-08-10 20:00:00+00:00,75.93,76.18,10.0,True,99.99981,13.17,-0.04397106853602482,-4.39446024,240,b434_stop,0.10001298
HYPE/USDT:USDT,2026-08-10 20:00:00+00:00,2026-08-10 20:00:00+00:00,55.885,55.885,10.0,False,99.978265,17.89,-0.012492316944044412,-1.24970955,0,b434_stop,-0.04997036504022501
FIL/USDT:USDT,2026-08-10 12:00:00+00:00,2026-08-11 00:00:00+00:00,0.702,0.7026,10.0,True,99.9999,1424.5,-0.01918885749183928,-1.9177325,720,b434_stop,0.13747911743128638
UNI/USDT:USDT,2026-08-10 16:00:00+00:00,2026-08-11 00:00:00+00:00,3.938,3.943,10.0,True,99.6314,253.0,-0.023263621532061032,-2.31639651,480,b434_stop,0.14493928850857501
TRUMP/USDT:USDT,2026-08-10 16:00:00+00:00,2026-08-11 00:00:00+00:00,1.485,1.483,10.0,True,99.9999,673.4,0.0028371770416997554,0.28354719,480,b434_stop,0.135937914001344
AVAX/USDT:USDT,2026-08-11 00:00:00+00:00,2026-08-11 00:00:00+00:00,6.431,6.431,10.0,True,99.6805,155.0,-0.011497919663611411,-1.14543071,0,b434_stop,0.050735294400000006
AVAX/USDT:USDT,2026-08-11 04:00:00+00:00,2026-08-11 04:00:00+00:00,6.538,6.538,10.0,False,99.3776,152.0,-0.011992804317409553,-1.1925312,0,b434_stop,0.0
LIT/USDT:USDT,2026-08-11 04:00:00+00:00,2026-08-11 04:00:00+00:00,2.4762,2.4762,10.0,False,99.988956,403.8,-0.012492504497301622,-1.24986195,0,b434_stop,-0.049994478
BEAMX/USDT:USDT,2026-08-06 20:00:00+00:00,2026-08-11 08:00:00+00:00,0.001406,0.001404,10.0,True,99.9999222,711237.0,0.015551274156125634,1.55419313,6480,b434_stop,1.3308647165067864
BNB/USDT:USDT,2026-08-10 16:00:00+00:00,2026-08-11 08:00:00+00:00,601.45,602.85,10.0,True,99.8407,1.66,-0.03282563323895278,-3.2753678,960,b434_stop,0.24811499839636975
MOVR/USDT:USDT,2026-08-10 16:00:00+00:00,2026-08-11 08:00:00+00:00,1.156,1.123,10.0,True,99.99978,865.05,0.2762736477259794,27.61072761,960,b434_limit,0.24694697574660002
FET/USDT:USDT,2026-08-11 08:00:00+00:00,2026-08-11 08:00:00+00:00,0.1331,0.1331,10.0,True,99.99803,7513.0,-0.011820321713649747,-1.18129968,0,b434_stop,0.0186766778480733
ZRO/USDT:USDT,2026-07-28 08:00:00+00:00,2026-08-11 12:00:00+00:00,0.8699,0.8623,10.0,True,99.995005,1149.5,0.10801709087093934,10.79468884,20400,b434_stop,3.2531871841072824
SUI/USDT:USDT,2026-08-08 08:00:00+00:00,2026-08-11 12:00:00+00:00,0.6838,0.6921,10.0,False,99.998912,1462.4,0.10047262722173643,10.0531817,4560,b434_stop,-0.8774686044436795
AIN/USDT:USDT,2026-08-09 16:00:00+00:00,2026-08-11 12:00:00+00:00,0.07497,0.07297,10.0,True,99.994986,13338.0,0.2805279799214624,28.03456059,2640,b434_stop,2.542494822443878
TRUMP/USDT:USDT,2026-08-11 08:00:00+00:00,2026-08-11 12:00:00+00:00,1.498,1.508,10.0,False,99.99899,667.55,0.05425434898831315,5.42863533,240,b434_stop,-0.042871489556999993
DOGE/USDT:USDT,2026-08-11 12:00:00+00:00,2026-08-11 12:00:00+00:00,0.07057,0.07057,10.0,False,99.99769,14170.0,-0.011992804317409553,-1.19997228,0,b434_stop,0.0
VIRTUAL/USDT:USDT,2026-07-22 16:00:00+00:00,2026-08-11 16:00:00+00:00,0.6343,0.5273,10.0,True,99.997395,1576.5,1.6454202602360017,164.43901706,28800,b434_limit,-3.1477254979965053
BEAMX/USDT:USDT,2026-08-11 16:00:00+00:00,2026-08-11 16:00:00+00:00,0.001346,0.001346,10.0,True,99.9999932,742942.0,-0.011506714610753572,-1.14998098,0,b434_stop,0.050018941621
AVAX/USDT:USDT,2026-08-11 16:00:00+00:00,2026-08-11 16:00:00+00:00,6.21,6.21,10.0,True,99.981,161.0,-0.01281782111745118,-1.28076965,0,b434_stop,-0.080997651
XRP/USDT:USDT,2026-08-10 20:00:00+00:00,2026-08-11 20:00:00+00:00,1.0202,1.0151,10.0,True,99.989802,980.1,0.037414357641467444,3.73880958,1440,b434_stop,-0.06282190521488376
XLM/USDT:USDT,2026-08-11 04:00:00+00:00,2026-08-11 20:00:00+00:00,0.16168,0.16155,10.0,True,99.99908,6185.0,-0.004719951268258493,-0.47170759,960,b434_stop,-0.07625105689549999
NEAR/USDT:USDT,2026-08-11 12:00:00+00:00,2026-08-11 20:00:00+00:00,1.592,1.574,10.0,True,99.9776,628.0,0.10216916876352485,10.20849951,480,b434_stop,0.097448309904
TRUMP/USDT:USDT,2026-08-11 16:00:00+00:00,2026-08-11 20:00:00+00:00,1.472,1.484,10.0,True,99.998848,679.34,-0.0927124155555323,-9.26557207,240,b434_stop,0.09138535256352902
AIN/USDT:USDT,2026-08-11 20:00:00+00:00,2026-08-11 20:00:00+00:00,0.0804,0.0804,10.0,False,99.99348,12437.0,-0.014683659453349105,-1.46915117,0,b434_stop,-0.2692294052972
ARB/USDT:USDT,2026-08-11 20:00:00+00:00,2026-08-11 20:00:00+00:00,0.07819,0.07819,10.0,True,99.9995367,12789.3,-0.012007204318591135,-1.19999444,0,b434_stop,0.0
TAO/USDT:USDT,2026-08-10 16:00:00+00:00,2026-08-12 00:00:00+00:00,202.32,201.61,10.0,True,99.986544,4.942,0.02591871285714314,2.58996761,1920,b434_stop,0.27888084933359786
HYPE/USDT:USDT,2026-08-11 20:00:00+00:00,2026-08-12 04:00:00+00:00,54.57,54.639,10.0,True,99.97224,18.32,-0.02316577292382681,-2.31454465,480,b434_stop,0.14996068271952
FIL/USDT:USDT,2026-08-11 20:00:00+00:00,2026-08-12 04:00:00+00:00,0.7091,0.7078,10.0,False,99.997282,1410.2,-0.03130613523015791,-3.13240675,480,b434_stop,-0.100279322
ARB/USDT:USDT,2026-08-12 00:00:00+00:00,2026-08-12 04:00:00+00:00,0.08023,0.08017,10.0,False,99.9994743,12464.1,-0.019797056601609467,-1.98088307,240,b434_stop,-0.03349208421287784
NEAR/USDT:USDT,2026-08-12 04:00:00+00:00,2026-08-12 04:00:00+00:00,1.663,1.663,10.0,False,99.9463,601.0,-0.011992804317409556,-1.1993556,0,b434_stop,0.0
XLM/USDT:USDT,2026-08-12 04:00:00+00:00,2026-08-12 04:00:00+00:00,0.1617,0.1617,10.0,False,99.99528,6184.0,-0.011992804317409556,-1.19994336,0,b434_stop,0.0
BR/USDT:USDT,2026-08-02 16:00:00+00:00,2026-08-12 08:00:00+00:00,0.14973,0.12714,10.0,True,99.989694,6678.0,1.582839739530796,158.17270061,13920,b434_stop,8.426043326854666
NIL/USDT:USDT,2026-08-11 04:00:00+00:00,2026-08-12 08:00:00+00:00,0.03919,0.03595,10.0,True,99.9999473,25516.7,0.8194675032021799,81.89753911,1680,b434_stop,0.3738260086583
BEAMX/USDT:USDT,2026-08-12 04:00:00+00:00,2026-08-12 08:00:00+00:00,0.001378,0.001373,10.0,False,99.9999442,725689.0,-0.04923084248180352,-4.92603535,240,b434_stop,-0.09976808656450001
QNT/USDT:USDT,2026-08-09 12:00:00+00:00,2026-08-12 12:00:00+00:00,58.9,58.23,10.0,True,99.541,16.9,0.10703168256727033,10.64764829,4320,b434_stop,0.5123464908319669
XRP/USDT:USDT,2026-08-12 04:00:00+00:00,2026-08-12 12:00:00+00:00,1.0198,1.0221,10.0,False,99.99139,980.5,0.009533699324428085,0.95385982,480,b434_stop,-0.100040415
FET/USDT:USDT,2026-08-12 04:00:00+00:00,2026-08-12 12:00:00+00:00,0.1353,0.1351,10.0,False,99.9867,7390.0,-0.024533326494286623,-2.45447816,480,b434_stop,0.222475439464806
ARB/USDT:USDT,2026-08-12 08:00:00+00:00,2026-08-12 12:00:00+00:00,0.07861,0.07889,10.0,True,99.999781,12721.0,-0.0466678882743183,-4.66397854,240,b434_stop,0.10003595952400002
ETH/USDT:USDT,2026-08-12 12:00:00+00:00,2026-08-12 12:00:00+00:00,1914.87,1914.87,10.0,False,99.956214,0.522,-0.011992804337406317,-1.19947457,0,b434_stop,0.0
SUI/USDT:USDT,2026-08-12 12:00:00+00:00,2026-08-12 12:00:00+00:00,0.6922,0.6922,10.0,False,99.995212,1444.6,-0.011992804277431626,-1.19994254,0,b434_stop,0.0
ONDO/USDT:USDT,2026-07-31 08:00:00+00:00,2026-08-12 16:00:00+00:00,0.4039,0.3345,10.0,True,99.997562,2475.8,1.7094060683557681,170.83387744,17760,b434_limit,0.1102358730516305
ONDO/USDT:USDT,2026-08-12 16:00:00+00:00,2026-08-12 16:00:00+00:00,0.3345,0.3345,10.0,False,99.998775,2989.5,-0.011970810943853213,-1.19778467,0,b434_stop,0.0022006307400000004
LIT/USDT:USDT,2026-08-12 04:00:00+00:00,2026-08-12 16:00:00+00:00,2.3277,2.3164,10.0,True,99.997992,429.6,0.03858541047645121,3.85614849,720,b434_stop,0.1987317070716
WLD/USDT:USDT,2026-08-12 12:00:00+00:00,2026-08-12 16:00:00+00:00,0.3342,0.338,10.0,True,99.99264,2992.0,-0.1256347752365677,-12.55501532,240,b434_stop,0.02131811968
NIL/USDT:USDT,2026-08-12 16:00:00+00:00,2026-08-12 16:00:00+00:00,0.04327,0.04327,10.0,False,99.9999989,23110.7,-0.004429242503248951,-0.44319,0,b434_stop,0.7568099916750901
VIRTUAL/USDT:USDT,2026-08-12 16:00:00+00:00,2026-08-12 16:00:00+00:00,0.6046,0.6046,10.0,False,99.994794,1653.9,-0.012492592099303715,-1.24994369,0,b434_stop,-0.05000615853525001
PENGU/USDT:USDT,2026-08-08 08:00:00+00:00,2026-08-12 20:00:00+00:00,0.006193,0.006342,10.0,False,99.9996096,161472.0,0.2167782347691484,21.69074549,6480,b434_stop,-1.154151595805453
AIN/USDT:USDT,2026-08-12 20:00:00+00:00,2026-08-12 20:00:00+00:00,0.07449,0.07449,10.0,True,99.995376,13424.0,-0.00965675751505945,-0.96505172,0,b434_stop,0.23489279188374879
SUI/USDT:USDT,2026-08-12 16:00:00+00:00,2026-08-13 00:00:00+00:00,0.6849,0.681,10.0,True,99.9954,1460.0,0.0445247381519634,4.44959764,480,b434_stop,-0.047873960397494
XLM/USDT:USDT,2026-08-12 16:00:00+00:00,2026-08-13 00:00:00+00:00,0.15971,0.1593,10.0,True,99.994431,6261.0,0.013237663661362824,1.32289843,480,b434_stop,-0.0457186022658552
ONDO/USDT:USDT,2026-08-12 20:00:00+00:00,2026-08-13 00:00:00+00:00,0.3305,0.3302,10.0,True,99.999385,3025.7,-0.003291275694617485,-0.32892807,240,b434_stop,-0.03719008079306094
DOGE/USDT:USDT,2026-08-13 00:00:00+00:00,2026-08-13 00:00:00+00:00,0.06966,0.06966,10.0,True,99.99693,14355.0,-0.012361717007213623,-1.23539207,0,b434_stop,-0.035428912299
BEAMX/USDT:USDT,2026-08-12 20:00:00+00:00,2026-08-13 04:00:00+00:00,0.001347,0.001344,10.0,True,99.999933,742390.0,0.011789653586480351,1.17825719,480,b434_stop,0.149750085265
ETH/USDT:USDT,2026-08-13 00:00:00+00:00,2026-08-13 04:00:00+00:00,1878.79,1886.7,10.0,True,99.951628,0.532,-0.05363718372151557,-5.35790716,240,b434_stop,0.05215724947619176
XLM/USDT:USDT,2026-08-13 04:00:00+00:00,2026-08-13 04:00:00+00:00,0.16225,0.16225,10.0,False,99.994675,6163.0,-0.011992804317409553,-1.1999361,0,b434_stop,0.0
ETH/USDT:USDT,2026-08-13 04:00:00+00:00,2026-08-13 08:00:00+00:00,1886.7,1894.62,10.0,False,99.9951,0.53,0.029079546724693366,2.90955687,240,b434_stop,-0.08558337227470435
BCH/USDT:USDT,2026-08-13 04:00:00+00:00,2026-08-13 08:00:00+00:00,215.12,215.42,10.0,False,99.987776,4.648,0.003058265907185638,0.30597268,240,b434_stop,0.11226263457919998
AVAX/USDT:USDT,2026-08-13 04:00:00+00:00,2026-08-13 12:00:00+00:00,6.508,6.501,10.0,False,99.5724,153.0,-0.02373637280446729,-2.3649057,480,b434_stop,-0.09967949999999999
BNB/USDT:USDT,2026-08-11 16:00:00+00:00,2026-08-13 16:00:00+00:00,608.78,607.72,10.0,False,99.83992,1.64,-0.03117967406525786,-3.11484395,2880,b434_stop,-0.17940794557076845
ONDO/USDT:USDT,2026-08-13 04:00:00+00:00,2026-08-13 16:00:00+00:00,0.3346,0.3347,10.0,False,99.998556,2988.6,-0.009763298287643904,-0.97690152,720,b434_stop,-0.07559953323911014
STRK/USDT:USDT,2026-08-13 08:00:00+00:00,2026-08-13 16:00:00+00:00,0.02313,0.02304,10.0,False,99.9997794,43233.8,-0.05140385795017868,-5.14345868,480,b434_stop,-0.05475395070408769
ETH/USDT:USDT,2026-08-13 16:00:00+00:00,2026-08-13 16:00:00+00:00,1879.19,1879.19,10.0,True,99.972908,0.532,-0.011414592841732827,-1.14046535,0,b434_stop,0.059209541957999996
XRP/USDT:USDT,2026-08-13 16:00:00+00:00,2026-08-13 16:00:00+00:00,1.0024,1.0024,10.0,True,99.999424,997.6,-0.011300677759504454,-1.12938323,0,b434_stop,0.07060985743841
DOT/USDT:USDT,2026-08-06 00:00:00+00:00,2026-08-14 00:00:00+00:00,0.8417,0.772,10.0,True,99.99396,1188.0,0.8238296887708764,82.32856615,11520,b434_limit,0.675211513726926
PUMP/USDT:USDT,2026-08-09 04:00:00+00:00,2026-08-14 00:00:00+00:00,0.002478,0.002906,10.0,False,99.9999378,403551.0,1.71288698946128,171.39136556,6960,b434_limit,-0.02483129008358011
ETH/USDT:USDT,2026-08-13 20:00:00+00:00,2026-08-14 04:00:00+00:00,1886.62,1882.24,10.0,False,99.99086,0.53,-0.03545044704673454,-3.54684752,480,b434_stop,-0.026950039739197868
XRP/USDT:USDT,2026-08-13 20:00:00+00:00,2026-08-14 04:00:00+00:00,1.0097,1.0093,10.0,False,99.990591,990.3,-0.016492678719986456,-1.65010216,480,b434_stop,-0.054332742716544716
ORCA/USDT:USDT,2026-08-13 20:00:00+00:00,2026-08-14 04:00:00+00:00,1.032,1.031,10.0,False,99.99048,968.9,-0.022938435887807293,-2.29500139,480,b434_stop,-0.12679696993035
TAO/USDT:USDT,2026-08-14 00:00:00+00:00,2026-08-14 04:00:00+00:00,203.5,201.82,10.0,False,99.9999,4.914,-0.09544412862422055,-9.55012996,240,b434_stop,-0.099564475253607
AIN/USDT:USDT,2026-08-13 04:00:00+00:00,2026-08-14 08:00:00+00:00,0.07759,0.07795,10.0,False,99.997992,12888.0,0.01548511925620566,1.54940992,1680,b434_stop,-1.8875103705271439
ETH/USDT:USDT,2026-08-14 08:00:00+00:00,2026-08-14 12:00:00+00:00,1872.34,1877.34,10.0,True,99.982956,0.534,-0.03881136265724045,-3.87814648,240,b434_stop,-0.006749004914696385
ORCA/USDT:USDT,2026-08-14 12:00:00+00:00,2026-08-14 16:00:00+00:00,1.011,1.015,10.0,True,99.99801,989.1,-0.050989462258840074,-5.09578545,240,b434_stop,0.062964513549
NEAR/USDT:USDT,2026-08-14 04:00:00+00:00,2026-08-14 20:00:00+00:00,1.607,1.609,10.0,True,99.9554,622.0,-0.022952773058457075,-2.29287706,960,b434_stop,0.15133413633999998
ONDO/USDT:USDT,2026-08-14 20:00:00+00:00,2026-08-14 20:00:00+00:00,0.3238,0.3238,10.0,True,99.999154,3088.3,-0.012289815198572621,-1.22823374,0,b434_stop,-0.028243894141724884
LINK/USDT:USDT,2026-08-11 04:00:00+00:00,2026-08-15 00:00:00+00:00,8.389,8.967,10.0,False,99.99688,119.2,0.6646713398845212,66.50493925,5520,b434_limit,-1.1513596305499032
BEAMX/USDT:USDT,2026-08-14 20:00:00+00:00,2026-08-15 00:00:00+00:00,0.001358,0.001359,10.0,False,99.9999966,736377.0,-0.005637629913846117,-0.56410123,240,b434_stop,-0.10003644726149999
BR/USDT:USDT,2026-08-14 20:00:00+00:00,2026-08-15 00:00:00+00:00,0.2215,0.20288,10.0,True,99.9851,4514.0,0.8305919447116693,82.99699056,240,b434_stop,0.09570134785500001
XRP/USDT:USDT,2026-08-15 00:00:00+00:00,2026-08-15 00:00:00+00:00,0.9989,0.9989,10.0,True,99.999879,1001.1,-0.013901665109988165,-1.38933073,0,b434_stop,-0.18933218138570904
AIN/USDT:USDT,2026-08-15 00:00:00+00:00,2026-08-15 00:00:00+00:00,0.07863,0.07863,10.0,True,99.993771,12717.0,-0.010874824881334955,-1.0867623,0,b434_stop,0.1131629506407
TRUMP/USDT:USDT,2026-08-14 20:00:00+00:00,2026-08-15 04:00:00+00:00,1.427,1.418,10.0,False,99.999879,700.77,-0.07636242559861493,-7.64081506,480,b434_stop,-0.13767066733560002
AXS/USDT:USDT,2026-08-14 20:00:00+00:00,2026-08-15 04:00:00+00:00,0.8801,0.8822,10.0,False,99.97936,1136.0,0.01033286306471949,1.03369288,480,b434_stop,-0.15072344396800003
NEAR/USDT:USDT,2026-08-15 04:00:00+00:00,2026-08-15 04:00:00+00:00,1.646,1.646,10.0,False,99.9122,607.0,-0.011992804317409556,-1.1989464,0,b434_stop,0.0
ONDO/USDT:USDT,2026-08-15 04:00:00+00:00,2026-08-15 04:00:00+00:00,0.3304,0.3304,10.0,False,99.998864,3026.6,-0.012492504497301618,-1.2499858,0,b434_stop,-0.049999432
ARB/USDT:USDT,2026-08-15 04:00:00+00:00,2026-08-15 04:00:00+00:00,0.07526,0.07526,10.0,False,99.9994672,13287.2,-0.011992804353388158,-1.19999361,0,b434_stop,0.0
DOT/USDT:USDT,2026-08-15 04:00:00+00:00,2026-08-15 04:00:00+00:00,0.7776,0.7776,10.0,False,99.99936,1286.0,-0.011992804317409556,-1.19999232,0,b434_stop,0.0
AIN/USDT:USDT,2026-08-15 04:00:00+00:00,2026-08-15 08:00:00+00:00,0.0815,0.082,10.0,False,99.99235,12269.0,0.04693193868427477,4.69565054,240,b434_stop,-0.23526055931422987
MOVR/USDT:USDT,2026-08-15 04:00:00+00:00,2026-08-15 08:00:00+00:00,0.814,0.821,10.0,False,99.9999,1228.5,0.07289533353894737,7.29389978,240,b434_stop,-0.10044171958275
QNT/USDT:USDT,2026-08-15 08:00:00+00:00,2026-08-15 08:00:00+00:00,57.9,57.9,10.0,True,99.588,17.2,-0.011006431147116595,-1.0954508,0,b434_stop,0.0996052
XRP/USDT:USDT,2026-08-15 04:00:00+00:00,2026-08-15 12:00:00+00:00,1.0042,1.0018,10.0,False,99.998236,995.8,-0.03621001252035542,-3.62310994,480,b434_stop,-0.034645056101774034
QNT/USDT:USDT,2026-08-15 12:00:00+00:00,2026-08-15 12:00:00+00:00,58.32,58.32,10.0,False,99.7272,17.1,-0.011992804317409553,-1.1967264,0,b434_stop,0.0
SUI/USDT:USDT,2026-08-15 16:00:00+00:00,2026-08-15 16:00:00+00:00,0.6834,0.6834,10.0,False,99.995088,1463.2,-0.011628795671764206,-1.16352014,0,b434_stop,0.03642091763569776
US/USDT:USDT,2026-08-15 16:00:00+00:00,2026-08-15 16:00:00+00:00,0.017865,0.016972,10.0,False,99.9993375,55975.0,-0.5126227276266698,-51.29269031,0,liquidation,-0.1370146676146625
WLD/USDT:USDT,2026-08-15 20:00:00+00:00,2026-08-15 20:00:00+00:00,0.3515,0.3515,10.0,False,99.9666,2844.0,-0.011992804317409553,-1.1995992,0,b434_stop,0.0
1000PEPE/USDT:USDT,2026-08-11 00:00:00+00:00,2026-08-16 00:00:00+00:00,0.0028758,0.0026226,10.0,True,99.99990582,347729.0,0.8634006540552788,86.2881801,7200,b434_limit,-0.6096308204176205
ARB/USDT:USDT,2026-08-16 00:00:00+00:00,2026-08-16 04:00:00+00:00,0.07274,0.07284,10.0,True,99.999315,13747.5,-0.026742182983833372,-2.67259546,240,b434_stop,-0.09702882845492851
AIN/USDT:USDT,2026-08-16 00:00:00+00:00,2026-08-16 08:00:00+00:00,0.07947,0.0806,10.0,True,99.997101,12583.0,-0.15086252569593472,-15.07676373,480,b434_stop,0.3505227548747
NEAR/USDT:USDT,2026-08-16 04:00:00+00:00,2026-08-16 08:00:00+00:00,1.611,1.612,10.0,True,99.882,620.0,-0.018138628917323565,-1.8106355,240,b434_stop,0.0083204992
NIL/USDT:USDT,2026-08-16 08:00:00+00:00,2026-08-16 08:00:00+00:00,0.04538,0.04538,10.0,True,99.9998218,22036.1,-0.011506691707646255,-1.14997672,0,b434_stop,0.05002114268235
AVAX/USDT:USDT,2026-08-16 00:00:00+00:00,2026-08-16 12:00:00+00:00,6.328,6.356,10.0,True,99.9824,158.0,-0.05750226428484593,-5.74576486,720,b434_stop,-0.11932166320000001
NIL/USDT:USDT,2026-08-16 12:00:00+00:00,2026-08-16 12:00:00+00:00,0.04926,0.04926,10.0,False,99.9997704,20300.4,-0.012071457158400235,-1.20786723,0,b434_stop,-0.00786998193048
SUI/USDT:USDT,2026-08-16 00:00:00+00:00,2026-08-16 16:00:00+00:00,0.6771,0.68,10.0,True,99.994128,1476.8,-0.05317560285963286,-5.31405769,960,b434_stop,0.17116148226169825
SOL/USDT:USDT,2026-08-16 16:00:00+00:00,2026-08-16 16:00:00+00:00,75.53,75.53,10.0,False,99.92619,13.23,-0.011850071042733466,-1.18484293,0,b434_stop,0.014271349176000002
PENGU/USDT:USDT,2026-08-16 16:00:00+00:00,2026-08-16 16:00:00+00:00,0.00606,0.00606,10.0,False,99.999696,165016.0,-0.012492586948081951,-1.25000445,0,b434_stop,-0.05000809880000001
ETH/USDT:USDT,2026-08-15 00:00:00+00:00,2026-08-16 20:00:00+00:00,1881.38,1884.88,10.0,False,99.901278,0.531,0.0044947204080031155,0.44929773,2640,b434_stop,-0.20927183891348056
FET/USDT:USDT,2026-08-15 04:00:00+00:00,2026-08-16 20:00:00+00:00,0.1333,0.1245,10.0,True,99.98833,7501.0,0.6458603800112102,64.53975371,2400,b434_limit,-0.3087916140903152
ORCA/USDT:USDT,2026-08-15 04:00:00+00:00,2026-08-16 20:00:00+00:00,1.021,1.035,10.0,False,99.99674,979.4,0.1195770930963051,11.96449388,2400,b434_stop,-0.538918282797
BTC/USDT:USDT,2026-08-15 08:00:00+00:00,2026-08-16 20:00:00+00:00,63049.9,63082.3,10.0,False,94.57485,0.015,-0.008823529295835261,-0.83498465,2160,b434_stop,-0.18579484821250272
LIT/USDT:USDT,2026-08-16 04:00:00+00:00,2026-08-16 20:00:00+00:00,2.3126,2.3221,10.0,False,99.996824,432.4,0.027382372262583998,2.73979315,960,b434_stop,-0.1655802826014
ARB/USDT:USDT,2026-08-16 12:00:00+00:00,2026-08-16 20:00:00+00:00,0.07375,0.07435,10.0,False,99.9998375,13559.3,0.0682502485240834,6.82910877,480,b434_stop,-0.10159183491299999
DOGE/USDT:USDT,2026-08-16 16:00:00+00:00,2026-08-16 20:00:00+00:00,0.07002,0.06989,10.0,False,99.995562,14281.0,-0.031536096153998085,-3.15536174,240,b434_stop,-0.09999891803500001
NIL/USDT:USDT,2026-08-16 16:00:00+00:00,2026-08-17 00:00:00+00:00,0.04757,0.0469,10.0,True,99.9997512,21021.6,0.1304763404346207,13.03977302,480,b434_stop,0.1468473537936
SOL/USDT:USDT,2026-08-16 20:00:00+00:00,2026-08-17 00:00:00+00:00,75.19,74.58,10.0,True,99.92751,13.29,0.06874784181443362,6.86567877,240,b434_stop,-0.04695525251399999
LINK/USDT:USDT,2026-08-16 20:00:00+00:00,2026-08-17 00:00:00+00:00,9.46,9.385,10.0,True,99.9922,105.7,0.06836184162929047,6.83154955,240,b434_stop,0.09919945000000001
DOGE/USDT:USDT,2026-08-17 00:00:00+00:00,2026-08-17 00:00:00+00:00,0.06955,0.06955,10.0,True,99.99899,14378.0,-0.012255889243756927,-1.2248412,0,b434_stop,-0.024853321948
PENGU/USDT:USDT,2026-08-17 00:00:00+00:00,2026-08-17 00:00:00+00:00,0.005918,0.005918,10.0,True,99.9999968,168976.0,-0.011918436042786792,-1.19112846,0,b434_stop,0.00887149853328
PUMP/USDT:USDT,2026-08-14 16:00:00+00:00,2026-08-17 04:00:00+00:00,0.002817,0.002811,10.0,True,99.9998379,354987.0,0.00919374514120376,0.9188214,3600,b434_stop,-0.012380500875442513
LTC/USDT:USDT,2026-08-16 00:00:00+00:00,2026-08-17 08:00:00+00:00,44.09,44.09,10.0,False,99.99612,22.68,-0.01230243236135943,-1.23093362,1920,b434_stop,-0.030980177605133316
PENGU/USDT:USDT,2026-08-17 04:00:00+00:00,2026-08-17 08:00:00+00:00,0.005975,0.006014,10.0,False,99.99999,167364.0,0.05256783375968164,5.25993692,240,b434_stop,-0.0633428785694772
SOL/USDT:USDT,2026-08-17 08:00:00+00:00,2026-08-17 08:00:00+00:00,75.74,75.74,10.0,False,99.9768,13.2,-0.01246717111645936,-1.24717573,0,b434_stop,-0.047454126588459364
NEAR/USDT:USDT,2026-08-17 08:00:00+00:00,2026-08-17 08:00:00+00:00,1.643,1.643,10.0,False,99.8944,608.0,-0.012509208825058939,-1.25034967,0,b434_stop,-0.05161686527999999
PUMP/USDT:USDT,2026-08-17 08:00:00+00:00,2026-08-17 08:00:00+00:00,0.002954,0.002954,10.0,False,99.9999896,338524.0,-0.011185338860656813,-1.11920489,0,b434_stop,0.08079498577470719
VIRTUAL/USDT:USDT,2026-08-14 08:00:00+00:00,2026-08-17 12:00:00+00:00,0.5675,0.5595,10.0,True,99.999175,1762.1,0.13134909223517405,13.12691998,4560,b434_stop,0.22165199639664826
ZRO/USDT:USDT,2026-08-17 08:00:00+00:00,2026-08-17 12:00:00+00:00,0.7929,0.787,10.0,False,99.992619,1261.1,-0.08730981831330434,-8.7355756,240,b434_stop,-0.099638464287
SUI/USDT:USDT,2026-08-17 12:00:00+00:00,2026-08-17 12:00:00+00:00,0.6774,0.6774,10.0,False,99.997788,1476.2,-0.011992804357386453,-1.19997346,0,b434_stop,0.0
VIRTUAL/USDT:USDT,2026-08-17 16:00:00+00:00,2026-08-17 16:00:00+00:00,0.5869,0.5869,10.0,False,99.996022,1703.8,-0.012492472465245853,-1.24994707,0,b434_stop,-0.049994802744600005
FIL/USDT:USDT,2026-08-12 16:00:00+00:00,2026-08-18 00:00:00+00:00,0.6988,0.6722,10.0,True,99.99828,1431.0,0.3678039990324656,36.75769942,7680,b434_limit,-0.1297599797379276
DOGE/USDT:USDT,2026-08-17 04:00:00+00:00,2026-08-18 00:00:00+00:00,0.07017,0.07037,10.0,False,99.999267,14251.0,0.013861557131897765,1.38697724,1200,b434_stop,-0.2615214377438
PUMP/USDT:USDT,2026-08-18 00:00:00+00:00,2026-08-18 00:00:00+00:00,0.002742,0.002742,10.0,True,99.9999174,364697.0,-0.011534848831367283,-1.15279184,0,b434_stop,0.047207171072490006
FET/USDT:USDT,2026-08-18 00:00:00+00:00,2026-08-18 00:00:00+00:00,0.1238,0.1238,10.0,False,99.99326,8077.0,-0.011280756525268434,-1.12867642,0,b434_stop,0.071242701957
SUI/USDT:USDT,2026-08-18 04:00:00+00:00,2026-08-18 04:00:00+00:00,0.6456,0.6456,10.0,True,99.996984,1548.9,-0.012007204342606168,-1.19996381,0,b434_stop,0.0
STRK/USDT:USDT,2026-08-18 04:00:00+00:00,2026-08-18 04:00:00+00:00,0.02235,0.02235,10.0,True,99.9999345,44742.7,-0.012354267647778751,-1.2346847,0,b434_stop,-0.03468548958524
FET/USDT:USDT,2026-08-18 04:00:00+00:00,2026-08-18 04:00:00+00:00,0.1205,0.1205,10.0,True,99.9909,8298.0,-0.012007204322593557,-1.1998908,0,b434_stop,0.0
TRUMP/USDT:USDT,2026-08-18 04:00:00+00:00,2026-08-18 04:00:00+00:00,1.384,1.384,10.0,True,99.999536,722.54,-0.01276110834102039,-1.27533925,0,b434_stop,-0.07534481892471862
DOT/USDT:USDT,2026-08-18 04:00:00+00:00,2026-08-18 04:00:00+00:00,0.7305,0.7305,10.0,True,99.998145,1368.9,-0.012007204322593557,-1.19997774,0,b434_stop,0.0
COLLECT/USDT:USDT,2026-08-12 08:00:00+00:00,2026-08-18 12:00:00+00:00,0.0556,0.05937,10.0,False,99.9966,17985.0,0.5851614565528849,58.5492646,8880,b434_stop,-8.013544132016115
FET/USDT:USDT,2026-08-18 08:00:00+00:00,2026-08-18 16:00:00+00:00,0.122,0.1216,10.0,False,99.9912,8196.0,-0.04662009307388708,-4.66439601,480,b434_stop,-0.18806865237091197
PUMP/USDT:USDT,2026-08-19 00:00:00+00:00,2026-08-19 00:00:00+00:00,0.003095,0.003095,10.0,False,99.9997595,323101.0,-0.012173854782817933,-1.21811298,0,b434_stop,-0.0181158663181511
BR/USDT:USDT,2026-08-19 00:00:00+00:00,2026-08-19 00:00:00+00:00,0.20668,0.20668,10.0,False,99.991784,4838.0,-0.012492407747397818,-1.24988762,0,b434_stop,-0.049986216
NEAR/USDT:USDT,2026-08-18 20:00:00+00:00,2026-08-19 04:00:00+00:00,1.608,1.6,10.0,True,99.8568,621.0,0.03705996711124631,3.69846931,480,b434_stop,-0.07422989364
DOGE/USDT:USDT,2026-08-19 08:00:00+00:00,2026-08-19 08:00:00+00:00,0.0699,0.0699,10.0,True,99.99894,14306.0,-0.011818772167117853,-1.18115557,0,b434_stop,0.018831713014058
LIT/USDT:USDT,2026-08-19 08:00:00+00:00,2026-08-19 08:00:00+00:00,2.2974,2.2974,10.0,True,99.982848,435.2,-0.012114980803212392,-1.21056351,0,b434_stop,-0.010769337629491199
ORCA/USDT:USDT,2026-08-19 08:00:00+00:00,2026-08-19 08:00:00+00:00,1.053,1.053,10.0,True,99.99288,949.6,-0.01150690414248549,-1.14991812,0,b434_stop,0.04999644
MUBARAK/USDT:USDT,2026-08-11 04:00:00+00:00,2026-08-19 12:00:00+00:00,0.01988,0.01902,10.0,True,99.998388,50301.0,0.44303240844248015,44.27594516,12000,b434_stop,2.191110503679
HYPE/USDT:USDT,2026-08-12 08:00:00+00:00,2026-08-19 12:00:00+00:00,55.158,58.729,10.0,False,99.946296,18.12,0.625423739647891,62.54629148,10320,b434_limit,-0.9220490549751922
BCH/USDT:USDT,2026-08-13 16:00:00+00:00,2026-08-19 12:00:00+00:00,208.14,203.85,10.0,True,99.990456,4.804,0.17759029332405873,17.74668001,8400,b434_stop,-1.6749600131042188
XLM/USDT:USDT,2026-08-13 16:00:00+00:00,2026-08-19 12:00:00+00:00,0.15938,0.15733,10.0,True,99.995012,6274.0,0.11701408671267524,11.69380451,8400,b434_stop,0.024327636447474238
QNT/USDT:USDT,2026-08-15 20:00:00+00:00,2026-08-19 12:00:00+00:00,57.69,56.4,10.0,True,99.8037,17.3,0.2123463684407609,21.18023748,5280,b434_stop,0.047491682603762464
BEAMX/USDT:USDT,2026-08-16 20:00:00+00:00,2026-08-19 12:00:00+00:00,0.001327,0.001299,10.0,True,99.9999333,753579.0,0.20760697567617417,20.74822731,3840,b434_stop,0.835354378764
AXS/USDT:USDT,2026-08-17 12:00:00+00:00,2026-08-19 12:00:00+00:00,0.8523,0.8532,10.0,True,99.97479,1173.0,-0.01902577058127425,-1.90095616,2880,b434_stop,0.3550747353583437
WLD/USDT:USDT,2026-08-17 20:00:00+00:00,2026-08-19 12:00:00+00:00,0.3507,0.3192,10.0,True,99.98457,2851.0,0.8781202556124351,87.74579708,2400,b434_stop,-0.9147719755447578
AVAX/USDT:USDT,2026-08-18 20:00:00+00:00,2026-08-19 12:00:00+00:00,6.344,6.309,10.0,False,99.6008,157.0,-0.06799383595037956,-6.7763038,960,b434_stop,-0.08939120304
ONDO/USDT:USDT,2026-08-19 00:00:00+00:00,2026-08-19 12:00:00+00:00,0.3261,0.3257,10.0,True,99.998565,3066.5,-0.00038642199502555063,-0.03861846,720,b434_stop,-0.0659716376773454
DOGE/USDT:USDT,2026-08-19 12:00:00+00:00,2026-08-19 12:00:00+00:00,0.07021,0.07021,10.0,False,99.993082,14242.0,-0.011992804277430776,-1.19991698,0,b434_limit,0.0
LINK/USDT:USDT,2026-08-19 12:00:00+00:00,2026-08-19 12:00:00+00:00,9.763,9.763,10.0,False,99.992646,102.42,-0.01199280429742008,-1.19991175,0,b434_stop,0.0
BNB/USDT:USDT,2026-08-19 16:00:00+00:00,2026-08-19 16:00:00+00:00,616.9,616.9,10.0,False,99.9378,1.62,-0.012285533466697356,-1.22852586,0,b434_stop,-0.029272256118
HYPE/USDT:USDT,2026-08-19 16:00:00+00:00,2026-08-19 16:00:00+00:00,61.844,61.844,10.0,False,99.939904,16.16,-0.01211683990120797,-1.21168239,0,b434_limit,-0.0124035448144
ONDO/USDT:USDT,2026-08-19 16:00:00+00:00,2026-08-19 16:00:00+00:00,0.3401,0.3401,10.0,False,99.999603,2940.3,-0.012141858716870891,-1.21490956,0,b434_stop,-0.0149143247946
SAND/USDT:USDT,2026-08-11 00:00:00+00:00,2026-08-19 20:00:00+00:00,0.04121,0.04014,10.0,True,99.996065,24265.0,0.24512301561267755,24.4966302,12720,b434_stop,-0.2825451532233709
TAO/USDT:USDT,2026-08-14 08:00:00+00:00,2026-08-19 20:00:00+00:00,199.64,199.37,10.0,True,99.999676,5.009,0.014058290695950108,1.40498102,7920,b434_stop,1.2517356720667085
TRUMP/USDT:USDT,2026-08-18 08:00:00+00:00,2026-08-19 20:00:00+00:00,1.399,1.495,10.0,False,99.999121,714.79,0.6710305904436391,67.14273069,2160,b434_limit,-0.23594795300855495
BEAMX/USDT:USDT,2026-08-19 12:00:00+00:00,2026-08-19 20:00:00+00:00,0.001299,0.001359,10.0,False,99.9998778,769822.0,0.44780177317818814,44.80699067,480,b434_limit,-0.15461720905600002
WLD/USDT:USDT,2026-08-19 20:00:00+00:00,2026-08-19 20:00:00+00:00,0.3641,0.3641,10.0,False,99.98186,2746.0,-0.011992804317409553,-1.19978232,0,b434_stop,0.0
LIT/USDT:USDT,2026-08-19 16:00:00+00:00,2026-08-20 04:00:00+00:00,2.4477,2.6942,10.0,False,99.988545,408.5,0.9953682483954762,99.58513815,720,b434_limit,0.1501678425952216
1000SHIB/USDT:USDT,2026-08-05 04:00:00+00:00,2026-08-20 08:00:00+00:00,0.004914,0.004814,10.0,True,99.9999,203500.0,0.20040971161643564,20.02892655,21840,b434_stop,0.8667153524128001
UNI/USDT:USDT,2026-08-15 16:00:00+00:00,2026-08-20 08:00:00+00:00,3.254,3.621,10.0,False,99.8978,307.0,1.1092971155037339,110.88283119,6720,b434_limit,-0.5197938144870287
AXS/USDT:USDT,2026-08-19 12:00:00+00:00,2026-08-20 08:00:00+00:00,0.8532,0.9044,10.0,False,99.99504,1172.0,0.5842684384393118,58.45900024,1200,b434_limit,-0.31145543653400004
ENA/USDT:USDT,2026-06-04 20:00:00+00:00,2026-08-20 12:00:00+00:00,0.09825,0.10039,10.0,True,99.99885,10178.0,-0.1892104761005832,-18.90947752,110400,b434_stop,4.084497229241937
DOT/USDT:USDT,2026-08-19 04:00:00+00:00,2026-08-20 12:00:00+00:00,0.7541,0.8192,10.0,False,99.99366,1326.0,0.8461194402947214,84.65734358,1920,b434_limit,-0.413538939762
STRK/USDT:USDT,2026-08-19 16:00:00+00:00,2026-08-20 12:00:00+00:00,0.0233,0.02523,10.0,False,99.999872,42918.4,0.8124093860762988,81.28957912,1200,b434_limit,-0.29323490792064
AIN/USDT:USDT,2026-08-20 08:00:00+00:00,2026-08-20 12:00:00+00:00,0.07688,0.07685,10.0,False,99.997816,13007.0,-0.017361436139585795,-1.73714736,240,b434_stop,-0.1471976905900812
ORCA/USDT:USDT,2026-08-19 12:00:00+00:00,2026-08-20 16:00:00+00:00,1.067,1.145,10.0,False,99.99924,937.2,0.715464608728308,71.58884467,1680,b434_limit,-0.2689034924004
SUI/USDT:USDT,2026-08-19 16:00:00+00:00,2026-08-20 16:00:00+00:00,0.6797,0.7395,10.0,False,99.997464,1471.2,0.8628578206112086,86.33536401,1440,b434_limit,-0.3896397653215018
FIL/USDT:USDT,2026-08-19 16:00:00+00:00,2026-08-20 16:00:00+00:00,0.6545,0.7229,10.0,False,99.99451,1527.8,1.027714418923158,102.82745922,1440,b434_limit,-0.41142574370474305
AIN/USDT:USDT,2026-08-20 20:00:00+00:00,2026-08-20 20:00:00+00:00,0.0749,0.0749,10.0,True,99.99899,13351.0,-0.011507058286527837,-1.15000379,0,b434_stop,0.049984087946000004
AAVE/USDT:USDT,2026-07-31 08:00:00+00:00,2026-08-21 00:00:00+00:00,98.4,99.19,10.0,True,99.384,10.1,-0.08446375581124253,-8.3893093,29760,b434_stop,0.7870861016973921
ADA/USDT:USDT,2026-08-08 00:00:00+00:00,2026-08-21 00:00:00+00:00,0.2007,0.1989,10.0,True,99.98874,4982.0,0.09189619952327305,9.18307205,18720,b434_stop,1.4099563740337722
ZEC/USDT:USDT,2026-06-07 04:00:00+00:00,2026-08-21 04:00:00+00:00,377.66,570.29,10.0,False,99.966602,2.647,5.130746815772161,513.21106689,108000,b434_limit,4.8249910849555855
NEAR/USDT:USDT,2026-08-19 16:00:00+00:00,2026-08-21 04:00:00+00:00,1.661,1.804,10.0,False,99.9922,602.0,0.8438731812926302,84.43136436,2160,b434_limit,-0.40307764052174644
MUBARAK/USDT:USDT,2026-08-21 04:00:00+00:00,2026-08-21 04:00:00+00:00,0.01988,0.01988,10.0,True,99.998388,50301.0,-0.011506880708047292,-1.14997912,0,b434_stop,0.0500015329965
COLLECT/USDT:USDT,2026-08-20 16:00:00+00:00,2026-08-21 08:00:00+00:00,0.05915,0.07129,10.0,False,99.99899,16906.0,2.020517090112876,202.17089809,960,b434_stop,-1.7448107295920519
MUBARAK/USDT:USDT,2026-08-21 08:00:00+00:00,2026-08-21 08:00:00+00:00,0.02224,0.02224,10.0,False,99.999936,44964.0,-0.012492279831956953,-1.24997672,0,b434_stop,-0.049977486
BR/USDT:USDT,2026-08-21 20:00:00+00:00,2026-08-22 00:00:00+00:00,0.22905,0.22664,10.0,True,99.980325,4365.0,0.09538844178038297,9.53124523,240,b434_stop,0.20504733606283948
LYN/USDT:USDT,2026-07-23 16:00:00+00:00,2026-08-22 04:00:00+00:00,0.041,0.03659,10.0,True,99.999,24390.0,1.5118669917937924,151.0944762,42480,b434_limit,44.670028255777225
NIL/USDT:USDT,2026-08-21 08:00:00+00:00,2026-08-22 04:00:00+00:00,0.04509,0.05006,10.0,False,99.9997002,22177.8,1.0858336665825805,108.64819095,1200,b434_stop,-0.3093444484974
ETH/USDT:USDT,2026-08-22 16:00:00+00:00,2026-08-22 16:00:00+00:00,2410.36,2410.36,10.0,True,99.788904,0.414,-0.011006603922268744,-1.09767794,0,b434_stop,0.09978890400000001
STRK/USDT:USDT,2026-08-23 00:00:00+00:00,2026-08-23 00:00:00+00:00,0.02733,0.02733,10.0,True,99.9999234,36589.8,-0.011506893344998735,-1.14999804,0,b434_stop,0.0500010410991
COLLECT/USDT:USDT,2026-08-22 16:00:00+00:00,2026-08-23 04:00:00+00:00,0.05738,0.05694,10.0,True,99.996126,17427.0,0.06675865327045183,6.67160134,720,b434_stop,0.19907412793200002
NEAR/USDT:USDT,2026-08-23 00:00:00+00:00,2026-08-23 08:00:00+00:00,1.878,1.851,10.0,True,99.9096,532.0,0.1339219494727416,13.37206035,480,b434_stop,0.198357149088
TAO/USDT:USDT,2026-08-23 00:00:00+00:00,2026-08-23 08:00:00+00:00,222.35,219.72,10.0,True,99.990795,4.497,0.1079025670120419,10.7827899,480,b434_stop,0.14847317752455003
SUI/USDT:USDT,2026-08-23 04:00:00+00:00,2026-08-23 08:00:00+00:00,0.7932,0.7925,10.0,True,99.998724,1260.7,-0.0020344034855043847,-0.20331569,240,b434_stop,0.11364950796808561
HYPE/USDT:USDT,2026-08-23 04:00:00+00:00,2026-08-23 08:00:00+00:00,77.947,78.774,10.0,True,99.928054,12.82,-0.11722668591905588,-11.70720606,240,b434_stop,0.10043187236569001
FET/USDT:USDT,2026-08-23 04:00:00+00:00,2026-08-23 08:00:00+00:00,0.1558,0.1562,10.0,True,99.99244,6418.0,-0.036708911575544206,-3.66841127,240,b434_stop,0.10023833283400001
BEAMX/USDT:USDT,2026-08-23 04:00:00+00:00,2026-08-23 08:00:00+00:00,0.001486,0.001482,10.0,True,99.9999242,672947.0,0.015942270639374225,1.59326932,240,b434_stop,0.09986533480000001
LTC/USDT:USDT,2026-08-23 04:00:00+00:00,2026-08-23 08:00:00+00:00,51.21,51.24,10.0,True,99.997767,19.527,-0.016871197226129436,-1.6860698,240,b434_stop,0.10006488627838502
NIL/USDT:USDT,2026-08-23 04:00:00+00:00,2026-08-23 08:00:00+00:00,0.04263,0.04342,10.0,True,99.9997488,23457.6,-0.1965345496283488,-19.64161355,240,b434_stop,0.10100633787359999
PENGU/USDT:USDT,2026-08-23 04:00:00+00:00,2026-08-23 08:00:00+00:00,0.008136,0.008181,10.0,True,99.999576,122910.0,-0.06638026514253834,-6.63401557,240,b434_stop,0.100247915655
ARB/USDT:USDT,2026-08-23 04:00:00+00:00,2026-08-23 08:00:00+00:00,0.09585,0.09644,10.0,True,99.9993465,10432.9,-0.07262908699850398,-7.25850352,240,b434_stop,0.1005928846139
XLM/USDT:USDT,2026-08-23 04:00:00+00:00,2026-08-23 08:00:00+00:00,0.19282,0.19064,10.0,True,99.996452,5186.0,0.10217648653853245,10.21115576,240,b434_stop,0.098849900004
DOT/USDT:USDT,2026-08-23 04:00:00+00:00,2026-08-23 08:00:00+00:00,0.8897,0.8914,10.0,True,99.993383,1123.9,-0.030135032958484874,-3.01149591,240,b434_stop,0.1002010628615
1000SHIB/USDT:USDT,2026-08-23 04:00:00+00:00,2026-08-23 08:00:00+00:00,0.005298,0.005303,10.0,True,99.99975,188750.0,-0.020455117577657868,-2.04427934,240,b434_stop,0.10003391375000001
ORCA/USDT:USDT,2026-08-23 04:00:00+00:00,2026-08-23 08:00:00+00:00,1.203,1.205,10.0,True,99.99336,831.2,-0.02765083641577815,-2.7632411,240,b434_stop,0.10007665579880001
XRP/USDT:USDT,2026-08-23 08:00:00+00:00,2026-08-23 08:00:00+00:00,1.4616,1.4616,10.0,True,99.988056,684.1,-0.011006480713716241,-1.0998563,0,b434_stop,0.1000003704841
BNB/USDT:USDT,2026-08-23 08:00:00+00:00,2026-08-23 08:00:00+00:00,684.41,684.41,10.0,True,99.92386,1.46,-0.01045352064742303,-1.0439294,0,b434_stop,0.1551569213408923
ADA/USDT:USDT,2026-08-23 08:00:00+00:00,2026-08-23 08:00:00+00:00,0.2179,0.2179,10.0,True,99.99431,4589.0,-0.011007063164011305,-1.0999833,0,b434_stop,0.09994842000000001
1000PEPE/USDT:USDT,2026-08-23 08:00:00+00:00,2026-08-23 08:00:00+00:00,0.0039088,0.0039088,10.0,True,99.99961216,255832.0,-0.008819833686530783,-0.88145076,0,b434_stop,0.3185445872596176
UNI/USDT:USDT,2026-08-23 08:00:00+00:00,2026-08-23 08:00:00+00:00,4.1,4.1,10.0,True,99.63,243.0,-0.01100692594619303,-1.09596206,0,b434_stop,0.099597935178
BCH/USDT:USDT,2026-08-23 08:00:00+00:00,2026-08-23 08:00:00+00:00,267.62,267.62,10.0,True,99.982832,3.736,-0.01100677567486683,-1.09982831,0,b434_stop,0.099965676504688
QNT/USDT:USDT,2026-08-22 20:00:00+00:00,2026-08-23 12:00:00+00:00,63.94,64.38,10.0,True,99.7464,15.6,-0.07893693511808986,-7.8689509,960,b434_stop,0.1961243029512
ONDO/USDT:USDT,2026-08-22 20:00:00+00:00,2026-08-23 12:00:00+00:00,0.3735,0.3701,10.0,True,99.997155,2677.3,0.07890496267688658,7.88553762,960,b434_stop,-0.022778211220436113
SAND/USDT:USDT,2026-08-23 00:00:00+00:00,2026-08-23 12:00:00+00:00,0.04502,0.04512,10.0,True,99.998424,22212.0,-0.03514085520070646,-3.51192172,720,b434_stop,-0.08940791121120001
WLD/USDT:USDT,2026-08-23 00:00:00+00:00,2026-08-23 12:00:00+00:00,0.3875,0.3928,10.0,True,99.975,2580.0,-0.14697515283363566,-14.6850246,720,b434_stop,0.1968798
FIL/USDT:USDT,2026-08-23 00:00:00+00:00,2026-08-23 12:00:00+00:00,0.7617,0.7678,10.0,True,99.995976,1312.8,-0.09021259273227808,-9.01548372,720,b434_stop,0.1973528446008
VIRTUAL/USDT:USDT,2026-08-23 00:00:00+00:00,2026-08-23 12:00:00+00:00,0.6888,0.6933,10.0,True,99.999984,1451.8,-0.07544301026980099,-7.53977324,720,b434_stop,0.1972464231444
SOL/USDT:USDT,2026-08-23 04:00:00+00:00,2026-08-23 12:00:00+00:00,93.74,94.62,10.0,True,99.92684,10.66,-0.10500969992135739,-10.48699151,480,b434_stop,0.09855904634966
AXS/USDT:USDT,2026-08-22 20:00:00+00:00,2026-08-23 16:00:00+00:00,1.0046,1.0067,10.0,True,99.9577,995.0,-0.029997561291820476,-2.99668814,1200,b434_stop,0.293557955395
COLLECT/USDT:USDT,2026-08-23 12:00:00+00:00,2026-08-23 20:00:00+00:00,0.06133,0.05957,10.0,False,99.998565,16305.0,-0.3036301387235121,-30.38079571,480,b434_stop,-0.50123100791664
DOGE/USDT:USDT,2026-08-23 16:00:00+00:00,2026-08-23 20:00:00+00:00,0.09245,0.0924,10.0,True,99.99392,10816.0,-0.005591853392731105,-0.55881585,240,b434_stop,0.099986705728
TAO/USDT:USDT,2026-08-23 20:00:00+00:00,2026-08-23 20:00:00+00:00,241.16,241.16,10.0,False,99.984936,4.146,-0.01249248650538484,-1.2498099,0,b434_stop,-0.049990668524058
PENGU/USDT:USDT,2026-08-23 20:00:00+00:00,2026-08-23 20:00:00+00:00,0.009987,0.009987,10.0,False,99.999831,100130.0,-0.012492454452244027,-1.24999288,0,b434_stop,-0.049994909000000004
ENA/USDT:USDT,2026-08-24 00:00:00+00:00,2026-08-24 04:00:00+00:00,0.16172,0.16406,10.0,True,99.991476,6183.0,-0.1558678923428415,-15.57610934,240,b434_stop,0.10068930792900001
BTC/USDT:USDT,2026-08-22 20:00:00+00:00,2026-08-24 08:00:00+00:00,77422.3,77301.8,10.0,True,92.90676,0.012,0.008554134835520071,0.79426011,2160,b434_stop,0.46227362691244805
COLLECT/USDT:USDT,2026-08-24 04:00:00+00:00,2026-08-24 08:00:00+00:00,0.05824,0.05885,10.0,True,99.99808,17170.0,-0.11586612737129051,-11.57943844,240,b434_stop,0.10052273510500001
NEAR/USDT:USDT,2026-08-24 08:00:00+00:00,2026-08-24 08:00:00+00:00,2.007,2.007,10.0,False,99.9486,498.0,-0.01299171721896476,-1.29928305,0,b434_stop,-0.099899853768
LYN/USDT:USDT,2026-08-22 12:00:00+00:00,2026-08-24 12:00:00+00:00,0.03368,0.03256,10.0,True,99.999288,29691.0,0.3372507140127564,33.70459638,2880,b434_stop,1.63071548687449
ZEC/USDT:USDT,2026-08-24 08:00:00+00:00,2026-08-24 12:00:00+00:00,836.28,844.96,10.0,True,99.93546,1.195,-0.11492434998216249,-11.47812677,240,b434_stop,0.099922315
NEAR/USDT:USDT,2026-08-24 12:00:00+00:00,2026-08-24 12:00:00+00:00,1.99,1.99,10.0,True,99.898,502.0,-0.012007204322593557,-1.198776,0,b434_stop,0.0
VIRTUAL/USDT:USDT,2026-08-24 12:00:00+00:00,2026-08-24 12:00:00+00:00,0.7703,0.7703,10.0,False,99.992643,1298.1,-0.012492535006242143,-1.24991109,0,b434_stop,-0.04999937398215
LIT/USDT:USDT,2026-08-24 20:00:00+00:00,2026-08-24 20:00:00+00:00,3.4209,3.4209,10.0,True,99.992907,292.3,-0.011507119481954037,-1.14993995,0,b434_stop,0.049974931451
AVAX/USDT:USDT,2026-08-22 20:00:00+00:00,2026-08-25 00:00:00+00:00,7.567,7.543,10.0,True,99.8844,132.0,0.026698748183558586,2.66518837,3120,b434_stop,0.6939003738480001
LINK/USDT:USDT,2026-08-23 00:00:00+00:00,2026-08-25 00:00:00+00:00,11.651,11.629,10.0,True,99.988882,85.82,0.013825941710925056,1.38161099,2880,b434_stop,0.69230474789
SOL/USDT:USDT,2026-08-25 04:00:00+00:00,2026-08-25 04:00:00+00:00,101.61,101.61,10.0,False,99.98424,9.84,-0.011992804317409553,-1.19981088,0,b434_stop,0.0
FET/USDT:USDT,2026-08-25 04:00:00+00:00,2026-08-25 04:00:00+00:00,0.1759,0.1759,10.0,False,99.99915,5685.0,-0.011992804317409553,-1.1999898,0,b434_stop,0.0
ONDO/USDT:USDT,2026-08-25 04:00:00+00:00,2026-08-25 04:00:00+00:00,0.3916,0.3916,10.0,False,99.998976,2553.6,-0.01249250579653539,-1.24998733,0,b434_stop,-0.04999962206400001
ORCA/USDT:USDT,2026-08-25 04:00:00+00:00,2026-08-25 04:00:00+00:00,1.319,1.319,10.0,False,99.99339,758.1,-0.012492504447328297,-1.24991737,0,b434_stop,-0.04999669500000001
BR/USDT:USDT,2026-08-25 08:00:00+00:00,2026-08-25 08:00:00+00:00,0.26192,0.26192,10.0,False,99.974864,3817.0,-0.014465846908814878,-1.44708881,0,b434_stop,-0.24739043760273702
ZRO/USDT:USDT,2026-08-24 12:00:00+00:00,2026-08-25 12:00:00+00:00,1.166,1.0575,10.0,True,99.99616,857.6,0.9229562204862471,92.23670265,1440,b434_stop,0.3312268125632
PENGU/USDT:USDT,2026-08-25 12:00:00+00:00,2026-08-25 12:00:00+00:00,0.009609,0.009609,10.0,True,99.9999021,104069.0,-0.011506852069690866,-1.14999367,0,b434_stop,0.0500051545
UNI/USDT:USDT,2026-08-23 12:00:00+00:00,2026-08-25 20:00:00+00:00,4.323,4.314,10.0,False,99.8613,231.0,-0.04001827778782979,-3.99867501,3360,b434_stop,-0.722586811254
VIRTUAL/USDT:USDT,2026-08-25 20:00:00+00:00,2026-08-26 00:00:00+00:00,0.7425,0.7391,10.0,True,99.9999,1346.8,0.03483724696452333,3.48163098,240,b434_stop,0.09976230495140001
MOVR/USDT:USDT,2026-08-22 16:00:00+00:00,2026-08-26 08:00:00+00:00,0.7288,0.7233,10.0,True,99.9993768,1372.11,0.0747197164037229,7.46744192,5280,b434_stop,1.116301482380955
NIL/USDT:USDT,2026-08-26 08:00:00+00:00,2026-08-26 08:00:00+00:00,0.04444,0.04444,10.0,False,99.9997768,22502.2,-0.012493280333532586,-1.25007484,0,b434_stop,-0.05007752099
AIN/USDT:USDT,2026-08-23 12:00:00+00:00,2026-08-26 12:00:00+00:00,0.07349,0.0735,10.0,False,99.997843,13607.0,-0.03292705093207125,-3.29460965,4320,b434_stop,-2.2306238914193686
SOL/USDT:USDT,2026-08-25 16:00:00+00:00,2026-08-26 20:00:00+00:00,98.33,96.75,10.0,True,99.90328,10.16,0.15133888187068784,15.11017914,1680,b434_stop,0.24658682327170087
TAO/USDT:USDT,2026-08-25 08:00:00+00:00,2026-08-27 00:00:00+00:00,235.92,234.58,10.0,True,99.982896,4.238,0.049318070343740195,4.92800492,2400,b434_stop,0.44547231647317137
WLD/USDT:USDT,2026-08-27 08:00:00+00:00,2026-08-27 08:00:00+00:00,0.4065,0.4065,10.0,False,99.999,2460.0,-0.012992248351426148,-1.29999137,0,b434_stop,-0.1000033665
BEAMX/USDT:USDT,2026-08-27 08:00:00+00:00,2026-08-27 08:00:00+00:00,0.001548,0.001548,10.0,False,99.9998712,645994.0,-0.012492317309373132,-1.24997966,0,b434_limit,-0.049981201774000006
TRUMP/USDT:USDT,2026-08-24 04:00:00+00:00,2026-08-27 12:00:00+00:00,2.493,2.341,10.0,True,99.999216,401.12,0.5894215078967211,58.90632367,4800,b434_stop,-0.9005078819093052
BR/USDT:USDT,2026-08-27 12:00:00+00:00,2026-08-27 12:00:00+00:00,0.25559,0.25559,10.0,True,99.986808,3912.0,-0.011507063539138473,-1.14986422,0,b434_stop,0.049977480204
COLLECT/USDT:USDT,2026-08-24 12:00:00+00:00,2026-08-27 16:00:00+00:00,0.06172,0.07906,10.0,False,99.998744,16202.0,2.7813766756461127,278.30105466,4560,b434_limit,-1.2730748028571528
SAND/USDT:USDT,2026-08-27 08:00:00+00:00,2026-08-27 16:00:00+00:00,0.04189,0.04228,10.0,False,99.999808,23872.0,0.10699228197924897,10.70562718,480,b434_stop,2.601130921044634
LINK/USDT:USDT,2026-08-27 16:00:00+00:00,2026-08-27 16:00:00+00:00,11.922,11.922,10.0,False,99.989814,83.87,-0.012992145986426316,-1.29986171,0,b434_stop,-0.09998394058390002
TRUMP/USDT:USDT,2026-08-27 16:00:00+00:00,2026-08-27 16:00:00+00:00,2.616,2.616,10.0,False,99.999216,382.26,-0.012492666201547596,-1.25000638,0,b434_stop,-0.05001579116823
ORCA/USDT:USDT,2026-08-25 08:00:00+00:00,2026-08-27 20:00:00+00:00,1.286,1.293,10.0,True,99.99936,777.6,-0.05863589678264715,-5.86003402,3600,b434_stop,0.7864242191856
FIL/USDT:USDT,2026-08-27 20:00:00+00:00,2026-08-27 20:00:00+00:00,0.7232,0.7232,10.0,False,99.996864,1382.7,-0.011992804337398189,-1.19996237,0,b434_stop,0.0
TAO/USDT:USDT,2026-08-27 08:00:00+00:00,2026-08-28 00:00:00+00:00,249.21,253.91,10.0,False,99.983052,4.012,0.17384507909450664,17.39199052,960,b434_stop,-0.253299016390642
STRK/USDT:USDT,2026-08-27 16:00:00+00:00,2026-08-28 00:00:00+00:00,0.02663,0.02665,10.0,False,99.9999108,37551.6,-0.005995618380272287,-0.59992104,480,b434_stop,-0.1505034894834
DOT/USDT:USDT,2026-08-27 16:00:00+00:00,2026-08-28 00:00:00+00:00,0.8844,0.8811,10.0,False,99.999108,1130.7,-0.04951902785803951,-4.95482973,480,b434_stop,-0.025769222872799997
ORCA/USDT:USDT,2026-08-27 20:00:00+00:00,2026-08-28 00:00:00+00:00,1.293,1.291,10.0,False,99.98769,773.3,-0.028440838164919456,-2.84543995,240,b434_stop,-0.0999156315861
NEAR/USDT:USDT,2026-08-27 20:00:00+00:00,2026-08-28 00:00:00+00:00,1.913,1.927,10.0,False,99.8586,522.0,0.060096717714274724,6.0047748,240,b434_stop,-0.1005372
SUI/USDT:USDT,2026-08-27 20:00:00+00:00,2026-08-28 00:00:00+00:00,0.7771,0.7792,10.0,False,99.997228,1286.8,0.01422864476782309,1.42367873,240,b434_stop,-0.07701316459607141
HYPE/USDT:USDT,2026-08-27 20:00:00+00:00,2026-08-28 00:00:00+00:00,84.866,84.617,10.0,False,99.972148,11.78,-0.04120211313003849,-4.12153519,240,b434_stop,0.00959065194500532
LIT/USDT:USDT,2026-08-27 20:00:00+00:00,2026-08-28 00:00:00+00:00,3.7026,3.7102,10.0,False,99.9702,270.0,0.00750818237138685,0.75104485,240,b434_stop,-0.10008154799999999
DOGE/USDT:USDT,2026-08-28 00:00:00+00:00,2026-08-28 00:00:00+00:00,0.08909,0.08909,10.0,False,99.994616,11224.0,-0.012498157809871051,-1.25049834,0,b434_stop,-0.050562952704
AVAX/USDT:USDT,2026-08-28 00:00:00+00:00,2026-08-28 00:00:00+00:00,7.522,7.522,10.0,False,99.2904,132.0,-0.01258502772209677,-1.25032218,0,b434_stop,-0.05883738299999999
XLM/USDT:USDT,2026-08-28 00:00:00+00:00,2026-08-28 00:00:00+00:00,0.1873,0.1873,10.0,False,99.99947,5339.0,-0.012719929198554995,-1.27274937,0,b434_stop,-0.07275572971560001
FIL/USDT:USDT,2026-08-28 00:00:00+00:00,2026-08-28 00:00:00+00:00,0.7039,0.7039,10.0,True,99.996034,1420.6,-0.011016409894606696,-1.10093634,0,b434_stop,0.09901607286679999
1000SHIB/USDT:USDT,2026-08-28 00:00:00+00:00,2026-08-28 00:00:00+00:00,0.005422,0.005422,10.0,False,99.9995726,184433.0,-0.012992283892003565,-1.30000237,0,b434_stop,-0.100007503219
ENA/USDT:USDT,2026-08-27 16:00:00+00:00,2026-08-28 04:00:00+00:00,0.16246,0.16442,10.0,False,99.99413,6155.0,0.10865907906747353,10.87178924,720,b434_stop,0.015157079186350496
NIL/USDT:USDT,2026-08-28 00:00:00+00:00,2026-08-28 04:00:00+00:00,0.04242,0.04316,10.0,True,99.9996354,23573.7,-0.18702260773994114,-18.69097127,240,b434_stop,-0.03597092259777
NIL/USDT:USDT,2026-08-28 08:00:00+00:00,2026-08-28 08:00:00+00:00,0.04361,0.04361,10.0,False,99.9999105,22930.5,-0.012492504484809104,-1.24999888,0,b434_stop,-0.049999955250000006
ORCA/USDT:USDT,2026-08-28 04:00:00+00:00,2026-08-28 12:00:00+00:00,1.265,1.272,10.0,True,99.99825,790.5,-0.06590916501735199,-6.58684668,480,b434_stop,0.1499524216365
HYPE/USDT:USDT,2026-08-28 12:00:00+00:00,2026-08-28 12:00:00+00:00,82.981,82.981,10.0,True,99.992105,12.05,-0.011978687262286314,-1.19705549,0,b434_stop,0.0028497749925
COLLECT/USDT:USDT,2026-08-28 12:00:00+00:00,2026-08-28 12:00:00+00:00,0.06383,0.06383,10.0,True,99.996078,15666.0,-0.011506860444553926,-1.14995053,0,b434_stop,0.050002409814000004
LIT/USDT:USDT,2026-08-28 12:00:00+00:00,2026-08-28 12:00:00+00:00,3.4368,3.4368,10.0,True,99.976512,290.9,-0.011506831401765972,-1.14972262,0,b434_stop,0.049995528500000004
UNI/USDT:USDT,2026-08-27 16:00:00+00:00,2026-08-28 16:00:00+00:00,4.518,4.481,10.0,False,99.8478,221.0,-0.09730011576119754,-9.72103162,1440,b434_stop,-0.35076421640000005
BEAMX/USDT:USDT,2026-08-28 20:00:00+00:00,2026-08-29 04:00:00+00:00,0.001589,0.001562,10.0,True,99.9999014,629326.0,0.15960597756360914,15.95100567,480,b434_stop,0.14900740499800003
MOVR/USDT:USDT,2026-08-29 00:00:00+00:00,2026-08-29 08:00:00+00:00,0.7933,0.8432,10.0,True,99.9994315,1260.55,-0.6485157250348307,-64.8122931,480,b434_stop,-0.67311405432825
UNI/USDT:USDT,2026-08-28 20:00:00+00:00,2026-08-29 12:00:00+00:00,4.394,4.385,10.0,True,99.7438,227.0,0.01024076315098229,1.02083976,960,b434_stop,0.17353955773415558
PUMP/USDT:USDT,2026-08-24 08:00:00+00:00,2026-08-29 20:00:00+00:00,0.00495,0.004843,10.0,True,99.9999,202020.0,0.21184457986539235,21.17172614,7920,b434_stop,0.7426152551617801
AIN/USDT:USDT,2026-08-29 16:00:00+00:00,2026-08-30 00:00:00+00:00,0.0702,0.07051,10.0,False,99.9999,14245.0,0.026325528324329044,2.63412973,480,b434_stop,-0.579171902309
PUMP/USDT:USDT,2026-08-30 00:00:00+00:00,2026-08-30 00:00:00+00:00,0.005058,0.005058,10.0,False,99.9996948,197706.0,-0.01249270212932594,-1.25001596,0,b434_stop,-0.050019618
COLLECT/USDT:USDT,2026-08-30 00:00:00+00:00,2026-08-30 00:00:00+00:00,0.08238,0.08238,10.0,False,99.992844,12138.0,-0.014096213901960686,-1.41036623,0,b434_stop,-0.21045210306660542
STRK/USDT:USDT,2026-08-28 12:00:00+00:00,2026-08-30 04:00:00+00:00,0.02556,0.0252,10.0,True,99.9999216,39123.6,0.1343521588642118,13.42714423,2400,b434_stop,0.5341965882317999
COLLECT/USDT:USDT,2026-08-30 04:00:00+00:00,2026-08-30 08:00:00+00:00,0.06766,0.067,10.0,True,99.994714,14779.0,0.08665146372637057,8.65948952,240,b434_stop,0.099433599707
DOT/USDT:USDT,2026-08-28 16:00:00+00:00,2026-08-30 12:00:00+00:00,0.8556,0.8526,10.0,True,99.993972,1168.7,0.020216226338746476,2.02028787,2640,b434_stop,-0.2879881305334135
ORCA/USDT:USDT,2026-08-30 00:00:00+00:00,2026-08-30 12:00:00+00:00,1.288,1.296,10.0,False,99.98744,776.3,0.048044062017579374,4.80668505,720,b434_limit,-0.2001394307584
NEAR/USDT:USDT,2026-08-28 08:00:00+00:00,2026-08-30 16:00:00+00:00,1.869,1.871,10.0,True,99.9915,535.0,-0.023403611580348347,-2.33875813,3360,b434_stop,-0.06821813219324
LINK/USDT:USDT,2026-08-28 16:00:00+00:00,2026-08-30 16:00:00+00:00,11.561,11.558,10.0,True,99.991089,86.49,-0.008746302797090677,-0.87402761,2880,b434_stop,0.06623977602637102
ENA/USDT:USDT,2026-08-29 08:00:00+00:00,2026-08-30 16:00:00+00:00,0.15884,0.15804,10.0,True,99.98978,6295.0,0.03995091808488892,3.9922867,1920,b434_stop,0.1531424556529295
COLLECT/USDT:USDT,2026-08-30 16:00:00+00:00,2026-08-30 16:00:00+00:00,0.08268,0.08268,10.0,False,99.993192,12094.0,-0.013718403866984434,-1.37257004,0,b434_stop,-0.1726517380544
SOL/USDT:USDT,2026-08-27 08:00:00+00:00,2026-08-30 20:00:00+00:00,101.78,105.75,10.0,False,99.94796,9.82,0.37696614219898916,37.6996031,5040,b434_stop,-0.06303014311549097
ZEC/USDT:USDT,2026-08-29 16:00:00+00:00,2026-08-30 20:00:00+00:00,834.42,864.28,10.0,False,99.963516,1.198,0.3418099242017844,34.18902294,1680,b434_stop,-0.362231496182498
STRK/USDT:USDT,2026-08-30 04:00:00+00:00,2026-08-30 20:00:00+00:00,0.0252,0.02598,10.0,False,99.9999,39682.5,0.2945951185007751,29.47715808,960,b434_stop,-0.25662170766375003
AXS/USDT:USDT,2026-08-30 04:00:00+00:00,2026-08-30 20:00:00+00:00,0.9014,0.911,10.0,False,99.96526,1109.0,0.09229614083303317,9.23194356,960,b434_stop,-0.208485481298
QNT/USDT:USDT,2026-08-30 08:00:00+00:00,2026-08-30 20:00:00+00:00,61.39,61.4,10.0,False,99.4518,16.2,-0.011518969095316483,-1.14626956,720,b434_stop,-0.11475076409999999
LTC/USDT:USDT,2026-08-30 08:00:00+00:00,2026-08-30 20:00:00+00:00,48.88,49.68,10.0,False,99.998704,20.458,0.1506057456741697,15.06941561,720,b434_stop,-0.08718010436536963
FIL/USDT:USDT,2026-08-30 08:00:00+00:00,2026-08-30 20:00:00+00:00,0.6797,0.6885,10.0,False,99.997464,1471.2,0.11739055567730029,11.74580112,720,b434_stop,0.006978624230047919
DOT/USDT:USDT,2026-08-30 12:00:00+00:00,2026-08-30 20:00:00+00:00,0.8526,0.8602,10.0,False,99.992928,1172.8,0.07714030395314106,7.71811295,480,b434_stop,0.01009605492788
ARB/USDT:USDT,2026-08-30 12:00:00+00:00,2026-08-30 20:00:00+00:00,0.08782,0.08939,10.0,False,99.9997558,11386.9,0.16780244495246321,16.79027164,480,b434_stop,0.12356217124495476
ADA/USDT:USDT,2026-08-30 16:00:00+00:00,2026-08-30 20:00:00+00:00,0.2032,0.2031,10.0,False,99.99472,4921.0,-0.016782380213213134,-1.6791563,240,b434_stop,0.0125850813909226
BCH/USDT:USDT,2026-08-30 16:00:00+00:00,2026-08-30 20:00:00+00:00,252.46,251.35,10.0,False,99.999406,3.961,-0.05648744227136551,-5.6520999,240,b434_stop,-0.058035057313599994
VIRTUAL/USDT:USDT,2026-08-30 16:00:00+00:00,2026-08-30 20:00:00+00:00,0.7005,0.7027,10.0,False,99.996375,1427.5,0.018494356508770435,1.85047823,240,b434_stop,-0.088180971775
ETH/USDT:USDT,2026-08-30 20:00:00+00:00,2026-08-30 20:00:00+00:00,2502.76,2502.76,10.0,False,99.860124,0.399,-0.01199280433742556,-1.19832149,0,b434_stop,0.0
XRP/USDT:USDT,2026-08-30 20:00:00+00:00,2026-08-30 20:00:00+00:00,1.4103,1.4103,10.0,False,99.99027,709.0,-0.011992804317409553,-1.19988324,0,b434_stop,0.0
BNB/USDT:USDT,2026-08-30 20:00:00+00:00,2026-08-30 20:00:00+00:00,699.95,699.95,10.0,False,99.3929,1.42,-0.011992804317409556,-1.1927148,0,b434_stop,0.0
1000PEPE/USDT:USDT,2026-08-30 20:00:00+00:00,2026-08-30 20:00:00+00:00,0.003706,0.003706,10.0,False,99.9997392,269832.0,-0.011992804313411943,-1.19999687,0,b434_stop,0.0
LINK/USDT:USDT,2026-08-30 20:00:00+00:00,2026-08-30 20:00:00+00:00,11.59,11.59,10.0,False,99.99852,86.28,-0.011992804317409553,-1.19998224,0,b434_stop,0.0
LIT/USDT:USDT,2026-08-30 20:00:00+00:00,2026-08-30 20:00:00+00:00,3.8708,3.8708,10.0,False,99.982764,258.3,-0.012492170440123282,-1.24975113,0,b434_stop,-0.04995795798000001
ETH/USDT:USDT,2026-08-31 00:00:00+00:00,2026-08-31 00:00:00+00:00,2415.57,2415.57,10.0,True,99.763041,0.413,-0.011770634423330605,-1.17356972,0,b434_stop,0.023586772628601746
QNT/USDT:USDT,2026-08-31 00:00:00+00:00,2026-08-31 00:00:00+00:00,59.9,59.9,10.0,True,99.434,16.6,-0.01193308860992924,-1.1858428,0,b434_stop,0.007365201295730401
AIN/USDT:USDT,2026-08-31 00:00:00+00:00,2026-08-31 00:00:00+00:00,0.06689,0.06689,10.0,True,99.993861,14949.0,-0.011506455330662371,-1.14988455,0,b434_stop,0.0500417775
1000PEPE/USDT:USDT,2026-08-31 00:00:00+00:00,2026-08-31 00:00:00+00:00,0.0034012,0.0034012,10.0,True,99.99970156,294013.0,-0.01231729041191282,-1.23098633,0,b434_stop,-0.030989907513444
NIL/USDT:USDT,2026-08-31 00:00:00+00:00,2026-08-31 00:00:00+00:00,0.05095,0.05095,10.0,True,99.999565,19627.0,-0.01166451621993313,-1.16574668,0,b434_stop,0.0342480968454496
ADA/USDT:USDT,2026-08-31 00:00:00+00:00,2026-08-31 04:00:00+00:00,0.1925,0.194,10.0,True,99.9845,5194.0,-0.09016500389259355,-9.00969377,240,b434_stop,-0.014205174479999999
LINK/USDT:USDT,2026-08-31 00:00:00+00:00,2026-08-31 04:00:00+00:00,11.137,11.159,10.0,True,99.999123,89.79,-0.031703347680144225,-3.16840478,240,b434_stop,0.008149928524500001
DOT/USDT:USDT,2026-08-31 00:00:00+00:00,2026-08-31 04:00:00+00:00,0.8186,0.8207,10.0,True,99.99199,1221.5,-0.03754127171465962,-3.75157417,240,b434_stop,0.015018796898
VIRTUAL/USDT:USDT,2026-08-31 00:00:00+00:00,2026-08-31 04:00:00+00:00,0.6645,0.6715,10.0,True,99.99396,1504.8,-0.11650245139685364,-11.64255174,240,b434_stop,0.0972959378688
ARB/USDT:USDT,2026-08-31 04:00:00+00:00,2026-08-31 04:00:00+00:00,0.08543,0.08543,10.0,True,99.9992322,11705.4,-0.012007204358615445,-1.19999079,0,b434_stop,0.0
XRP/USDT:USDT,2026-08-31 00:00:00+00:00,2026-08-31 08:00:00+00:00,1.3566,1.3719,10.0,True,99.994986,737.1,-0.12510482748889,-12.50234956,480,b434_stop,-0.018013152430269352
BNB/USDT:USDT,2026-08-31 00:00:00+00:00,2026-08-31 08:00:00+00:00,685.02,687.07,10.0,True,99.3279,1.45,-0.04196046535710678,-4.1653442,480,b434_stop,0.00087409828
LTC/USDT:USDT,2026-08-31 04:00:00+00:00,2026-08-31 08:00:00+00:00,48.39,48.59,10.0,True,99.997935,20.665,-0.05332638726153993,-5.32932909,240,b434_stop,0.006125925712086855
ORCA/USDT:USDT,2026-08-31 04:00:00+00:00,2026-08-31 08:00:00+00:00,1.269,1.281,10.0,True,99.9972,788.0,-0.10567865271850585,-10.56122883,240,b434_stop,0.10041117146600001
ZEC/USDT:USDT,2026-08-31 08:00:00+00:00,2026-08-31 08:00:00+00:00,825.32,825.32,10.0,True,99.946252,1.211,-0.012142588535768576,-1.21287805,0,b434_stop,-0.013523027364087179
AIN/USDT:USDT,2026-08-31 08:00:00+00:00,2026-08-31 08:00:00+00:00,0.0714,0.0714,10.0,False,99.9957,14005.0,-0.01708723864892331,-1.70967558,0,b434_stop,-0.5097271770507655
COLLECT/USDT:USDT,2026-08-31 08:00:00+00:00,2026-08-31 08:00:00+00:00,0.06977,0.06977,10.0,True,99.994364,14332.0,-0.010284335478659685,-1.02775856,0,b434_stop,0.17217381126522882
ARB/USDT:USDT,2026-08-31 08:00:00+00:00,2026-08-31 12:00:00+00:00,0.08625,0.08596,10.0,False,99.999975,11594.2,-0.046575149261216864,-4.66030827,240,b434_stop,-0.10000796340380001
QNT/USDT:USDT,2026-08-31 12:00:00+00:00,2026-08-31 12:00:00+00:00,61.57,61.57,10.0,False,99.7434,16.2,-0.011992804317409556,-1.1969208,0,b434_stop,0.0
BTC/USDT:USDT,2026-08-31 20:00:00+00:00,2026-08-31 20:00:00+00:00,78869.2,78869.2,10.0,False,94.64304,0.012,-0.011992804317409553,-1.13571648,0,b434_stop,0.0
ETH/USDT:USDT,2026-08-31 20:00:00+00:00,2026-08-31 20:00:00+00:00,2480.77,2480.77,10.0,False,99.975031,0.403,-0.011992804297416556,-1.19970037,0,b434_stop,0.0
LTC/USDT:USDT,2026-08-31 20:00:00+00:00,2026-08-31 20:00:00+00:00,48.92,48.92,10.0,False,99.997372,20.441,-0.011992804277432491,-1.19996846,0,b434_stop,0.0
LIT/USDT:USDT,2026-09-01 00:00:00+00:00,2026-09-01 00:00:00+00:00,3.5639,3.5639,10.0,True,99.967395,280.5,-0.01150689010448835,-1.14962364,0,b434_stop,0.049985100000000005
UNI/USDT:USDT,2026-08-30 00:00:00+00:00,2026-09-01 04:00:00+00:00,4.678,5.365,10.0,False,99.6414,213.0,1.4488000970280146,144.44708627,3120,b434_limit,-0.600418325301
HYPE/USDT:USDT,2026-09-01 00:00:00+00:00,2026-09-01 04:00:00+00:00,84.169,84.29,10.0,False,99.992772,11.88,0.001705219795361564,0.17061196,240,b434_stop,-0.06609229185240001
BNB/USDT:USDT,2026-09-01 04:00:00+00:00,2026-09-01 04:00:00+00:00,693.84,693.84,10.0,False,99.91296,1.44,-0.011992804317409553,-1.19895552,0,b434_stop,0.0
ZEC/USDT:USDT,2026-08-31 20:00:00+00:00,2026-09-01 08:00:00+00:00,856.92,851.77,10.0,False,99.916872,1.166,-0.07278447869680188,-7.27676088,720,b434_stop,-0.07646135628245429
ADA/USDT:USDT,2026-08-31 20:00:00+00:00,2026-09-01 08:00:00+00:00,0.1989,0.2004,10.0,False,99.98703,5027.0,0.06297830760290625,6.30079214,720,b434_stop,-0.035339196223408004
XRP/USDT:USDT,2026-09-01 00:00:00+00:00,2026-09-01 08:00:00+00:00,1.3791,1.3792,10.0,False,99.998541,725.1,-0.012902995770198995,-1.29105492,480,b434_stop,-0.16353892002066267
1000PEPE/USDT:USDT,2026-09-01 00:00:00+00:00,2026-09-01 08:00:00+00:00,0.0035557,0.003531,10.0,False,99.99979566,281238.0,-0.08192257005898462,-8.19715561,480,b434_stop,-0.054747404511072004
LINK/USDT:USDT,2026-09-01 04:00:00+00:00,2026-09-01 08:00:00+00:00,11.427,11.468,10.0,False,99.997677,87.51,0.022940804551907532,2.29540358,240,b434_stop,-0.09038154774964655
LIT/USDT:USDT,2026-09-01 04:00:00+00:00,2026-09-01 08:00:00+00:00,3.6832,3.6899,10.0,False,99.99888,271.5,0.005175587149066576,0.51786345,240,b434_stop,-0.10010856423525001
ENA/USDT:USDT,2026-09-01 12:00:00+00:00,2026-09-01 12:00:00+00:00,0.16538,0.16538,10.0,False,99.988748,6046.0,-0.01249256496782753,-1.2498654,0,b434_stop,-0.050000420000000004
VIRTUAL/USDT:USDT,2026-08-31 20:00:00+00:00,2026-09-01 16:00:00+00:00,0.6868,0.6957,10.0,False,99.99808,1456.0,0.11472674023092592,11.47933722,1200,b434_stop,-0.27131078323236163
PENGU/USDT:USDT,2026-09-01 16:00:00+00:00,2026-09-01 16:00:00+00:00,0.008764,0.008764,10.0,False,99.9998692,114103.0,-0.01249244288418885,-1.2499922,0,b434_stop,-0.049993773038000004
BEAMX/USDT:USDT,2026-09-02 00:00:00+00:00,2026-09-02 00:00:00+00:00,0.001527,0.001527,10.0,False,99.9998706,654878.0,-0.012492383444776399,-1.24998627,0,b434_stop,-0.049987820057
COLLECT/USDT:USDT,2026-09-01 12:00:00+00:00,2026-09-02 04:00:00+00:00,0.0793,0.08293,10.0,False,99.9973,12610.0,0.4315762418049809,43.1823528,960,b434_stop,-1.364515018818523
BR/USDT:USDT,2026-09-01 20:00:00+00:00,2026-09-02 04:00:00+00:00,0.20834,0.20519,10.0,False,99.982366,4799.0,-0.16567222453413788,-16.57423957,480,b434_stop,-0.266671289613444
LIT/USDT:USDT,2026-09-02 00:00:00+00:00,2026-09-02 08:00:00+00:00,3.5162,3.5709,10.0,True,99.965566,284.3,-0.16675589781210437,-16.6598458,480,b434_stop,0.10028171911415001
ZRO/USDT:USDT,2026-09-02 04:00:00+00:00,2026-09-02 08:00:00+00:00,1.032,1.0255,10.0,False,99.99048,968.9,-0.07589803040954476,-7.59363394,240,b434_stop,-0.09967688631045002
MUBARAK/USDT:USDT,2026-08-23 08:00:00+00:00,2026-09-02 12:00:00+00:00,0.02382,0.02187,10.0,True,99.998742,41981.0,0.835792690577831,83.5280707,14640,b434_stop,2.815987832194
AIN/USDT:USDT,2026-09-02 00:00:00+00:00,2026-09-02 12:00:00+00:00,0.06732,0.06544,10.0,True,99.997128,14854.0,0.2762712236830483,27.60975312,720,b434_stop,0.8674433404650385
NEAR/USDT:USDT,2026-09-02 08:00:00+00:00,2026-09-02 20:00:00+00:00,1.858,1.86,10.0,True,99.9604,538.0,-0.0236264031839378,-2.36028769,720,b434_stop,-0.084117292463664
COLLECT/USDT:USDT,2026-09-02 12:00:00+00:00,2026-09-02 20:00:00+00:00,0.07621,0.07657,10.0,True,99.995141,13121.0,-0.05414500993344912,-5.41098936,480,b434_stop,0.5153464683988
SUI/USDT:USDT,2026-08-28 16:00:00+00:00,2026-09-03 00:00:00+00:00,0.7524,0.7458,10.0,True,99.99396,1329.0,0.0816435004089096,8.1589586,7680,b434_stop,0.582223278524946
BNB/USDT:USDT,2026-09-01 12:00:00+00:00,2026-09-03 00:00:00+00:00,687.69,689.26,10.0,True,99.71505,1.45,-0.03331486898212233,-3.32000063,2160,b434_stop,0.154445869415
XRP/USDT:USDT,2026-09-01 20:00:00+00:00,2026-09-03 00:00:00+00:00,1.3538,1.3506,10.0,True,99.991668,738.6,0.015086337441904619,1.50760294,1680,b434_stop,0.3425648396664
VIRTUAL/USDT:USDT,2026-09-02 16:00:00+00:00,2026-09-03 00:00:00+00:00,0.6726,0.674,10.0,True,99.995442,1486.7,-0.03263127560650592,-3.26102104,480,b434_stop,0.021553094541680484
XRP/USDT:USDT,2026-09-03 04:00:00+00:00,2026-09-03 04:00:00+00:00,1.3662,1.3662,10.0,False,99.992178,731.9,-0.011992804357388694,-1.19990614,0,b434_stop,0.0
STRK/USDT:USDT,2026-09-03 04:00:00+00:00,2026-09-03 04:00:00+00:00,0.02645,0.02645,10.0,True,99.9997795,37807.1,-0.01150679503428013,-1.14998656,0,b434_stop,0.05001079709835
1000PEPE/USDT:USDT,2026-09-02 08:00:00+00:00,2026-09-03 08:00:00+00:00,0.0034501,0.0034639,10.0,True,99.99976846,289846.0,-0.04806533382399405,-4.80363834,1440,b434_stop,0.398633609334
ENA/USDT:USDT,2026-09-02 16:00:00+00:00,2026-09-03 08:00:00+00:00,0.15092,0.15153,10.0,True,99.999592,6626.0,-0.051557748478487514,-5.15266036,960,b434_stop,0.09161985887232901
UNI/USDT:USDT,2026-09-03 00:00:00+00:00,2026-09-03 08:00:00+00:00,5.851,5.715,10.0,True,99.467,170.0,0.22256178493205886,22.12427053,480,b434_stop,0.18400253110000003
DOGE/USDT:USDT,2026-08-28 04:00:00+00:00,2026-09-03 12:00:00+00:00,0.08772,0.08323,10.0,True,99.992028,11399.0,0.5120081244719935,51.16601268,9120,b434_stop,1.153698108262725
1000SHIB/USDT:USDT,2026-08-28 04:00:00+00:00,2026-09-03 12:00:00+00:00,0.005321,0.005215,10.0,True,99.9996814,187934.0,0.19633685136470974,19.62184241,9120,b434_stop,0.8888819852653684
AVAX/USDT:USDT,2026-08-28 08:00:00+00:00,2026-09-03 12:00:00+00:00,7.396,7.278,10.0,True,99.846,135.0,0.15532086653791047,15.49886234,8880,b434_stop,0.7574563440826695
BTC/USDT:USDT,2026-09-01 16:00:00+00:00,2026-09-03 12:00:00+00:00,77877.4,77909.7,10.0,True,93.45288,0.012,-0.012496301978553762,-1.16711472,2640,b434_stop,0.34215240278209763
ZEC/USDT:USDT,2026-09-01 16:00:00+00:00,2026-09-03 12:00:00+00:00,853.44,844.99,10.0,True,99.937824,1.171,0.09143818410424798,9.13265027,2640,b434_stop,0.43101718840107184
ETH/USDT:USDT,2026-09-01 20:00:00+00:00,2026-09-03 12:00:00+00:00,2417.98,2406.12,10.0,True,99.862574,0.413,0.03985327817170363,3.97746303,2400,b434_stop,0.27469500872037866
PENGU/USDT:USDT,2026-09-01 20:00:00+00:00,2026-09-03 12:00:00+00:00,0.008477,0.008357,10.0,True,99.9997782,117966.0,0.13398546548074303,13.39047772,2400,b434_stop,0.426061507689009
HYPE/USDT:USDT,2026-09-02 00:00:00+00:00,2026-09-03 12:00:00+00:00,82.789,82.098,10.0,True,99.926323,12.07,0.07413515768239902,7.40360888,2160,b434_stop,0.25735052999927177
LINK/USDT:USDT,2026-09-02 00:00:00+00:00,2026-09-03 12:00:00+00:00,11.227,11.266,10.0,True,99.998889,89.07,-0.04274139891137457,-4.27152795,2160,b434_stop,0.4042729520600548
WLD/USDT:USDT,2026-08-28 08:00:00+00:00,2026-09-03 16:00:00+00:00,0.3999,0.3917,10.0,True,99.975,2500.0,0.1749232601326237,17.47746016,9120,b434_stop,-1.83513983570175
XLM/USDT:USDT,2026-08-28 08:00:00+00:00,2026-09-03 16:00:00+00:00,0.18388,0.18623,10.0,True,99.993944,5438.0,-0.12953677930809132,-12.94512172,9120,b434_stop,1.041773187796256
ETH/USDT:USDT,2026-09-03 16:00:00+00:00,2026-09-03 16:00:00+00:00,2516.0,2516.0,10.0,False,99.8852,0.397,-0.012871177270811308,-1.2864115,0,b434_stop,-0.08778910228
SOL/USDT:USDT,2026-09-03 16:00:00+00:00,2026-09-03 16:00:00+00:00,105.13,105.13,10.0,False,99.97863,9.51,-0.012640977111367961,-1.26458587,0,b434_stop,-0.06484230879
ZEC/USDT:USDT,2026-09-03 16:00:00+00:00,2026-09-03 16:00:00+00:00,954.84,954.84,10.0,False,99.971748,1.047,-0.01237955473744504,-1.23834829,0,b434_stop,-0.0386873101335
NEAR/USDT:USDT,2026-09-03 16:00:00+00:00,2026-09-03 16:00:00+00:00,1.988,1.988,10.0,False,99.9964,503.0,-0.012991909843473532,-1.2999237,0,b434_stop,-0.099966899553
HYPE/USDT:USDT,2026-09-03 16:00:00+00:00,2026-09-03 16:00:00+00:00,84.511,84.511,10.0,False,99.976513,11.83,-0.012492504472310739,-1.24970641,0,b434_stop,-0.049988256499999995
COLLECT/USDT:USDT,2026-09-03 16:00:00+00:00,2026-09-03 16:00:00+00:00,0.08328,0.08328,10.0,False,99.994296,12007.0,-0.01285642091769668,-1.2863401,0,b434_stop,-0.0864085510039176
ENA/USDT:USDT,2026-09-03 16:00:00+00:00,2026-09-03 20:00:00+00:00,0.16949,0.17087,10.0,False,99.9991,5900.0,0.06832679673209603,6.83671775,240,b434_stop,-0.10040785495000001
COLLECT/USDT:USDT,2026-09-04 00:00:00+00:00,2026-09-04 00:00:00+00:00,0.07788,0.07788,10.0,True,99.99792,12840.0,-0.0095418087357814,-0.95358853,0,b434_stop,0.246386508336
VIRTUAL/USDT:USDT,2026-09-03 08:00:00+00:00,2026-09-04 04:00:00+00:00,0.6832,0.6891,10.0,False,99.999984,1463.7,0.07409348736964917,7.41379316,1200,b434_stop,-0.01685553090557364
ORCA/USDT:USDT,2026-09-03 04:00:00+00:00,2026-09-04 12:00:00+00:00,1.25,1.27,10.0,False,100.0,800.0,0.14326249420347792,14.33484517,1920,b434_stop,-0.45555483440000005
STRK/USDT:USDT,2026-09-03 08:00:00+00:00,2026-09-04 12:00:00+00:00,0.02682,0.02701,10.0,False,99.9999792,37285.6,0.05471294571968908,5.47457621,1680,b434_stop,-0.4054374809188
PENGU/USDT:USDT,2026-09-03 12:00:00+00:00,2026-09-04 12:00:00+00:00,0.008357,0.00887,10.0,False,99.999862,119660.0,0.5985075449090308,59.8865823,1440,b434_stop,-0.26216801041059
UNI/USDT:USDT,2026-09-03 20:00:00+00:00,2026-09-04 12:00:00+00:00,6.229,6.283,10.0,False,99.664,160.0,0.0728569630977875,7.2655731,960,b434_stop,-0.173274904
MOVR/USDT:USDT,2026-09-03 20:00:00+00:00,2026-09-04 12:00:00+00:00,0.7713,0.7729,10.0,False,99.9998163,1296.51,0.007693395104183957,0.7697997,960,b434_stop,-0.10337385600852879
NIL/USDT:USDT,2026-09-04 12:00:00+00:00,2026-09-04 12:00:00+00:00,0.0492,0.0492,10.0,False,99.999984,20325.2,-0.01220540641019063,-1.22127277,0,b434_stop,-0.02127296001096
LIT/USDT:USDT,2026-09-03 00:00:00+00:00,2026-09-04 16:00:00+00:00,3.782,4.7318,10.0,False,99.99608,264.4,2.498339899345402,249.97409096,2400,b434_limit,0.19760019428729328
AXS/USDT:USDT,2026-09-04 16:00:00+00:00,2026-09-04 16:00:00+00:00,0.9186,0.9186,10.0,True,99.94368,1088.0,-0.011506762077283255,-1.14933813,0,b434_stop,0.049986026976
STRK/USDT:USDT,2026-09-04 12:00:00+00:00,2026-09-05 00:00:00+00:00,0.02701,0.02596,10.0,True,99.9999333,37023.3,0.37914669715740695,37.89189564,720,b434_stop,0.19410516486720003
SUI/USDT:USDT,2026-09-05 00:00:00+00:00,2026-09-05 00:00:00+00:00,0.7552,0.7552,10.0,True,99.996032,1324.1,-0.011006548506904988,-1.09995081,0,b434_stop,0.1000015746826
LTC/USDT:USDT,2026-09-05 00:00:00+00:00,2026-09-05 00:00:00+00:00,50.74,50.74,10.0,True,99.998392,19.708,-0.011704867021546078,-1.1697656,0,b434_stop,0.030215099797805057
PENGU/USDT:USDT,2026-09-05 00:00:00+00:00,2026-09-05 00:00:00+00:00,0.008279,0.008279,10.0,True,99.9995573,120787.0,-0.011506956084380435,-1.1500001,0,b434_stop,0.049994584809
VIRTUAL/USDT:USDT,2026-09-04 16:00:00+00:00,2026-09-05 04:00:00+00:00,0.6644,0.6696,10.0,True,99.998844,1505.1,-0.09274997573184472,-9.26932542,720,b434_stop,-0.2381233782766756
ARB/USDT:USDT,2026-09-04 20:00:00+00:00,2026-09-05 04:00:00+00:00,0.1317,0.13149,10.0,True,99.99981,7593.0,0.004839114257354912,0.48362016,480,b434_stop,0.08813116347302251
1000SHIB/USDT:USDT,2026-09-04 20:00:00+00:00,2026-09-05 04:00:00+00:00,0.00522,0.005253,10.0,True,99.99954,191570.0,-0.07482668230560031,-7.47814423,480,b434_stop,0.0474533315221
BEAMX/USDT:USDT,2026-09-05 00:00:00+00:00,2026-09-05 04:00:00+00:00,0.001543,0.001551,10.0,True,99.9999784,648088.0,-0.06291315297287121,-6.28753915,240,b434_stop,0.10027541580000002
ZRO/USDT:USDT,2026-09-05 00:00:00+00:00,2026-09-05 04:00:00+00:00,1.0354,1.0326,10.0,True,99.998932,965.8,0.015455937332768729,1.54464988,240,b434_stop,0.038774516345399995
DOGE/USDT:USDT,2026-09-05 04:00:00+00:00,2026-09-05 04:00:00+00:00,0.08459,0.08459,10.0,True,99.993839,11821.0,-0.012007204342606798,-1.19992607,0,b434_stop,0.0
ADA/USDT:USDT,2026-09-05 04:00:00+00:00,2026-09-05 04:00:00+00:00,0.2103,0.2103,10.0,True,99.99765,4755.0,-0.012007204322593555,-1.1999718,0,b434_stop,0.0
1000PEPE/USDT:USDT,2026-09-05 04:00:00+00:00,2026-09-05 04:00:00+00:00,0.0034622,0.0034622,10.0,True,99.99976126,288833.0,-0.012007204371422971,-1.19999714,0,b434_stop,0.0
BCH/USDT:USDT,2026-09-05 04:00:00+00:00,2026-09-05 04:00:00+00:00,247.31,247.31,10.0,True,99.987433,4.043,-0.012007204362622603,-1.1998492,0,b434_stop,0.0
XLM/USDT:USDT,2026-09-05 04:00:00+00:00,2026-09-05 04:00:00+00:00,0.17982,0.17982,10.0,True,99.997902,5561.0,-0.012007204282568702,-1.19997482,0,b434_stop,0.0
UNI/USDT:USDT,2026-09-04 12:00:00+00:00,2026-09-05 08:00:00+00:00,6.283,6.2,10.0,True,99.8997,159.0,0.12202192651540883,12.18263988,1200,b434_stop,0.1765180766453568
SOL/USDT:USDT,2026-09-05 04:00:00+00:00,2026-09-05 08:00:00+00:00,101.84,102.16,10.0,True,99.90504,9.81,-0.04321503489587637,-4.31480935,240,b434_stop,0.025134653384512456
HYPE/USDT:USDT,2026-09-05 04:00:00+00:00,2026-09-05 08:00:00+00:00,83.924,84.52,10.0,True,99.953484,11.91,-0.08210493647898061,-8.20175045,240,b434_stop,0.10031037140187
SUI/USDT:USDT,2026-09-05 08:00:00+00:00,2026-09-05 08:00:00+00:00,0.7932,0.7932,10.0,False,99.998724,1260.7,-0.012992330683198883,-1.29999602,0,b434_stop,-0.10001133100000001
STRK/USDT:USDT,2026-09-05 08:00:00+00:00,2026-09-05 08:00:00+00:00,0.02928,0.02928,10.0,False,99.999984,34153.0,-0.012492675194910381,-1.25001688,0,b434_stop,-0.050017068500000005
FIL/USDT:USDT,2026-09-04 04:00:00+00:00,2026-09-05 12:00:00+00:00,0.7773,0.7752,10.0,True,99.999645,1286.5,0.01807596100776444,1.80650513,1920,b434_stop,0.3032298835671432
XRP/USDT:USDT,2026-09-05 04:00:00+00:00,2026-09-05 12:00:00+00:00,1.3966,1.4036,10.0,True,99.99656,716.0,-0.0623491383064554,-6.23095853,480,b434_stop,-0.015992611083999998
COLLECT/USDT:USDT,2026-09-05 12:00:00+00:00,2026-09-05 12:00:00+00:00,0.0863,0.0863,10.0,False,99.99581,11587.0,-0.013266012571891183,-1.3273416,0,b434_stop,-0.12739187712042
BR/USDT:USDT,2026-09-05 12:00:00+00:00,2026-09-05 12:00:00+00:00,0.29135,0.29135,10.0,True,99.99132,3432.0,-0.009908244966621679,-0.99014405,0,b434_stop,0.20975179196399998
VIRTUAL/USDT:USDT,2026-09-05 12:00:00+00:00,2026-09-05 12:00:00+00:00,0.6917,0.6917,10.0,False,99.999069,1445.7,-0.012492432214997651,-1.24998113,0,b434_stop,-0.04999230600000001
QNT/USDT:USDT,2026-09-04 16:00:00+00:00,2026-09-05 16:00:00+00:00,64.26,63.84,10.0,True,99.603,15.5,0.055288039142773235,5.50355045,1440,b434_stop,0.18488045415566415
ETH/USDT:USDT,2026-09-05 08:00:00+00:00,2026-09-05 16:00:00+00:00,2456.23,2458.66,10.0,True,99.968561,0.407,-0.021115229271443353,-2.10959257,480,b434_stop,0.07963356339013117
ENA/USDT:USDT,2026-09-05 12:00:00+00:00,2026-09-05 16:00:00+00:00,0.16354,0.16242,10.0,True,99.988356,6114.0,0.055590025033793705,5.5550202,240,b434_stop,-0.09690813576168
UNI/USDT:USDT,2026-09-05 20:00:00+00:00,2026-09-05 20:00:00+00:00,7.193,7.193,10.0,False,99.9827,139.0,-0.011992804317409553,-1.1997924,0,b434_stop,0.0
AAVE/USDT:USDT,2026-08-24 16:00:00+00:00,2026-09-06 00:00:00+00:00,134.59,134.36,10.0,True,99.5966,7.4,0.029839426278025008,2.97012226,17760,b434_stop,2.4622602554970383
ADA/USDT:USDT,2026-09-06 04:00:00+00:00,2026-09-06 04:00:00+00:00,0.2227,0.2227,10.0,False,99.9923,4490.0,-0.011992804317409553,-1.1999076,0,b434_stop,0.0
FIL/USDT:USDT,2026-09-06 04:00:00+00:00,2026-09-06 04:00:00+00:00,0.8171,0.8171,10.0,False,99.996698,1223.8,-0.011992804357386888,-1.19996038,0,b434_stop,0.0
LIT/USDT:USDT,2026-09-06 04:00:00+00:00,2026-09-06 04:00:00+00:00,4.7476,4.7476,10.0,True,99.984456,210.6,-0.011507104353714388,-1.14984125,0,b434_stop,0.049972221000000004
DOT/USDT:USDT,2026-09-01 00:00:00+00:00,2026-09-06 08:00:00+00:00,0.8398,0.9416,10.0,False,99.994986,1190.7,1.1860311757782485,118.66832912,7680,b434_limit,-1.2722630969803652
QNT/USDT:USDT,2026-09-06 08:00:00+00:00,2026-09-06 08:00:00+00:00,65.99,65.99,10.0,False,99.6449,15.1,-0.012993112056804179,-1.29547417,0,b434_stop,-0.0997353654892
TAO/USDT:USDT,2026-08-28 16:00:00+00:00,2026-09-06 12:00:00+00:00,241.36,241.79,10.0,True,99.995448,4.143,-0.015185962227578145,-1.51761598,12720,b434_stop,1.4648882901824323
BCH/USDT:USDT,2026-09-05 20:00:00+00:00,2026-09-06 12:00:00+00:00,256.07,260.52,10.0,False,99.995335,3.905,0.15956790786448893,15.96562003,960,b434_stop,-0.201259596426845
AAVE/USDT:USDT,2026-09-06 00:00:00+00:00,2026-09-06 12:00:00+00:00,134.36,135.48,10.0,False,99.4264,7.4,0.06938866921312256,6.90320502,720,b434_stop,-0.18670537736000004
ETH/USDT:USDT,2026-09-06 00:00:00+00:00,2026-09-06 12:00:00+00:00,2479.18,2500.62,10.0,False,99.910954,0.403,0.07296377204001901,7.294254,720,b434_stop,-0.1419503631417519
1000PEPE/USDT:USDT,2026-09-06 00:00:00+00:00,2026-09-06 12:00:00+00:00,0.0036134,0.0036366,10.0,False,99.99976098,276747.0,0.05013142833903108,5.01613873,720,b434_stop,-0.20054222282700002
MUBARAK/USDT:USDT,2026-09-06 04:00:00+00:00,2026-09-06 12:00:00+00:00,0.0314,0.03193,10.0,True,99.99958,31847.0,-0.1794752077682561,-17.93667693,480,b434_stop,0.15235537921300002
ZRO/USDT:USDT,2026-09-06 12:00:00+00:00,2026-09-06 12:00:00+00:00,1.1019,1.1019,10.0,False,99.997425,907.5,-0.012492640494207495,-1.24998142,0,b434_stop,-0.050012325
FET/USDT:USDT,2026-08-25 08:00:00+00:00,2026-09-06 20:00:00+00:00,0.1727,0.1723,10.0,True,99.9933,5790.0,0.022162654899879494,2.21478733,18000,b434_stop,1.0973173318357412
LINK/USDT:USDT,2026-09-03 12:00:00+00:00,2026-09-06 20:00:00+00:00,11.266,12.375,10.0,False,99.997016,88.76,0.9625544978610752,96.31032907,4800,b434_limit,-0.8654858326006684
ADA/USDT:USDT,2026-09-06 16:00:00+00:00,2026-09-06 20:00:00+00:00,0.2173,0.219,10.0,True,99.97973,4601.0,-0.08933328746513385,-8.92615905,240,b434_stop,0.09999072638999999
BNB/USDT:USDT,2026-09-06 20:00:00+00:00,2026-09-06 20:00:00+00:00,749.64,749.64,10.0,True,99.70212,1.33,-0.012007204322593557,-1.19642544,0,b434_stop,0.0
AAVE/USDT:USDT,2026-09-06 20:00:00+00:00,2026-09-06 20:00:00+00:00,132.48,132.48,10.0,True,99.36,7.5,-0.012007204322593557,-1.19232,0,b434_stop,0.0
ONDO/USDT:USDT,2026-08-25 08:00:00+00:00,2026-09-07 00:00:00+00:00,0.3818,0.3874,10.0,True,99.997238,2619.1,-0.13747563808172658,-13.73893579,18240,b434_stop,2.1367912375895526
ADA/USDT:USDT,2026-09-07 00:00:00+00:00,2026-09-07 00:00:00+00:00,0.2233,0.2233,10.0,False,99.99374,4478.0,-0.012992652236692019,-1.2999634,0,b434_stop,-0.10003851999999999
AAVE/USDT:USDT,2026-09-07 00:00:00+00:00,2026-09-07 00:00:00+00:00,136.79,136.79,10.0,False,99.8567,7.3,-0.012289626225266276,-1.22793784,0,b434_stop,-0.029657439900000002
BEAMX/USDT:USDT,2026-09-05 12:00:00+00:00,2026-09-07 04:00:00+00:00,0.001569,0.001569,10.0,False,99.9999012,637348.0,-0.017557317766378103,-1.75678348,2400,b434_stop,-0.556784663408
ENA/USDT:USDT,2026-09-06 00:00:00+00:00,2026-09-07 04:00:00+00:00,0.17178,0.1728,10.0,False,99.993138,5821.0,0.044592686074443826,4.46163799,1680,b434_stop,-0.2723018985942973
ARB/USDT:USDT,2026-09-06 00:00:00+00:00,2026-09-07 04:00:00+00:00,0.17714,0.17523,10.0,False,99.9990728,5645.2,-0.12260392421112876,-12.26763491,1680,b434_stop,-0.29178343772248
AAVE/USDT:USDT,2026-09-07 04:00:00+00:00,2026-09-07 04:00:00+00:00,133.44,133.44,10.0,True,98.7456,7.4,-0.012007204322593557,-1.1849472,0,b434_stop,0.0
SUI/USDT:USDT,2026-09-07 08:00:00+00:00,2026-09-07 08:00:00+00:00,0.7959,0.7959,10.0,True,99.996876,1256.4,-0.01150230139713479,-1.14950409,0,b434_stop,0.050458423629600006
1000PEPE/USDT:USDT,2026-09-07 08:00:00+00:00,2026-09-07 08:00:00+00:00,0.0035621,0.0035621,10.0,True,99.99990193,280733.0,-0.011006418538641451,-1.09998039,0,b434_stop,0.100018430308
BCH/USDT:USDT,2026-09-07 08:00:00+00:00,2026-09-07 08:00:00+00:00,254.1,254.1,10.0,True,99.98835,3.935,-0.01160916545556825,-1.16008483,0,b434_stop,0.039775365630000004
LTC/USDT:USDT,2026-09-05 04:00:00+00:00,2026-09-07 12:00:00+00:00,52.44,55.84,10.0,False,99.997836,19.069,0.6295860267001427,62.99501459,3360,b434_limit,-0.6007106205667241
HYPE/USDT:USDT,2026-09-06 08:00:00+00:00,2026-09-07 12:00:00+00:00,86.54,87.823,10.0,False,99.9537,11.55,0.13204678147353402,13.20648352,1680,b434_stop,-0.4038308884821751
ADA/USDT:USDT,2026-09-07 04:00:00+00:00,2026-09-07 12:00:00+00:00,0.2192,0.2194,10.0,True,99.99904,4562.0,-0.02047617195648192,-2.04636898,480,b434_stop,0.0665669401264224
NIL/USDT:USDT,2026-09-07 12:00:00+00:00,2026-09-07 12:00:00+00:00,0.05192,0.05192,10.0,True,99.9999968,19260.4,-0.011506666567933165,-1.14997622,0,b434_stop,0.050023736843
ARB/USDT:USDT,2026-09-07 12:00:00+00:00,2026-09-07 12:00:00+00:00,0.16522,0.16522,10.0,True,99.999405,6052.5,-0.012007204322593557,-1.19999286,0,b434_stop,0.0
SAND/USDT:USDT,2026-08-28 04:00:00+00:00,2026-09-07 16:00:00+00:00,0.04032,0.04006,10.0,True,99.997632,24801.0,-0.23941376787715882,-23.92644537,15120,b434_stop,-29.178602741110737
ETH/USDT:USDT,2026-09-07 16:00:00+00:00,2026-09-07 16:00:00+00:00,2469.0,2469.0,10.0,True,99.9945,0.405,-0.011721160473311724,-1.17134835,0,b434_stop,0.028585648602000004
QNT/USDT:USDT,2026-09-07 16:00:00+00:00,2026-09-07 16:00:00+00:00,65.49,65.49,10.0,True,99.5448,15.2,-0.011006926020742517,-1.09502484,0,b434_stop,0.09951276113600001
PENGU/USDT:USDT,2026-09-05 08:00:00+00:00,2026-09-07 20:00:00+00:00,0.0086,0.008596,10.0,False,99.99994,116279.0,-0.023300630910220645,-2.33145973,3600,b434_stop,-0.6666235171186731
SUI/USDT:USDT,2026-09-07 20:00:00+00:00,2026-09-07 20:00:00+00:00,0.829,0.829,10.0,False,99.99398,1206.2,-0.011992804317409553,-1.19992776,0,b434_stop,0.0
SAND/USDT:USDT,2026-09-07 20:00:00+00:00,2026-09-07 20:00:00+00:00,0.04079,0.04079,10.0,False,99.996685,24515.0,-0.011992804317409553,-1.19996022,0,b434_stop,0.0
QNT/USDT:USDT,2026-09-07 20:00:00+00:00,2026-09-07 20:00:00+00:00,66.57,66.57,10.0,False,99.855,15.0,-0.011992804317409556,-1.19826,0,b434_stop,0.0
BCH/USDT:USDT,2026-09-07 20:00:00+00:00,2026-09-07 20:00:00+00:00,261.1,261.1,10.0,False,99.97519,3.829,-0.011992804317409553,-1.19970228,0,b434_stop,0.0
NEAR/USDT:USDT,2026-09-07 16:00:00+00:00,2026-09-08 00:00:00+00:00,2.295,2.308,10.0,True,99.8325,435.0,-0.06671443168407744,-6.65627234,480,b434_stop,0.20011066359000002
STRK/USDT:USDT,2026-09-07 20:00:00+00:00,2026-09-08 00:00:00+00:00,0.03114,0.03121,10.0,True,99.999882,32113.0,-0.033511436381597794,-3.349129,240,b434_stop,0.10012833400000001
LTC/USDT:USDT,2026-09-08 00:00:00+00:00,2026-09-08 00:00:00+00:00,55.18,55.18,10.0,True,99.997196,18.122,-0.01174648796667968,-1.17391109,0,b434_stop,0.02605525970152134
NIL/USDT:USDT,2026-09-08 00:00:00+00:00,2026-09-08 00:00:00+00:00,0.05299,0.05299,10.0,False,99.9995486,18871.4,-0.012492033003068557,-1.24994718,0,b434_stop,-0.049952595800000006
BR/USDT:USDT,2026-09-08 00:00:00+00:00,2026-09-08 00:00:00+00:00,0.27866,0.27866,10.0,False,99.983208,3588.0,-0.014976762149549164,-1.49832318,0,b434_stop,-0.2985246865167216
1000SHIB/USDT:USDT,2026-09-05 08:00:00+00:00,2026-09-08 04:00:00+00:00,0.005397,0.005445,10.0,False,99.9999336,185288.0,0.06826771402854284,6.83086293,4080,b434_stop,-0.8576255695764513
1000PEPE/USDT:USDT,2026-09-08 00:00:00+00:00,2026-09-08 04:00:00+00:00,0.003623,0.0036053,10.0,False,99.9998722,276014.0,-0.06178820449001053,-6.18251984,240,b434_stop,-0.100004840452
BEAMX/USDT:USDT,2026-09-07 04:00:00+00:00,2026-09-08 08:00:00+00:00,0.001569,0.001547,10.0,True,99.9999012,637348.0,0.13233451227541548,13.22549809,1680,b434_stop,0.39542790759600005
UNI/USDT:USDT,2026-09-07 12:00:00+00:00,2026-09-08 08:00:00+00:00,7.028,7.05,10.0,True,99.7976,142.0,-0.040615850467738544,-4.05093238,1200,b434_stop,0.272513222968
QNT/USDT:USDT,2026-09-08 08:00:00+00:00,2026-09-08 08:00:00+00:00,66.07,66.07,10.0,True,99.7657,15.1,-0.011006837649790966,-1.097446,0,b434_stop,0.0997423962455
SOL/USDT:USDT,2026-09-05 16:00:00+00:00,2026-09-08 12:00:00+00:00,102.87,102.82,10.0,False,99.98964,9.72,-0.019734478531552125,-1.97442735,4080,b434_stop,-0.2888432689306967
ZEC/USDT:USDT,2026-09-07 20:00:00+00:00,2026-09-08 12:00:00+00:00,1163.89,1157.53,10.0,True,99.978151,0.859,0.04408683095074585,4.40507521,960,b434_stop,0.1382950738118742
ONDO/USDT:USDT,2026-09-08 04:00:00+00:00,2026-09-08 12:00:00+00:00,0.3791,0.3765,10.0,True,99.998998,2637.8,0.0579899597866334,5.79545851,480,b434_stop,0.1330515161826466
TAO/USDT:USDT,2026-09-08 08:00:00+00:00,2026-09-08 12:00:00+00:00,255.35,253.8,10.0,True,99.99506,3.916,0.04976429956112116,4.97319841,240,b434_stop,0.099697254829788
SUI/USDT:USDT,2026-09-08 12:00:00+00:00,2026-09-08 12:00:00+00:00,0.8097,0.8097,10.0,True,99.99795,1235.0,-0.012007204322593557,-1.1999754,0,b434_stop,0.0
XRP/USDT:USDT,2026-09-08 16:00:00+00:00,2026-09-08 16:00:00+00:00,1.4339,1.4339,10.0,False,99.985847,697.3,-0.012827803326320386,-1.28336834,0,b434_stop,-0.08353817516849998
SUI/USDT:USDT,2026-09-08 16:00:00+00:00,2026-09-08 16:00:00+00:00,0.8269,0.8269,10.0,False,99.997017,1209.3,-0.012732332234013415,-1.27395916,0,b434_stop,-0.0739949536511432
ADA/USDT:USDT,2026-09-08 16:00:00+00:00,2026-09-08 16:00:00+00:00,0.2292,0.2292,10.0,False,99.99996,4363.0,-0.012992344493359943,-1.30001347,0,b434_stop,-0.10001395214100002
ORCA/USDT:USDT,2026-09-08 08:00:00+00:00,2026-09-08 20:00:00+00:00,1.42,1.404,10.0,True,99.9964,704.2,0.09183035232054024,9.17719502,720,b434_stop,-0.8968085041402778
ZRO/USDT:USDT,2026-09-08 20:00:00+00:00,2026-09-08 20:00:00+00:00,1.1067,1.1067,10.0,True,99.990345,903.5,-0.01150694989935479,-1.14989354,0,b434_stop,0.04999060124175
COLLECT/USDT:USDT,2026-09-05 16:00:00+00:00,2026-09-09 00:00:00+00:00,0.06686,0.02628,10.0,True,99.995816,14956.0,6.105324464686349,610.14059765,4800,b434_limit,4.061918749377202
BEAMX/USDT:USDT,2026-09-09 00:00:00+00:00,2026-09-09 00:00:00+00:00,0.001585,0.001585,10.0,False,99.999869,630914.0,-0.012492334274212346,-1.24998133,0,b434_stop,-0.04998289982200001
HYPE/USDT:USDT,2026-09-07 16:00:00+00:00,2026-09-09 04:00:00+00:00,85.131,85.22,10.0,True,99.943794,11.74,-0.02020122472262095,-2.01777565,2160,b434_stop,0.22703679094485651
BCH/USDT:USDT,2026-09-08 08:00:00+00:00,2026-09-09 04:00:00+00:00,257.36,257.59,10.0,True,99.98436,3.885,-0.019293839749852864,-1.92792477,1200,b434_stop,0.16597368325505713
SUI/USDT:USDT,2026-09-08 20:00:00+00:00,2026-09-09 04:00:00+00:00,0.8118,0.8063,10.0,True,99.997524,1231.8,0.05605768926915476,5.60226675,480,b434_stop,0.0232720952049696
WLD/USDT:USDT,2026-09-09 04:00:00+00:00,2026-09-09 04:00:00+00:00,0.4497,0.4497,10.0,True,99.96831,2223.0,-0.012007204322593557,-1.19961972,0,b434_stop,0.0
VIRTUAL/USDT:USDT,2026-09-09 00:00:00+00:00,2026-09-09 08:00:00+00:00,0.7133,0.7144,10.0,True,99.997527,1401.9,-0.025955995003623562,-2.59397799,480,b434_stop,0.14900759281455
FIL/USDT:USDT,2026-09-09 04:00:00+00:00,2026-09-09 08:00:00+00:00,0.8333,0.8354,10.0,True,99.996,1200.0,-0.036396173477517446,-3.63728808,240,b434_stop,0.08417592097452
COLLECT/USDT:USDT,2026-09-09 04:00:00+00:00,2026-09-09 12:00:00+00:00,0.02435,0.02257,10.0,False,99.998145,41067.0,-0.743667802233414,-74.41001996,480,liquidation,-0.154641771999
ETH/USDT:USDT,2026-09-09 12:00:00+00:00,2026-09-09 12:00:00+00:00,2499.86,2499.86,10.0,False,99.9944,0.4,-0.011992804317409553,-1.1999328,0,b434_stop,0.0
NEAR/USDT:USDT,2026-09-09 12:00:00+00:00,2026-09-09 12:00:00+00:00,2.592,2.592,10.0,False,99.792,385.0,-0.011992804317409553,-1.197504,0,b434_stop,0.0
HYPE/USDT:USDT,2026-09-09 12:00:00+00:00,2026-09-09 12:00:00+00:00,86.298,86.298,10.0,False,99.933084,11.58,-0.012214506159321344,-1.22136565,0,b434_stop,-0.02216864622215418
PUMP/USDT:USDT,2026-08-30 20:00:00+00:00,2026-09-09 16:00:00+00:00,0.004675,0.004631,10.0,True,99.9996525,213903.0,0.09932076319048258,9.92608258,14160,b434_stop,1.7086993706340803
HYPE/USDT:USDT,2026-09-09 16:00:00+00:00,2026-09-09 16:00:00+00:00,85.008,85.008,10.0,True,99.969408,11.76,-0.01228597485522559,-1.2274847,0,b434_stop,-0.0278518047024
LYN/USDT:USDT,2026-08-24 16:00:00+00:00,2026-09-09 20:00:00+00:00,0.03394,0.0356,10.0,False,99.997422,29463.0,0.1130805407410255,11.31454721,23280,b434_stop,-36.364718582761384
XLM/USDT:USDT,2026-09-05 08:00:00+00:00,2026-09-09 20:00:00+00:00,0.18234,0.18204,10.0,False,99.995256,5484.0,-0.0403554706298269,-4.03777683,6480,b434_stop,-1.1936208798561025
DOGE/USDT:USDT,2026-09-05 12:00:00+00:00,2026-09-09 20:00:00+00:00,0.08609,0.08697,10.0,False,99.993535,11615.0,0.07971588429352262,7.97585571,6240,b434_stop,-1.03928915452597
AXS/USDT:USDT,2026-09-05 12:00:00+00:00,2026-09-09 20:00:00+00:00,0.9444,0.9404,10.0,False,99.91752,1058.0,-0.06795891319519323,-6.79436024,6240,b434_stop,-1.365889195227
QNT/USDT:USDT,2026-09-08 12:00:00+00:00,2026-09-09 20:00:00+00:00,66.8,66.4,10.0,False,99.532,14.9,-0.07495158995106493,-7.4645577,1920,b434_stop,-0.31374970334728974
QNT/USDT:USDT,2026-09-09 20:00:00+00:00,2026-09-09 20:00:00+00:00,66.4,66.4,10.0,True,99.6,15.0,-0.012007204322593557,-1.1952,0,b434_stop,0.0
LIT/USDT:USDT,2026-09-09 00:00:00+00:00,2026-09-09 20:00:00+00:00,4.8262,4.7351,10.0,False,99.998864,207.2,-0.2036254333128457,-20.3745294,1200,b434_stop,-0.30994858277320003
ZEC/USDT:USDT,2026-09-09 12:00:00+00:00,2026-09-09 20:00:00+00:00,1267.15,1250.53,10.0,False,99.978135,0.789,-0.14285805742135094,-14.29125176,480,b434_stop,0.013797948896551374
LIT/USDT:USDT,2026-09-10 00:00:00+00:00,2026-09-10 00:00:00+00:00,4.5227,4.5227,10.0,True,99.996897,221.1,-0.01150711872288817,-1.14998576,0,b434_stop,0.04997700102614999
AIN/USDT:USDT,2026-09-02 20:00:00+00:00,2026-09-10 12:00:00+00:00,0.06855,0.07047,10.0,False,99.993885,14587.0,0.13791069138389106,13.79849995,11040,b434_stop,-12.991809210414539
BTC/USDT:USDT,2026-09-03 12:00:00+00:00,2026-09-10 12:00:00+00:00,77909.7,77816.2,10.0,False,93.49164,0.012,-0.03415962663923989,-3.1955557,10080,b434_stop,-0.9523292217943327
SAND/USDT:USDT,2026-09-09 00:00:00+00:00,2026-09-10 12:00:00+00:00,0.04039,0.0358,10.0,True,99.997562,24758.0,1.121391824623739,112.06916664,2160,b434_limit,-0.43826614698711286
NEAR/USDT:USDT,2026-09-10 08:00:00+00:00,2026-09-10 16:00:00+00:00,2.419,2.47,10.0,True,99.9047,413.0,-0.22276673786588502,-22.24209085,480,b434_stop,0.0324033498435675
NIL/USDT:USDT,2026-09-08 04:00:00+00:00,2026-09-10 20:00:00+00:00,0.05205,0.04198,10.0,True,99.999501,19212.2,1.931460214732519,193.02917064,3840,b434_limit,0.6462305393165724
AIN/USDT:USDT,2026-09-11 00:00:00+00:00,2026-09-11 00:00:00+00:00,0.06896,0.06896,10.0,True,99.998896,14501.0,-0.010047583909116631,-1.00414445,0,b434_stop,0.1958422997753425
DOT/USDT:USDT,2026-09-09 20:00:00+00:00,2026-09-11 04:00:00+00:00,1.1192,1.1212,10.0,True,99.989328,893.4,-0.02861363629685535,-2.85934163,1920,b434_stop,0.12840238191630865
MUBARAK/USDT:USDT,2026-09-11 08:00:00+00:00,2026-09-11 08:00:00+00:00,0.02951,0.02951,10.0,False,99.997586,33886.0,-0.012492504447330396,-1.24996982,0,b434_stop,-0.04999879300000001
ETH/USDT:USDT,2026-09-09 16:00:00+00:00,2026-09-11 12:00:00+00:00,2488.96,2457.19,10.0,True,99.807296,0.401,0.11609440687881956,11.58011659,2640,b434_stop,0.030390275796337782
XRP/USDT:USDT,2026-09-10 00:00:00+00:00,2026-09-11 12:00:00+00:00,1.394,1.3283,10.0,True,99.99162,717.3,0.4580086361767435,45.76954729,2160,b434_stop,-0.1854392334528041
BEAMX/USDT:USDT,2026-09-10 00:00:00+00:00,2026-09-11 12:00:00+00:00,0.001547,0.001526,10.0,True,99.9999364,646412.0,0.12881376853752396,12.87363984,2160,b434_stop,0.490842286402
ETH/USDT:USDT,2026-09-11 16:00:00+00:00,2026-09-11 16:00:00+00:00,2558.01,2558.01,10.0,False,99.76239,0.39,-0.012492537405797316,-1.24703316,0,b434_stop,-0.04988447595790523
BEAMX/USDT:USDT,2026-09-11 16:00:00+00:00,2026-09-11 16:00:00+00:00,0.001636,0.001636,10.0,False,99.9998456,611246.0,-0.012492730562012045,-1.25002069,0,b434_stop,-0.050022538902
NIL/USDT:USDT,2026-09-12 00:00:00+00:00,2026-09-12 08:00:00+00:00,0.04302,0.04265,10.0,False,99.99999,23245.0,-0.09939436392704382,-9.94539906,480,b434_stop,-0.1499095735725
ORCA/USDT:USDT,2026-09-12 00:00:00+00:00,2026-09-12 12:00:00+00:00,1.463,1.441,10.0,False,99.99605,683.5,-0.1569314709298197,-15.70194273,720,b434_stop,0.525987667660271
AXS/USDT:USDT,2026-09-12 04:00:00+00:00,2026-09-12 16:00:00+00:00,0.9312,0.9328,10.0,False,99.91776,1073.0,0.0031684320227129492,0.31677258,720,b434_stop,-0.19998422009550001
ONDO/USDT:USDT,2026-09-12 08:00:00+00:00,2026-09-12 16:00:00+00:00,0.3515,0.353,10.0,False,99.998235,2844.9,0.030810729897729684,3.08286722,480,b434_stop,0.018056451315647877
VIRTUAL/USDT:USDT,2026-09-12 08:00:00+00:00,2026-09-12 16:00:00+00:00,0.6387,0.6344,10.0,False,99.994872,1565.6,-0.07896234121364255,-7.9005667,480,b434_stop,0.02741251318276512
BCH/USDT:USDT,2026-09-12 12:00:00+00:00,2026-09-12 16:00:00+00:00,230.93,230.63,10.0,False,99.99269,4.33,-0.024727720948390132,-2.47407489,240,b434_stop,0.024057989208
FIL/USDT:USDT,2026-09-12 12:00:00+00:00,2026-09-12 16:00:00+00:00,0.8133,0.8097,10.0,False,99.995235,1229.5,-0.05719868214322851,-5.72302742,240,b434_stop,-0.09954032
ZRO/USDT:USDT,2026-09-12 16:00:00+00:00,2026-09-12 16:00:00+00:00,1.0512,1.0512,10.0,False,99.990144,951.2,-0.012338145589903975,-1.23443317,0,b434_stop,-0.0345514392283436
HYPE/USDT:USDT,2026-09-12 16:00:00+00:00,2026-09-13 00:00:00+00:00,80.215,79.639,10.0,False,99.94789,12.46,-0.08447896212308079,-8.44856011,480,b434_stop,-0.07653161025321226
SOL/USDT:USDT,2026-09-11 20:00:00+00:00,2026-09-13 04:00:00+00:00,101.96,101.58,10.0,False,99.9208,9.8,-0.05053673736863237,-5.05270103,1920,b434_stop,-0.13188583322900357
SUI/USDT:USDT,2026-09-13 00:00:00+00:00,2026-09-13 04:00:00+00:00,0.7247,0.722,10.0,False,99.994106,1379.8,-0.04942531708581446,-4.94520574,240,b434_stop,-0.022051742832
AIN/USDT:USDT,2026-09-11 08:00:00+00:00,2026-09-13 08:00:00+00:00,0.0713,0.07154,10.0,False,99.99825,14025.0,-0.01461028446270846,-1.46187948,2880,b434_stop,-3.6258808814089125
BNB/USDT:USDT,2026-09-12 00:00:00+00:00,2026-09-13 08:00:00+00:00,727.11,722.55,10.0,False,99.61407,1.37,-0.07565099907723287,-7.54042546,1920,b434_stop,-0.10160493762897033
BTC/USDT:USDT,2026-09-12 04:00:00+00:00,2026-09-13 08:00:00+00:00,77236.8,77087.6,10.0,False,92.68416,0.012,-0.03325354670931619,-3.08392629,1680,b434_stop,-0.18239060855366143
SAND/USDT:USDT,2026-09-12 04:00:00+00:00,2026-09-13 08:00:00+00:00,0.03605,0.03589,10.0,False,99.999095,27739.0,-0.0553005935145448,-5.53332731,1680,b434_stop,0.10223888674634479
XLM/USDT:USDT,2026-09-12 04:00:00+00:00,2026-09-13 08:00:00+00:00,0.18078,0.17918,10.0,False,99.989418,5531.0,-0.1043844329285118,-10.4436011,1680,b434_stop,-0.399437840965
XRP/USDT:USDT,2026-09-12 08:00:00+00:00,2026-09-13 08:00:00+00:00,1.3685,1.357,10.0,False,99.996295,730.7,-0.09715112173568835,-9.72058108,1440,b434_stop,-0.1226173737375558
DOGE/USDT:USDT,2026-09-12 08:00:00+00:00,2026-09-13 08:00:00+00:00,0.08471,0.08414,10.0,False,99.991684,11804.0,-0.08141929791256415,-8.14613746,1440,b434_stop,-0.2219942243615616
PENGU/USDT:USDT,2026-09-12 08:00:00+00:00,2026-09-13 08:00:00+00:00,0.007286,0.00723,10.0,False,99.9996214,137249.0,-0.09068752243550442,-9.07415914,1440,b434_stop,-0.1928312468115915
ARB/USDT:USDT,2026-09-13 04:00:00+00:00,2026-09-13 08:00:00+00:00,0.14159,0.13884,10.0,False,99.9993534,7062.6,-0.20501978378304686,-20.51414692,240,b434_stop,0.09634202859019068
BR/USDT:USDT,2026-09-10 12:00:00+00:00,2026-09-13 12:00:00+00:00,0.27926,0.26611,10.0,True,99.97508,3580.0,0.46835725535246847,46.79595964,4320,b434_stop,0.89041440340189
HYPE/USDT:USDT,2026-09-13 12:00:00+00:00,2026-09-13 12:00:00+00:00,77.527,77.527,10.0,True,99.932303,12.89,-0.011981488534749242,-1.19661934,0,b434_stop,0.0025682933144000005
ETH/USDT:USDT,2026-09-13 12:00:00+00:00,2026-09-13 16:00:00+00:00,2480.13,2489.56,10.0,True,99.949239,0.403,-0.05053558983323273,-5.04796315,240,b434_stop,-0.046002105325482545
BNB/USDT:USDT,2026-09-13 12:00:00+00:00,2026-09-13 16:00:00+00:00,716.78,719.15,10.0,True,99.63242,1.39,-0.04471621085365936,-4.45251119,240,b434_stop,0.03935443310199999
SOL/USDT:USDT,2026-09-13 16:00:00+00:00,2026-09-13 16:00:00+00:00,100.21,100.21,10.0,True,99.90937,9.97,-0.012118471063180274,-1.21002236,0,b434_stop,-0.011109921944000001
XRP/USDT:USDT,2026-09-13 16:00:00+00:00,2026-09-13 16:00:00+00:00,1.3426,1.3426,10.0,True,99.996848,744.8,-0.01284515192741769,-1.28370402,0,b434_stop,-0.08374184613337982
MUBARAK/USDT:USDT,2026-09-13 16:00:00+00:00,2026-09-13 16:00:00+00:00,0.02911,0.02911,10.0,True,99.998672,34352.0,-0.011506766978366573,-1.14997102,0,b434_stop,0.050013042448000006
BR/USDT:USDT,2026-09-13 16:00:00+00:00,2026-09-13 16:00:00+00:00,0.29525,0.29525,10.0,False,99.97165,3386.0,-0.015326888246973525,-1.53317366,0,b434_stop,-0.33351386022080637
LYN/USDT:USDT,2026-09-11 08:00:00+00:00,2026-09-13 20:00:00+00:00,0.03565,0.03544,10.0,False,99.99825,28050.0,-0.10002043144889555,-10.00786923,3600,b434_stop,-2.920924532550255
QNT/USDT:USDT,2026-09-13 16:00:00+00:00,2026-09-13 20:00:00+00:00,63.97,64.31,10.0,False,99.7932,15.6,0.04009389108060638,4.00349835,240,b434_stop,-0.09980084891400001
XRP/USDT:USDT,2026-09-13 20:00:00+00:00,2026-09-13 20:00:00+00:00,1.3545,1.3545,10.0,False,99.98919,738.2,-0.011992804317409556,-1.19987028,0,b434_stop,0.0
STRK/USDT:USDT,2026-09-13 20:00:00+00:00,2026-09-13 20:00:00+00:00,0.02874,0.02874,10.0,False,99.9999678,34794.7,-0.012492504522286637,-1.2499996,0,b434_stop,-0.0499999839
1000SHIB/USDT:USDT,2026-09-12 00:00:00+00:00,2026-09-14 00:00:00+00:00,0.005172,0.005133,10.0,False,99.9995856,193348.0,-0.09144593901593291,-9.15004274,2880,b434_stop,-0.41400005850657845
1000SHIB/USDT:USDT,2026-09-14 00:00:00+00:00,2026-09-14 00:00:00+00:00,0.005133,0.005133,10.0,True,99.9995661,194817.0,-0.012570560747385317,-1.25629639,0,b434_stop,-0.0563015993065344
VIRTUAL/USDT:USDT,2026-09-13 04:00:00+00:00,2026-09-14 00:00:00+00:00,0.6144,0.6049,10.0,True,99.999744,1627.6,0.13999587429898394,13.99115186,1200,b434_stop,-0.2803285277155303
TAO/USDT:USDT,2026-09-13 12:00:00+00:00,2026-09-14 00:00:00+00:00,232.65,231.25,10.0,False,99.99297,4.298,-0.07336562522288151,-7.34044839,720,b434_stop,-0.12694306812194175
XRP/USDT:USDT,2026-09-14 00:00:00+00:00,2026-09-14 00:00:00+00:00,1.3401,1.3401,10.0,True,99.998262,746.2,-0.012512845450039995,-1.25051204,0,b434_stop,-0.05053289233720001
DOGE/USDT:USDT,2026-09-14 00:00:00+00:00,2026-09-14 00:00:00+00:00,0.08236,0.08236,10.0,True,99.993276,12141.0,-0.01192945763002702,-1.19214983,0,b434_stop,0.007769477545200001
QNT/USDT:USDT,2026-09-14 00:00:00+00:00,2026-09-14 00:00:00+00:00,62.97,62.97,10.0,True,99.4926,15.8,-0.011006339764120843,-1.09439233,0,b434_stop,0.0995188736462
STRK/USDT:USDT,2026-09-14 00:00:00+00:00,2026-09-14 00:00:00+00:00,0.02796,0.02796,10.0,True,99.9997788,35765.3,-0.011507083088248538,-1.15001534,0,b434_stop,0.04998200675
ARB/USDT:USDT,2026-09-14 00:00:00+00:00,2026-09-14 00:00:00+00:00,0.13296,0.13296,10.0,True,99.999216,7521.0,-0.011883126883946908,-1.18759039,0,b434_stop,0.012400201217280001
MOVR/USDT:USDT,2026-09-09 08:00:00+00:00,2026-09-14 04:00:00+00:00,0.8319,0.8007,10.0,True,99.9993714,1202.06,0.36944522707554317,36.9221239,6960,b434_stop,0.5953417928995811
ARB/USDT:USDT,2026-09-14 04:00:00+00:00,2026-09-14 04:00:00+00:00,0.13865,0.13865,10.0,False,99.999926,7212.4,-0.011992804297421535,-1.19999911,0,b434_stop,0.0
LIT/USDT:USDT,2026-09-14 04:00:00+00:00,2026-09-14 04:00:00+00:00,4.6248,4.6248,10.0,False,99.988176,216.2,-0.012492510294509169,-1.24985278,0,b434_stop,-0.049994666659300004
AIN/USDT:USDT,2026-09-14 08:00:00+00:00,2026-09-14 08:00:00+00:00,0.10152,0.10152,10.0,False,99.9972,9850.0,-0.019578868016419587,-1.95900668,0,b434_stop,-0.7590402751582
DOGE/USDT:USDT,2026-09-14 04:00:00+00:00,2026-09-14 12:00:00+00:00,0.08389,0.08408,10.0,False,99.99688,11920.0,0.00967676613657058,0.96822701,480,b434_stop,-0.09525154945599999
STRK/USDT:USDT,2026-09-14 04:00:00+00:00,2026-09-14 12:00:00+00:00,0.02873,0.02848,10.0,False,99.9999364,34806.8,-0.10039886267438423,-10.04590381,480,b434_stop,-0.14942559240000003
SOL/USDT:USDT,2026-09-14 08:00:00+00:00,2026-09-14 12:00:00+00:00,101.57,101.34,10.0,False,99.94488,9.84,-0.03542783823818864,-3.54295554,240,b434_stop,-0.08177490081599999
BNB/USDT:USDT,2026-09-14 08:00:00+00:00,2026-09-14 12:00:00+00:00,725.34,722.64,10.0,False,99.37158,1.37,-0.04953576567484415,-4.92540077,240,b434_stop,-0.03616120893812405
1000PEPE/USDT:USDT,2026-09-09 20:00:00+00:00,2026-09-14 20:00:00+00:00,0.0035309,0.0035178,10.0,True,99.99967817,283213.0,0.024412463997891643,2.4397738,7200,b434_stop,-0.0725464138934836
ETH/USDT:USDT,2026-09-14 20:00:00+00:00,2026-09-14 20:00:00+00:00,2538.49,2538.49,10.0,False,99.762657,0.393,-0.011992804277338434,-1.19715188,0,b434_stop,0.0
LTC/USDT:USDT,2026-09-12 00:00:00+00:00,2026-09-15 00:00:00+00:00,53.24,53.1,10.0,False,99.995368,18.782,-0.041443355194889425,-4.14663004,4320,b434_stop,-0.31878330711075553
WLD/USDT:USDT,2026-09-14 20:00:00+00:00,2026-09-15 00:00:00+00:00,0.3903,0.3853,10.0,False,99.99486,2562.0,-0.13889756078175589,-13.89737557,240,b434_stop,0.1048767540662016
HYPE/USDT:USDT,2026-09-14 04:00:00+00:00,2026-09-15 04:00:00+00:00,79.88,79.471,10.0,False,99.92988,12.51,-0.06605640329926389,-6.60496906,1440,b434_stop,-0.29229045783446017
1000SHIB/USDT:USDT,2026-09-14 04:00:00+00:00,2026-09-15 04:00:00+00:00,0.005215,0.005199,10.0,False,99.999711,191754.0,-0.045261624509872575,-4.52886506,1440,b434_stop,-0.26264537134578003
NEAR/USDT:USDT,2026-09-14 12:00:00+00:00,2026-09-15 04:00:00+00:00,2.418,2.417,10.0,False,99.8634,413.0,-0.016958886706720893,-1.69458823,960,b434_stop,-0.083475234969
QNT/USDT:USDT,2026-09-14 08:00:00+00:00,2026-09-15 08:00:00+00:00,63.67,63.26,10.0,False,99.9619,15.7,-0.07690213751171357,-7.69189615,1440,b434_stop,-0.059215548291800015
BNB/USDT:USDT,2026-09-15 08:00:00+00:00,2026-09-15 08:00:00+00:00,715.43,715.43,10.0,True,99.44477,1.39,-0.012007204322593557,-1.19333724,0,b434_stop,0.0
WLD/USDT:USDT,2026-09-15 08:00:00+00:00,2026-09-15 12:00:00+00:00,0.3727,0.3741,10.0,True,99.99541,2683.0,-0.050825718431794814,-5.07928915,240,b434_stop,-0.12089051020331561
1000SHIB/USDT:USDT,2026-09-15 08:00:00+00:00,2026-09-15 12:00:00+00:00,0.005138,0.00514,10.0,True,99.9998664,194628.0,-0.01509405088408304,-1.50849743,240,b434_stop,0.0809905223142288
DOGE/USDT:USDT,2026-09-15 12:00:00+00:00,2026-09-15 12:00:00+00:00,0.08247,0.08247,10.0,True,99.994875,12125.0,-0.012007204322593557,-1.1999385,0,b434_stop,0.0
MOVR/USDT:USDT,2026-09-15 12:00:00+00:00,2026-09-15 12:00:00+00:00,0.7777,0.7777,10.0,True,99.9997768,1285.84,-0.011507225804200038,-1.15002958,0,b434_stop,0.0499677424
AAVE/USDT:USDT,2026-09-11 20:00:00+00:00,2026-09-15 16:00:00+00:00,124.4,125.06,10.0,False,99.52,8.0,0.03769872079967454,3.75402776,5520,b434_stop,-0.32856424005293683
XRP/USDT:USDT,2026-09-14 04:00:00+00:00,2026-09-15 16:00:00+00:00,1.3723,1.3889,10.0,False,99.999501,728.7,0.10576568377715823,10.58286151,2160,b434_stop,-0.30630662571600004
ZRO/USDT:USDT,2026-09-15 04:00:00+00:00,2026-09-15 16:00:00+00:00,0.9669,0.9306,10.0,True,99.996798,1034.2,0.36372071868081823,36.34908469,720,b434_stop,-0.014938610538056101
BTC/USDT:USDT,2026-09-15 16:00:00+00:00,2026-09-15 16:00:00+00:00,76473.7,76473.7,10.0,True,99.41581,0.013,-0.011025406621320117,-1.09544207,0,b434_stop,0.09754764907945955
SOL/USDT:USDT,2026-09-15 16:00:00+00:00,2026-09-15 16:00:00+00:00,99.32,99.32,10.0,True,99.91592,10.06,-0.012404342619102837,-1.23864767,0,b434_stop,-0.039656628648
NEAR/USDT:USDT,2026-09-15 16:00:00+00:00,2026-09-15 16:00:00+00:00,2.367,2.367,10.0,True,99.8874,422.0,-0.011454072490747655,-1.14343105,0,b434_stop,0.05521775472
1000PEPE/USDT:USDT,2026-09-15 20:00:00+00:00,2026-09-15 20:00:00+00:00,0.0033699,0.0033699,10.0,True,99.99976056,296744.0,-0.012007204355413328,-1.19999713,0,b434_stop,0.0
LINK/USDT:USDT,2026-09-08 08:00:00+00:00,2026-09-16 00:00:00+00:00,12.675,10.88,10.0,True,99.993075,78.89,1.4100930966155416,140.91494504,11040,b434_limit,0.4223474090401536
LIT/USDT:USDT,2026-09-15 20:00:00+00:00,2026-09-16 04:00:00+00:00,4.1648,4.0632,10.0,True,99.996848,240.1,0.2327052245024566,23.25582709,480,b434_stop,0.0469927741675
AIN/USDT:USDT,2026-09-16 04:00:00+00:00,2026-09-16 04:00:00+00:00,0.01977,0.02172,10.0,True,99.998637,50581.0,-1.0000140887671751,-99.94004583,0,stop_loss,-0.0479324132580384
BR/USDT:USDT,2026-09-15 12:00:00+00:00,2026-09-16 08:00:00+00:00,0.28392,0.20988,10.0,True,99.996624,3522.0,2.601529994252566,259.98813013,1200,b434_stop,0.262748288025
HYPE/USDT:USDT,2026-09-15 20:00:00+00:00,2026-09-16 08:00:00+00:00,77.211,77.587,10.0,True,99.988245,12.95,-0.05923177628345501,-5.91892787,720,b434_stop,0.153052592032725
ZEC/USDT:USDT,2026-09-10 04:00:00+00:00,2026-09-16 12:00:00+00:00,1241.77,1229.27,10.0,True,99.962485,0.805,0.09057837851752415,9.04900714,9120,b434_stop,0.18001945563734012
UNI/USDT:USDT,2026-09-12 04:00:00+00:00,2026-09-16 12:00:00+00:00,6.147,6.381,10.0,False,99.5814,162.0,0.3624067642775284,36.11062634,6240,b434_stop,-0.5796520619108922
NEAR/USDT:USDT,2026-09-16 12:00:00+00:00,2026-09-16 12:00:00+00:00,2.483,2.483,10.0,False,99.8166,402.0,-0.011992804317409553,-1.1977992,0,b434_stop,0.0
HYPE/USDT:USDT,2026-09-16 12:00:00+00:00,2026-09-16 12:00:00+00:00,79.313,79.313,10.0,False,99.93438,12.6,-0.012492519898173213,-1.24918129,0,b434_stop,-0.0499687335
SUI/USDT:USDT,2026-09-15 20:00:00+00:00,2026-09-16 16:00:00+00:00,0.6908,0.6836,10.0,True,99.9933,1447.5,0.09282262636031276,9.27607174,1200,b434_stop,0.047738138017182005
PENGU/USDT:USDT,2026-09-16 00:00:00+00:00,2026-09-16 16:00:00+00:00,0.006846,0.00672,10.0,True,99.999522,146070.0,0.17475056684663287,17.46448817,960,b434_stop,0.248619539025
XLM/USDT:USDT,2026-09-16 00:00:00+00:00,2026-09-16 16:00:00+00:00,0.17597,0.17319,10.0,True,99.986154,5682.0,0.1438583325730971,14.37521109,960,b434_stop,-0.2303926361017362
BR/USDT:USDT,2026-09-16 16:00:00+00:00,2026-09-16 16:00:00+00:00,0.62078,0.62078,10.0,False,99.94558,1610.0,-0.01681124502173551,-1.68121776,0,b434_stop,-0.48187080396
ONDO/USDT:USDT,2026-09-15 16:00:00+00:00,2026-09-16 20:00:00+00:00,0.3428,0.338,10.0,True,99.998188,2917.1,0.1264482019878679,12.63700432,1680,b434_stop,-0.17349867204120334
XRP/USDT:USDT,2026-09-15 20:00:00+00:00,2026-09-16 20:00:00+00:00,1.2954,1.2999,10.0,True,99.991926,771.9,-0.04709593510534814,-4.70638773,1440,b434_stop,-0.030850483615708923
NIL/USDT:USDT,2026-09-16 16:00:00+00:00,2026-09-16 20:00:00+00:00,0.03948,0.03923,10.0,True,99.9996816,25329.2,0.05238971653869536,5.2358116,240,b434_stop,0.09970839580000002
STRK/USDT:USDT,2026-09-15 12:00:00+00:00,2026-09-17 00:00:00+00:00,0.02781,0.02787,10.0,True,99.9997542,35958.2,-0.029633356308871855,-2.96155035,2160,b434_stop,0.39723319486773456
SAND/USDT:USDT,2026-09-15 16:00:00+00:00,2026-09-17 00:00:00+00:00,0.03443,0.03449,10.0,True,99.998492,29044.0,-0.03359864975348979,-3.35779842,1920,b434_stop,-0.4141309298302796
VIRTUAL/USDT:USDT,2026-09-15 20:00:00+00:00,2026-09-17 00:00:00+00:00,0.5957,0.6012,10.0,True,99.994202,1678.6,-0.10299051621702639,-10.29227541,1680,b434_stop,0.14549439637258987
STRK/USDT:USDT,2026-09-17 04:00:00+00:00,2026-09-17 04:00:00+00:00,0.02821,0.02821,10.0,False,99.9999364,35448.4,-0.012492520037987098,-1.25000076,0,b434_stop,-0.050001527929600005
TAO/USDT:USDT,2026-09-15 12:00:00+00:00,2026-09-17 08:00:00+00:00,224.71,226.96,10.0,True,99.99595,4.45,-0.1113056666747775,-11.12343781,2640,b434_stop,0.09502108998650285
BNB/USDT:USDT,2026-09-17 00:00:00+00:00,2026-09-17 08:00:00+00:00,726.59,724.8,10.0,False,99.54283,1.37,-0.03779393223015048,-3.76437224,480,b434_stop,-0.11902966084633197
AXS/USDT:USDT,2026-09-15 08:00:00+00:00,2026-09-17 12:00:00+00:00,0.931,0.9325,10.0,True,99.9894,1074.0,-0.022658829292378876,-2.26428336,3120,b434_stop,0.5475560441759281
AAVE/USDT:USDT,2026-09-15 20:00:00+00:00,2026-09-17 12:00:00+00:00,123.92,123.12,10.0,True,99.136,8.0,0.054435453295056446,5.39327519,2400,b434_stop,0.17906718659022
BTC/USDT:USDT,2026-09-17 08:00:00+00:00,2026-09-17 12:00:00+00:00,76433.1,76449.8,10.0,False,99.36303,0.013,-0.010141308868032946,-1.00827578,240,b434_stop,-0.03288916293
BEAMX/USDT:USDT,2026-09-15 08:00:00+00:00,2026-09-17 20:00:00+00:00,0.001638,0.001657,10.0,True,99.9999,610500.0,-0.12034831096267956,-12.02759817,3600,b434_stop,0.7788603322500001
XLM/USDT:USDT,2026-09-17 16:00:00+00:00,2026-09-17 20:00:00+00:00,0.18645,0.18622,10.0,False,99.993135,5363.0,-0.02531316899030643,-2.53266181,240,b434_stop,-0.099994282682
FET/USDT:USDT,2026-09-09 00:00:00+00:00,2026-09-18 00:00:00+00:00,0.179,0.1743,10.0,True,99.9894,5586.0,0.25179132195937526,25.16135733,12960,b434_stop,0.09127760531070303
UNI/USDT:USDT,2026-09-17 00:00:00+00:00,2026-09-18 00:00:00+00:00,6.706,7.791,10.0,False,99.9194,149.0,1.6019476159107446,160.161684,1440,b434_limit,-0.20728419921322358
PUMP/USDT:USDT,2026-09-10 00:00:00+00:00,2026-09-18 04:00:00+00:00,0.004087,0.004131,10.0,True,99.9998986,244678.0,-0.11020542133404868,-11.01391864,11760,b434_stop,0.958371639171758
QNT/USDT:USDT,2026-09-15 16:00:00+00:00,2026-09-18 04:00:00+00:00,62.47,62.59,10.0,True,99.952,16.0,-0.02840408703361924,-2.83734188,3600,b434_stop,0.2832341167954624
ETH/USDT:USDT,2026-09-15 04:00:00+00:00,2026-09-18 08:00:00+00:00,2497.63,2488.99,10.0,True,99.9052,0.4,0.023403276860796636,2.33670619,4560,b434_stop,0.07749499429177623
DOT/USDT:USDT,2026-09-16 20:00:00+00:00,2026-09-18 08:00:00+00:00,1.0005,1.1486,10.0,False,99.999975,999.5,1.4644045810721629,146.52828575,2160,b434_limit,-0.20884898227050003
WLD/USDT:USDT,2026-09-17 00:00:00+00:00,2026-09-18 08:00:00+00:00,0.3726,0.4324,10.0,False,99.96858,2683.0,1.5858166094711603,158.62695369,1920,b434_limit,-0.520557312728
AVAX/USDT:USDT,2026-09-09 00:00:00+00:00,2026-09-18 12:00:00+00:00,8.004,7.943,10.0,True,99.2496,124.0,0.07186093577685841,7.12788983,13680,b434_stop,0.7503466287972372
ORCA/USDT:USDT,2026-09-12 20:00:00+00:00,2026-09-18 12:00:00+00:00,1.435,1.432,10.0,True,99.9908,696.8,0.010862945858899745,1.08554293,8160,b434_stop,0.1937782929129289
LYN/USDT:USDT,2026-09-14 00:00:00+00:00,2026-09-18 12:00:00+00:00,0.03504,0.03401,10.0,True,99.997152,28538.0,0.36277793037453254,36.25499379,6480,b434_stop,8.04318313403406
SOL/USDT:USDT,2026-09-17 04:00:00+00:00,2026-09-18 12:00:00+00:00,99.9,105.72,10.0,False,99.9999,10.01,0.5668281753630545,56.71677051,1920,b434_limit,-0.30647576591632003
FIL/USDT:USDT,2026-09-15 08:00:00+00:00,2026-09-18 16:00:00+00:00,0.8867,0.8924,10.0,True,99.993159,1127.7,-0.07405852291749715,-7.40090245,4800,b434_stop,0.23076219430977302
ADA/USDT:USDT,2026-09-08 20:00:00+00:00,2026-09-18 20:00:00+00:00,0.2206,0.2223,10.0,True,99.99798,4533.0,-0.08354027126372968,-8.34884606,14400,b434_stop,0.5618533642874473
SUI/USDT:USDT,2026-09-16 20:00:00+00:00,2026-09-18 20:00:00+00:00,0.7074,0.8132,10.0,False,99.998064,1413.6,1.4763973608862069,147.72545991,2880,b434_limit,-0.5437079921279999
PENGU/USDT:USDT,2026-09-16 20:00:00+00:00,2026-09-18 20:00:00+00:00,0.006851,0.007881,10.0,False,99.9999364,145964.0,1.4835377248611945,148.44269034,2880,b434_limit,-0.6100246716941832
LTC/USDT:USDT,2026-09-17 08:00:00+00:00,2026-09-18 20:00:00+00:00,52.71,57.08,10.0,False,99.996141,18.971,0.8123299348599576,81.27859662,2160,b434_limit,-0.37497772578799005
ENA/USDT:USDT,2026-09-07 08:00:00+00:00,2026-09-19 00:00:00+00:00,0.16991,0.16821,10.0,True,99.992035,5885.0,0.1025733899024649,10.25036808,16800,b434_stop,1.4397698010817717
ONDO/USDT:USDT,2026-09-17 00:00:00+00:00,2026-09-19 00:00:00+00:00,0.3473,0.3987,10.0,False,99.998089,2879.3,1.4592038357151027,146.00514559,2880,b434_limit,-0.7020997254338501
NIL/USDT:USDT,2026-09-17 00:00:00+00:00,2026-09-19 00:00:00+00:00,0.04029,0.04624,10.0,False,99.99978,24820.0,1.456194314460992,145.70648255,2880,b434_limit,-0.6839126924600001
SAND/USDT:USDT,2026-09-17 04:00:00+00:00,2026-09-19 00:00:00+00:00,0.03434,0.03861,10.0,False,99.99808,29120.0,1.228013586455703,122.87268026,2640,b434_limit,-0.19513734206512004
AAVE/USDT:USDT,2026-09-17 12:00:00+00:00,2026-09-19 00:00:00+00:00,123.12,139.5,10.0,False,99.7272,8.1,1.31141101676122,130.86181876,2160,b434_limit,-0.5398480401471
AIN/USDT:USDT,2026-09-19 04:00:00+00:00,2026-09-19 04:00:00+00:00,0.0211,0.02005,10.0,False,99.99923,47393.0,-0.5123826337332476,-51.26861156,0,liquidation,-0.3358283851726128
DOGE/USDT:USDT,2026-09-17 04:00:00+00:00,2026-09-19 16:00:00+00:00,0.08112,0.08891,10.0,False,99.996624,12327.0,0.9403051692477866,94.08375886,3600,b434_limit,-0.6859952576760108
1000PEPE/USDT:USDT,2026-09-17 04:00:00+00:00,2026-09-19 16:00:00+00:00,0.0034604,0.0038468,10.0,False,99.99967732,288983.0,1.0949725668373307,109.5626015,3600,b434_limit,-0.8334357534420143
LINK/USDT:USDT,2026-09-17 04:00:00+00:00,2026-09-19 16:00:00+00:00,11.129,12.567,10.0,False,99.994065,89.85,1.2712254844101931,127.19127272,3600,b434_limit,-0.7355759240525042
PUMP/USDT:USDT,2026-09-19 20:00:00+00:00,2026-09-19 20:00:00+00:00,0.004176,0.004176,10.0,True,99.9997488,239463.0,-0.011506839491532611,-1.14999065,0,b434_stop,0.05000633990100001
ARB/USDT:USDT,2026-09-19 20:00:00+00:00,2026-09-20 00:00:00+00:00,0.20855,0.20601,10.0,True,99.999725,4795.0,0.11092083204849786,11.08539747,240,b434_stop,0.09878659000000001
UNI/USDT:USDT,2026-09-20 00:00:00+00:00,2026-09-20 04:00:00+00:00,8.671,8.738,10.0,True,99.7165,115.0,-0.08836828514502013,-8.80648904,240,b434_stop,0.09973196209500002
NEAR/USDT:USDT,2026-09-20 00:00:00+00:00,2026-09-20 08:00:00+00:00,3.589,3.461,10.0,True,99.7742,278.0,0.34703126690284797,34.60399217,480,b434_stop,0.195932166826
DOT/USDT:USDT,2026-09-20 04:00:00+00:00,2026-09-20 08:00:00+00:00,1.087,1.0824,10.0,True,99.99313,919.9,0.03135837345173502,3.13374054,240,b434_stop,0.099579175
BNB/USDT:USDT,2026-09-20 04:00:00+00:00,2026-09-20 12:00:00+00:00,750.94,753.04,10.0,True,99.87502,1.33,-0.03952542809756686,-3.94523436,480,b434_stop,0.04794168208886353
DOGE/USDT:USDT,2026-09-20 08:00:00+00:00,2026-09-20 12:00:00+00:00,0.08485,0.08511,10.0,True,99.995725,11785.0,-0.04168552780376208,-4.16587355,240,b434_stop,0.10001361463
HYPE/USDT:USDT,2026-09-20 08:00:00+00:00,2026-09-20 12:00:00+00:00,91.002,91.404,10.0,True,99.920196,10.98,-0.05523226817366193,-5.51550777,240,b434_stop,0.10014295536324
LINK/USDT:USDT,2026-09-20 08:00:00+00:00,2026-09-20 12:00:00+00:00,11.971,12.066,10.0,True,99.993763,83.53,-0.09046022645499441,-9.04003117,240,b434_stop,0.10000519959348
XLM/USDT:USDT,2026-09-20 08:00:00+00:00,2026-09-20 12:00:00+00:00,0.18964,0.19023,10.0,True,99.997172,5273.0,-0.04215548733428807,-4.21290026,240,b434_stop,0.10000244500000001
ETH/USDT:USDT,2026-09-20 12:00:00+00:00,2026-09-20 12:00:00+00:00,2577.9,2577.9,10.0,True,99.76473,0.387,-0.012007204322593557,-1.19717676,0,b434_stop,0.0
SUI/USDT:USDT,2026-09-20 12:00:00+00:00,2026-09-20 12:00:00+00:00,0.8223,0.8223,10.0,True,99.999903,1216.1,-0.012007204362617608,-1.19999884,0,b434_stop,0.0
ADA/USDT:USDT,2026-09-20 12:00:00+00:00,2026-09-20 12:00:00+00:00,0.2214,0.2214,10.0,True,99.98424,4516.0,-0.012007204322593557,-1.19981088,0,b434_stop,0.0
WLD/USDT:USDT,2026-09-20 12:00:00+00:00,2026-09-20 12:00:00+00:00,0.4223,0.4223,10.0,True,99.95841,2367.0,-0.012007204322593555,-1.19950092,0,b434_stop,0.0
ZEC/USDT:USDT,2026-09-19 20:00:00+00:00,2026-09-20 16:00:00+00:00,1477.55,1443.0,10.0,True,99.88238,0.676,0.22505872127228305,22.46591308,1200,b434_stop,0.29468815667054404
FET/USDT:USDT,2026-09-20 00:00:00+00:00,2026-09-20 16:00:00+00:00,0.1769,0.1728,10.0,True,99.98388,5652.0,0.2229683368324994,22.27986349,960,b434_stop,0.292566132036
SOL/USDT:USDT,2026-09-20 08:00:00+00:00,2026-09-20 16:00:00+00:00,108.44,108.74,10.0,True,99.98168,9.22,-0.037701323832696254,-3.76718003,480,b434_stop,0.20025973039990003
PENGU/USDT:USDT,2026-09-20 08:00:00+00:00,2026-09-20 16:00:00+00:00,0.007654,0.007709,10.0,True,99.99951,130650.0,-0.08244586416084004,-8.23959929,480,b434_stop,0.1504562787
BCH/USDT:USDT,2026-09-20 08:00:00+00:00,2026-09-20 16:00:00+00:00,245.84,248.58,10.0,True,99.983128,4.067,-0.12437460605647763,-12.42790094,480,b434_stop,-0.07783725517330001
AXS/USDT:USDT,2026-09-20 08:00:00+00:00,2026-09-20 16:00:00+00:00,0.9988,0.993,10.0,True,99.97988,1001.0,0.04762598829241057,4.75878361,480,b434_stop,0.1492586930835
ORCA/USDT:USDT,2026-09-20 08:00:00+00:00,2026-09-20 16:00:00+00:00,1.412,1.411,10.0,True,99.99784,708.2,-0.0034182394333313756,-0.34161147,480,b434_stop,0.1497376894629
BEAMX/USDT:USDT,2026-09-20 12:00:00+00:00,2026-09-20 16:00:00+00:00,0.001787,0.001805,10.0,True,99.9999839,559597.0,-0.11185012907451075,-11.1783001,240,b434_stop,0.10048935147650001
TAO/USDT:USDT,2026-09-20 12:00:00+00:00,2026-09-20 16:00:00+00:00,251.27,254.46,10.0,True,99.980333,3.979,-0.13810749059757427,-13.79974808,240,b434_stop,0.10064172116839451
LTC/USDT:USDT,2026-09-20 12:00:00+00:00,2026-09-20 16:00:00+00:00,57.2,57.59,10.0,True,99.99704,17.482,-0.07926324803324644,-7.92133453,240,b434_stop,0.100700741914562
BTC/USDT:USDT,2026-09-20 16:00:00+00:00,2026-09-20 16:00:00+00:00,80871.4,80871.4,10.0,True,97.04568,0.012,-0.011254337760491244,-1.09152955,0,b434_stop,0.07301861136124839
FIL/USDT:USDT,2026-09-20 16:00:00+00:00,2026-09-20 16:00:00+00:00,0.9287,0.9287,10.0,True,99.993129,1076.7,-0.011006496200320305,-1.09991365,0,b434_stop,0.10000389600000001
ZRO/USDT:USDT,2026-09-16 16:00:00+00:00,2026-09-20 20:00:00+00:00,0.9683,1.1592,10.0,False,99.996341,1032.7,1.943319427664894,194.44142706,6000,b434_limit,-1.3827613933722454
NEAR/USDT:USDT,2026-09-20 20:00:00+00:00,2026-09-20 20:00:00+00:00,4.157,4.157,10.0,False,99.768,240.0,-0.011992804317409556,-1.197216,0,b434_stop,0.0
LTC/USDT:USDT,2026-09-20 20:00:00+00:00,2026-09-20 20:00:00+00:00,58.97,58.97,10.0,False,99.995429,16.957,-0.011992804337398476,-1.19994515,0,b434_stop,0.0
AAVE/USDT:USDT,2026-09-20 08:00:00+00:00,2026-09-21 00:00:00+00:00,136.62,137.45,10.0,True,99.7326,7.3,-0.07134387277535703,-7.11104074,960,b434_stop,0.14838586415548047
1000PEPE/USDT:USDT,2026-09-21 00:00:00+00:00,2026-09-21 00:00:00+00:00,0.0039946,0.0039946,10.0,True,99.99961802,250337.0,-0.01156836948403486,-1.15613843,0,b434_stop,0.0438569840290512
ZRO/USDT:USDT,2026-09-21 00:00:00+00:00,2026-09-21 00:00:00+00:00,1.1753,1.1753,10.0,False,99.994524,850.8,-0.012492623232566306,-1.24994343,0,b434_stop,-0.050009142571199997
BNB/USDT:USDT,2026-09-21 04:00:00+00:00,2026-09-21 04:00:00+00:00,777.51,777.51,10.0,False,99.52128,1.28,-0.011992804317409556,-1.19425536,0,b434_stop,0.0
DOT/USDT:USDT,2026-09-21 04:00:00+00:00,2026-09-21 04:00:00+00:00,1.1614,1.1614,10.0,False,99.99654,861.0,-0.011992804317409556,-1.19995848,0,b434_stop,0.0
VIRTUAL/USDT:USDT,2026-09-17 00:00:00+00:00,2026-09-21 08:00:00+00:00,0.6012,0.6814,10.0,False,99.997596,1663.3,1.3067842184106195,130.7536855,6240,b434_limit,-1.3629653567386908
1000SHIB/USDT:USDT,2026-09-17 08:00:00+00:00,2026-09-21 08:00:00+00:00,0.005045,0.005579,10.0,False,99.999972,198216.0,1.0313661099897864,103.19846407,5760,b434_limit,-1.385371861848
MUBARAK/USDT:USDT,2026-09-17 16:00:00+00:00,2026-09-21 08:00:00+00:00,0.03025,0.03397,10.0,False,99.997425,33057.0,1.203958149933554,120.46495043,5280,b434_limit,-1.2333372490125
SAND/USDT:USDT,2026-09-21 08:00:00+00:00,2026-09-21 08:00:00+00:00,0.04038,0.04038,10.0,True,99.997032,24764.0,-0.012102561525418908,-1.2094941,0,b434_stop,-0.0095297171496
LTC/USDT:USDT,2026-09-21 08:00:00+00:00,2026-09-21 08:00:00+00:00,58.47,58.47,10.0,True,99.995394,17.102,-0.01100660392235157,-1.09994933,0,b434_stop,0.099995394
BR/USDT:USDT,2026-09-21 08:00:00+00:00,2026-09-21 08:00:00+00:00,1.12155,1.12155,10.0,True,99.930105,891.0,-0.0077293273683370824,-0.77192906,0,b434_stop,0.4272322031869716
PUMP/USDT:USDT,2026-09-21 04:00:00+00:00,2026-09-21 12:00:00+00:00,0.004403,0.004429,10.0,False,99.9996151,227117.0,0.04548680629998469,4.55139232,480,b434_stop,-0.1501112777725
SAND/USDT:USDT,2026-09-21 12:00:00+00:00,2026-09-21 12:00:00+00:00,0.04179,0.04179,10.0,False,99.999291,23929.0,-0.011992804297421403,-1.19999149,0,b434_stop,0.0
1000PEPE/USDT:USDT,2026-09-21 12:00:00+00:00,2026-09-21 12:00:00+00:00,0.0042183,0.0042183,10.0,False,99.99986346,237062.0,-0.011992804302218647,-1.19999836,0,b434_limit,0.0
BCH/USDT:USDT,2026-09-21 12:00:00+00:00,2026-09-21 12:00:00+00:00,266.99,266.99,10.0,False,99.987755,3.745,-0.011992804317409553,-1.19985306,0,b434_stop,0.0
AXS/USDT:USDT,2026-09-21 12:00:00+00:00,2026-09-21 12:00:00+00:00,1.0621,1.0621,10.0,False,99.94361,941.0,-0.012492607043634392,-1.24930538,0,b434_stop,-0.049982055313000005
WLD/USDT:USDT,2026-09-21 04:00:00+00:00,2026-09-21 16:00:00+00:00,0.4417,0.4407,10.0,False,99.95671,2263.0,-0.03518450460810321,-3.51903748,720,b434_stop,-0.057914758712255994
XRP/USDT:USDT,2026-09-18 04:00:00+00:00,2026-09-21 20:00:00+00:00,1.3261,1.5068,10.0,False,99.98794,754.0,1.3383312491408113,133.89727483,5280,b434_limit,-1.0689212120001323
TAO/USDT:USDT,2026-09-21 04:00:00+00:00,2026-09-21 20:00:00+00:00,267.08,306.59,10.0,False,99.994752,3.744,1.4629121269164478,146.37130545,960,b434_limit,-0.265442265702432
DOGE/USDT:USDT,2026-09-21 08:00:00+00:00,2026-09-21 20:00:00+00:00,0.08972,0.09852,10.0,False,99.99294,11145.0,0.9655766514225639,96.60877868,720,b434_limit,-0.208460437695
WLD/USDT:USDT,2026-09-21 20:00:00+00:00,2026-09-21 20:00:00+00:00,0.4392,0.4392,10.0,True,99.96192,2276.0,-0.012007204322593557,-1.19954304,0,b434_stop,0.0
AAVE/USDT:USDT,2026-09-21 20:00:00+00:00,2026-09-21 20:00:00+00:00,145.36,145.36,10.0,False,98.8448,6.8,-0.011992804317409553,-1.1861376,0,b434_stop,0.0
SUI/USDT:USDT,2026-09-20 20:00:00+00:00,2026-09-22 00:00:00+00:00,0.8802,1.0426,10.0,False,99.999522,1136.1,1.8278143711721626,182.89023176,1680,b434_limit,-0.3017123910276
SOL/USDT:USDT,2026-09-21 12:00:00+00:00,2026-09-22 04:00:00+00:00,116.78,116.77,10.0,False,99.96368,8.56,-0.014874220725922281,-1.48777397,960,b434_stop,-0.20266117435616
ENA/USDT:USDT,2026-09-21 20:00:00+00:00,2026-09-22 04:00:00+00:00,0.21335,0.21148,10.0,True,99.997145,4687.0,0.07724244931835589,7.71938999,480,b434_stop,0.14940691546850002
WLD/USDT:USDT,2026-09-22 00:00:00+00:00,2026-09-22 04:00:00+00:00,0.458,0.4576,10.0,False,99.9814,2183.0,-0.021715711718821834,-2.17246996,240,b434_stop,-0.10001708113500002
BEAMX/USDT:USDT,2026-09-21 04:00:00+00:00,2026-09-22 12:00:00+00:00,0.001894,0.001899,10.0,False,99.9999802,527983.0,0.009824809960503257,0.98307029,1920,b434_stop,-0.4552609975035
BEAMX/USDT:USDT,2026-09-22 12:00:00+00:00,2026-09-22 12:00:00+00:00,0.001899,0.001899,10.0,True,99.9998208,526592.0,-0.011506904150490308,-1.14999794,0,b434_stop,0.04999991040000001
AAVE/USDT:USDT,2026-09-22 08:00:00+00:00,2026-09-22 12:00:00+00:00,141.55,141.16,10.0,True,99.085,7.0,0.016578580139959637,1.641703,240,b434_stop,0.09908500000000002
SAND/USDT:USDT,2026-09-22 12:00:00+00:00,2026-09-22 12:00:00+00:00,0.04152,0.04152,10.0,True,99.996768,24084.0,-0.012007204362618866,-1.19996122,0,b434_stop,0.0
ZRO/USDT:USDT,2026-09-22 12:00:00+00:00,2026-09-22 12:00:00+00:00,1.1816,1.1816,10.0,True,99.998808,846.3,-0.011506889813717534,-1.14998486,0,b434_stop,0.0500008367859
DOT/USDT:USDT,2026-09-22 12:00:00+00:00,2026-09-22 12:00:00+00:00,1.1658,1.1658,10.0,True,99.990666,857.7,-0.012007204302579679,-1.19988799,0,b434_stop,0.0
MOVR/USDT:USDT,2026-09-17 16:00:00+00:00,2026-09-22 16:00:00+00:00,0.7999,0.8933,10.0,False,99.9994985,1250.15,1.1379100001425364,113.85870361,7200,b434_limit,-1.6352540019354003
PENGU/USDT:USDT,2026-09-21 08:00:00+00:00,2026-09-22 16:00:00+00:00,0.008037,0.009123,10.0,False,99.9995688,124424.0,1.3327264043216922,133.352029,1920,b434_limit,-0.491365493516
WLD/USDT:USDT,2026-09-22 16:00:00+00:00,2026-09-22 16:00:00+00:00,0.4531,0.4531,10.0,True,99.99917,2207.0,-0.011006603962377428,-1.09999087,0,b434_stop,0.09999917000000001
ZRO/USDT:USDT,2026-09-22 16:00:00+00:00,2026-09-22 16:00:00+00:00,1.2707,1.2707,10.0,False,99.991383,786.9,-0.012492713514912906,-1.2499132,0,b434_stop,-0.0500166065151
AVAX/USDT:USDT,2026-09-22 04:00:00+00:00,2026-09-22 20:00:00+00:00,11.0,10.979,10.0,True,99.0,90.0,0.008951216386397495,0.88563872,960,b434_stop,0.18250472007000001
ONDO/USDT:USDT,2026-09-22 08:00:00+00:00,2026-09-22 20:00:00+00:00,0.4326,0.437,10.0,True,99.999816,2311.6,-0.11184112143705309,-11.17738111,720,b434_stop,0.1997593076618
NEAR/USDT:USDT,2026-09-22 20:00:00+00:00,2026-09-22 20:00:00+00:00,4.347,4.347,10.0,True,99.981,230.0,-0.012007204322593557,-1.199772,0,b434_stop,0.0
BNB/USDT:USDT,2026-09-22 16:00:00+00:00,2026-09-23 00:00:00+00:00,788.36,788.87,10.0,True,99.33336,1.26,-0.0180288647301005,-1.78979319,480,b434_stop,0.04519268807054917
ZEC/USDT:USDT,2026-09-23 00:00:00+00:00,2026-09-23 00:00:00+00:00,1629.93,1629.93,10.0,False,99.914709,0.613,-0.012992321136707057,-1.29890286,0,b434_stop,-0.099926356
DOT/USDT:USDT,2026-09-23 00:00:00+00:00,2026-09-23 00:00:00+00:00,1.2185,1.2185,10.0,False,99.99011,820.6,-0.012992204677193685,-1.29987143,0,b434_stop,-0.09999011
WLD/USDT:USDT,2026-09-22 20:00:00+00:00,2026-09-23 04:00:00+00:00,0.4627,0.4689,10.0,False,99.98947,2161.0,0.1208244147956871,12.0884179,480,b434_stop,-0.10186954
ARB/USDT:USDT,2026-09-23 04:00:00+00:00,2026-09-23 04:00:00+00:00,0.249,0.249,10.0,False,99.9984,4016.0,-0.011992804317409556,-1.1999808,0,b434_stop,0.0
UNI/USDT:USDT,2026-09-23 00:00:00+00:00,2026-09-23 08:00:00+00:00,10.233,10.436,10.0,False,99.2601,97.0,0.1841290730905497,18.28763621,480,b434_stop,-0.200427988434
BEAMX/USDT:USDT,2026-09-23 08:00:00+00:00,2026-09-23 08:00:00+00:00,0.001984,0.001984,10.0,False,99.9999488,504032.0,-0.01249274625237243,-1.25002355,0,b434_stop,-0.050024167936
LINK/USDT:USDT,2026-09-21 00:00:00+00:00,2026-09-23 12:00:00+00:00,12.514,12.759,10.0,False,99.999374,79.91,0.17590239397329172,17.60068336,3600,b434_stop,-0.7655273783346184
BTC/USDT:USDT,2026-09-21 12:00:00+00:00,2026-09-23 12:00:00+00:00,84849.9,85622.7,10.0,False,93.33489,0.011,0.07621444606444704,7.11773502,2880,b434_stop,-0.2579458151055111
LTC/USDT:USDT,2026-09-21 12:00:00+00:00,2026-09-23 12:00:00+00:00,60.28,62.46,10.0,False,99.998492,16.589,0.34303382445916736,34.32344687,2880,b434_stop,-0.618892816408141
FIL/USDT:USDT,2026-09-22 16:00:00+00:00,2026-09-23 12:00:00+00:00,1.0098,1.0282,10.0,False,99.990396,990.2,0.16694944407845697,16.70335703,1200,b434_stop,-0.30550640600000006
SAND/USDT:USDT,2026-09-23 00:00:00+00:00,2026-09-23 12:00:00+00:00,0.04325,0.04377,10.0,False,99.998325,23121.0,0.10674983183341896,10.68120926,720,b434_stop,-0.1345170877906338
AAVE/USDT:USDT,2026-09-23 00:00:00+00:00,2026-09-23 12:00:00+00:00,147.99,148.14,10.0,False,99.1533,6.7,-0.0038797587722115027,-0.3849217,720,b434_stop,-0.19947910000000002
TAO/USDT:USDT,2026-09-23 12:00:00+00:00,2026-09-23 12:00:00+00:00,305.03,305.03,10.0,True,99.988834,3.278,-0.01150690433262079,-1.14987161,0,b434_stop,0.049994402326033
FET/USDT:USDT,2026-09-21 12:00:00+00:00,2026-09-23 16:00:00+00:00,0.1954,0.1936,10.0,False,99.98618,5117.0,-0.11158084591763898,-11.16323647,3120,b434_stop,-0.7583286716271854
FET/USDT:USDT,2026-09-23 16:00:00+00:00,2026-09-23 16:00:00+00:00,0.1936,0.1936,10.0,True,99.9944,5165.0,-0.011006809997529564,-1.09995899,0,b434_stop,0.09997381231000001
LTC/USDT:USDT,2026-09-23 16:00:00+00:00,2026-09-23 16:00:00+00:00,59.45,59.45,10.0,True,99.9949,16.82,-0.011006435652813052,-1.09992708,0,b434_stop,0.10001172000000001
ARB/USDT:USDT,2026-09-23 16:00:00+00:00,2026-09-23 16:00:00+00:00,0.21995,0.21995,10.0,True,99.998068,4546.4,-0.011593924915181693,-1.15867447,0,b434_stop,0.04130234273711999
BEAMX/USDT:USDT,2026-09-23 12:00:00+00:00,2026-09-23 20:00:00+00:00,0.001955,0.001917,10.0,True,99.999814,511508.0,0.1840744702552407,18.39636834,480,b434_stop,0.147399725836
MOVR/USDT:USDT,2026-09-23 16:00:00+00:00,2026-09-24 00:00:00+00:00,0.8615,0.8641,10.0,True,99.999474,1160.76,-0.04072542194035418,-4.07007726,480,b434_stop,0.14970321720000002
FIL/USDT:USDT,2026-09-23 16:00:00+00:00,2026-09-24 00:00:00+00:00,0.9283,0.9355,10.0,True,99.996476,1077.2,-0.08908952704745267,-8.90329357,480,b434_stop,0.057157641585679424
VIRTUAL/USDT:USDT,2026-09-23 16:00:00+00:00,2026-09-24 00:00:00+00:00,0.6979,0.6979,10.0,True,99.995112,1432.8,-0.010506206058861463,-1.04993891,480,b434_stop,0.150002432532
1000SHIB/USDT:USDT,2026-09-23 16:00:00+00:00,2026-09-24 00:00:00+00:00,0.005612,0.005637,10.0,True,99.9996668,178189.0,-0.056642756674429695,-5.66085824,480,b434_stop,-0.003464401072400397
UNI/USDT:USDT,2026-09-23 20:00:00+00:00,2026-09-24 00:00:00+00:00,9.201,9.238,10.0,True,99.3708,108.0,-0.051816127031256654,-5.14592059,240,b434_stop,0.044926611119999994
DOGE/USDT:USDT,2026-09-23 16:00:00+00:00,2026-09-24 04:00:00+00:00,0.09272,0.09314,10.0,True,99.99852,10785.0,-0.056534683821585524,-5.64999268,720,b434_stop,0.0824073847929045
QNT/USDT:USDT,2026-09-24 00:00:00+00:00,2026-09-24 04:00:00+00:00,70.59,70.81,10.0,True,99.5319,14.1,-0.04284989695761256,-4.2623727,240,b434_stop,0.035871296760000004
PENGU/USDT:USDT,2026-09-24 04:00:00+00:00,2026-09-24 04:00:00+00:00,0.009675,0.009675,10.0,True,99.9998325,103359.0,-0.01150687108509572,-1.14999477,0,b434_stop,0.050003223737999994
SAND/USDT:USDT,2026-09-23 16:00:00+00:00,2026-09-24 12:00:00+00:00,0.04112,0.04008,10.0,True,99.999728,24319.0,0.2437385960288171,24.35916903,1200,b434_stop,0.2522307099811864
AAVE/USDT:USDT,2026-09-23 16:00:00+00:00,2026-09-24 12:00:00+00:00,138.83,136.83,10.0,True,99.9576,7.2,0.1338439377423504,13.37069156,1200,b434_stop,0.16154276443622137
AXS/USDT:USDT,2026-09-23 16:00:00+00:00,2026-09-24 12:00:00+00:00,1.053,1.0227,10.0,True,99.9297,949.0,0.2790496314666665,27.86861475,1200,b434_stop,0.2958183326345
XRP/USDT:USDT,2026-09-23 16:00:00+00:00,2026-09-24 16:00:00+00:00,1.5056,1.5141,10.0,True,99.986896,664.1,-0.06834881134118592,-6.8298851,1440,b434_stop,0.01819456608523401
ZEC/USDT:USDT,2026-09-23 20:00:00+00:00,2026-09-24 16:00:00+00:00,1517.37,1515.84,10.0,True,99.994683,0.659,0.0003412514843454251,0.03410286,1200,b434_stop,0.22516409332964302
ONDO/USDT:USDT,2026-09-24 16:00:00+00:00,2026-09-24 16:00:00+00:00,0.5132,0.5132,10.0,False,99.99702,1948.5,-0.012492383366368312,-1.24995063,0,b434_stop,-0.0499863922785
SUI/USDT:USDT,2026-09-23 00:00:00+00:00,2026-09-25 00:00:00+00:00,1.0233,1.0136,10.0,True,99.996876,977.2,0.08760895653558123,8.75536559,2880,b434_stop,0.4708007954186709
ZRO/USDT:USDT,2026-09-25 00:00:00+00:00,2026-09-25 00:00:00+00:00,1.4374,1.4374,10.0,True,99.999918,695.7,-0.011506764888819172,-1.14998514,0,b434_stop,0.05001387300000001
QNT/USDT:USDT,2026-09-24 16:00:00+00:00,2026-09-25 04:00:00+00:00,82.32,93.65,10.0,False,99.6072,12.1,1.3627457843897135,135.82073547,720,b434_limit,0.005277666680000008
ORCA/USDT:USDT,2026-09-21 08:00:00+00:00,2026-09-25 08:00:00+00:00,1.477,1.581,10.0,False,99.9929,677.0,0.6807838713334575,68.1143977,5760,b434_limit,-1.0514427001185067
SOL/USDT:USDT,2026-09-23 08:00:00+00:00,2026-09-25 08:00:00+00:00,117.83,116.32,10.0,True,99.91984,8.48,0.11740341085430891,11.72389147,2880,b434_stop,0.11044667093760181
DOT/USDT:USDT,2026-09-23 08:00:00+00:00,2026-09-25 08:00:00+00:00,1.1696,1.1579,10.0,True,99.989104,854.9,0.08916417010083791,8.91009621,2880,b434_stop,0.10163406136535649
NIL/USDT:USDT,2026-09-25 04:00:00+00:00,2026-09-25 08:00:00+00:00,0.11491,0.11559,10.0,True,99.9992784,8702.4,-0.07025172706854177,-7.02090694,240,b434_stop,0.10026697727759999
COLLECT/USDT:USDT,2026-09-25 04:00:00+00:00,2026-09-25 08:00:00+00:00,0.01799,0.01828,10.0,True,99.999214,55586.0,-0.17038159375205852,-17.02780264,240,b434_stop,0.30179989353736
SAND/USDT:USDT,2026-09-25 08:00:00+00:00,2026-09-25 08:00:00+00:00,0.04523,0.04523,10.0,False,99.999007,22109.0,-0.012499273128375808,-1.25066485,0,b434_stop,-0.0506767627663472
MOVR/USDT:USDT,2026-09-25 08:00:00+00:00,2026-09-25 08:00:00+00:00,0.9944,0.9944,10.0,False,99.9998472,1005.63,-0.012492516690004639,-1.24999931,0,b434_stop,-0.05000114745171
AXS/USDT:USDT,2026-09-25 08:00:00+00:00,2026-09-25 08:00:00+00:00,1.1858,1.1858,10.0,False,99.96294,843.0,-0.01217156225008841,-1.21743517,0,b434_stop,-0.017879893730398805
US/USDT:USDT,2026-08-23 12:00:00+00:00,2026-09-25 12:00:00+00:00,0.019838,0.019958,10.0,True,99.9993904,50408.0,0.17841363864015952,17.83055035,47520,b434_stop,25.08313241091857
LYN/USDT:USDT,2026-09-23 16:00:00+00:00,2026-09-25 12:00:00+00:00,0.0399,0.03994,10.0,True,99.99738,25062.0,-0.001676375119747369,-0.16753254,2640,b434_stop,2.035517506856053
SOL/USDT:USDT,2026-09-25 12:00:00+00:00,2026-09-25 12:00:00+00:00,120.78,120.78,10.0,False,99.88506,8.27,-0.011992804317409556,-1.19862072,0,b434_stop,0.0
ZEC/USDT:USDT,2026-09-25 12:00:00+00:00,2026-09-25 12:00:00+00:00,1597.11,1597.11,10.0,False,99.979086,0.626,-0.011992804297417366,-1.19974903,0,b434_stop,0.0
SUI/USDT:USDT,2026-09-25 12:00:00+00:00,2026-09-25 12:00:00+00:00,1.1389,1.1389,10.0,False,99.99542,878.0,-0.011992804317409556,-1.19994504,0,b434_stop,0.0
AAVE/USDT:USDT,2026-09-25 12:00:00+00:00,2026-09-25 12:00:00+00:00,148.13,148.13,10.0,False,99.2471,6.7,-0.011992804317409553,-1.1909652,0,b434_stop,0.0
FIL/USDT:USDT,2026-09-25 12:00:00+00:00,2026-09-25 12:00:00+00:00,1.0294,1.0294,10.0,False,99.995916,971.4,-0.011992804297420731,-1.19995099,0,b434_stop,0.0
DOT/USDT:USDT,2026-09-25 12:00:00+00:00,2026-09-25 12:00:00+00:00,1.1953,1.1953,10.0,False,99.998798,836.6,-0.01199280435738605,-1.19998558,0,b434_stop,0.0
WLD/USDT:USDT,2026-09-23 12:00:00+00:00,2026-09-25 16:00:00+00:00,0.4543,0.4564,10.0,True,99.99143,2201.0,-0.05796421107901715,-5.7924468,3120,b434_stop,0.03232361884372048
XRP/USDT:USDT,2026-09-25 16:00:00+00:00,2026-09-25 16:00:00+00:00,1.5757,1.5757,10.0,False,99.993922,634.6,-0.012090044347186846,-1.20965631,0,b434_stop,-0.009729248933944121
LYN/USDT:USDT,2026-09-25 16:00:00+00:00,2026-09-25 16:00:00+00:00,0.04472,0.04472,10.0,False,99.998392,22361.0,-0.015580542260084564,-1.55896399,0,b434_stop,-0.35898329051489997
BCH/USDT:USDT,2026-09-24 16:00:00+00:00,2026-09-25 20:00:00+00:00,337.48,339.73,10.0,True,99.995324,2.963,-0.07477879433503026,-7.47304325,1680,b434_stop,0.397650683149185
NEAR/USDT:USDT,2026-09-25 12:00:00+00:00,2026-09-25 20:00:00+00:00,5.025,5.034,10.0,False,99.9975,199.0,0.004882087872704513,0.4884895,480,b434_stop,-0.101465901299
TAO/USDT:USDT,2026-09-26 00:00:00+00:00,2026-09-26 00:00:00+00:00,317.77,317.77,10.0,False,99.970442,3.146,-0.01249249365060165,-1.24962944,0,b434_stop,-0.04998413652189101
ZRO/USDT:USDT,2026-09-26 00:00:00+00:00,2026-09-26 00:00:00+00:00,1.6206,1.6206,10.0,False,99.99102,617.0,-0.012492514392253748,-1.24988874,0,b434_stop,-0.049996501519
PUMP/USDT:USDT,2026-09-23 04:00:00+00:00,2026-09-26 04:00:00+00:00,0.004424,0.004354,10.0,True,99.9996536,226039.0,0.15305578543839266,15.29634221,4320,b434_stop,0.6641144119318962
MUBARAK/USDT:USDT,2026-09-23 20:00:00+00:00,2026-09-26 04:00:00+00:00,0.05467,0.05589,10.0,True,99.996897,18291.0,-0.22862903182133493,-22.84847643,3360,b434_stop,0.679895346312
DOGE/USDT:USDT,2026-09-26 00:00:00+00:00,2026-09-26 04:00:00+00:00,0.09892,0.09792,10.0,False,99.998228,10109.0,-0.11396290059389574,-11.40292577,240,b434_stop,-0.100012431145
ZRO/USDT:USDT,2026-09-26 04:00:00+00:00,2026-09-26 04:00:00+00:00,1.571,1.571,10.0,True,99.99415,636.5,-0.011506759397175785,-1.14991826,0,b434_stop,0.050011536916499996
1000SHIB/USDT:USDT,2026-09-26 00:00:00+00:00,2026-09-26 08:00:00+00:00,0.005954,0.005929,10.0,False,99.9998116,167954.0,-0.05592633003040666,-5.59597804,480,b434_stop,-0.199649607064
ZRO/USDT:USDT,2026-09-26 08:00:00+00:00,2026-09-26 08:00:00+00:00,1.6268,1.6268,10.0,False,99.999396,614.7,-0.012492504497301616,-1.24999245,0,b434_stop,-0.04999969800000001
UNI/USDT:USDT,2026-09-26 08:00:00+00:00,2026-09-26 12:00:00+00:00,9.707,9.619,10.0,False,99.9821,103.0,-0.10284619449779771,-10.28894817,240,b434_stop,-0.03060136798
AVAX/USDT:USDT,2026-09-26 12:00:00+00:00,2026-09-26 12:00:00+00:00,10.943,10.943,10.0,False,99.5813,91.0,-0.011992804317409553,-1.1949756,0,b434_stop,0.0
COLLECT/USDT:USDT,2026-09-26 12:00:00+00:00,2026-09-26 12:00:00+00:00,0.01904,0.01904,10.0,False,99.999984,52521.0,-0.014706449284872782,-1.47152708,0,b434_stop,-0.2715272727321
ZRO/USDT:USDT,2026-09-26 12:00:00+00:00,2026-09-26 12:00:00+00:00,1.5712,1.5712,10.0,True,99.991168,636.4,-0.011506875502773723,-1.14989557,0,b434_stop,0.0499984490728
ZEC/USDT:USDT,2026-09-25 16:00:00+00:00,2026-09-26 16:00:00+00:00,1544.51,1551.0,10.0,True,99.929797,0.647,-0.05059042744464708,-5.05245785,1440,b434_stop,0.34824913075206543
ARB/USDT:USDT,2026-09-26 16:00:00+00:00,2026-09-26 16:00:00+00:00,0.23071,0.23071,10.0,False,99.9989424,4334.4,-0.012957589268126903,-1.29652267,0,b434_stop,-0.09653536533779711
BR/USDT:USDT,2026-09-26 16:00:00+00:00,2026-09-26 16:00:00+00:00,1.05697,1.05697,10.0,False,99.989362,946.0,-0.0029403529706434808,-0.29418042,0,b434_stop,0.9056919230831999
UNI/USDT:USDT,2026-09-26 12:00:00+00:00,2026-09-26 20:00:00+00:00,9.619,9.533,10.0,True,99.0757,103.0,0.07851790701413139,7.77454907,480,b434_stop,0.10014267164400001
NEAR/USDT:USDT,2026-09-26 12:00:00+00:00,2026-09-26 20:00:00+00:00,4.892,4.833,10.0,True,99.7968,204.0,0.10899112185073537,10.87043901,480,b434_stop,0.024779011868207995
ARB/USDT:USDT,2026-09-26 20:00:00+00:00,2026-09-27 00:00:00+00:00,0.22242,0.22193,10.0,True,99.9978078,4495.9,0.010254362278619367,1.0247985,240,b434_stop,0.020459394816244498
ORCA/USDT:USDT,2026-09-27 00:00:00+00:00,2026-09-27 04:00:00+00:00,1.643,1.642,10.0,True,99.99298,608.6,-0.004912783040267165,-0.49094907,240,b434_stop,0.10000152900420001
SOL/USDT:USDT,2026-09-27 04:00:00+00:00,2026-09-27 04:00:00+00:00,120.53,120.53,10.0,True,99.91937,8.29,-0.012007204322593557,-1.19903244,0,b434_stop,0.0
SAND/USDT:USDT,2026-09-27 04:00:00+00:00,2026-09-27 04:00:00+00:00,0.04445,0.04445,10.0,True,99.999165,22497.0,-0.012007204322593557,-1.19998998,0,b434_stop,0.0
AXS/USDT:USDT,2026-09-27 04:00:00+00:00,2026-09-27 04:00:00+00:00,1.1607,1.1607,10.0,True,99.93627,861.0,-0.011506947245800741,-1.14927141,0,b434_stop,0.04996383000000001
1000SHIB/USDT:USDT,2026-09-27 04:00:00+00:00,2026-09-27 04:00:00+00:00,0.005878,0.005878,10.0,True,99.999475,170125.0,-0.012007204322593557,-1.1999937,0,b434_stop,0.0
MUBARAK/USDT:USDT,2026-09-26 12:00:00+00:00,2026-09-27 08:00:00+00:00,0.05702,0.05575,10.0,False,99.995974,17537.0,-0.23949412034629733,-23.9628169,1200,b434_stop,-0.5042384039145674
ONDO/USDT:USDT,2026-09-27 00:00:00+00:00,2026-09-27 08:00:00+00:00,0.5377,0.5438,10.0,True,99.996069,1859.7,-0.12408853401392828,-12.40092059,480,b434_stop,0.15000873561960001
NEAR/USDT:USDT,2026-09-27 08:00:00+00:00,2026-09-27 08:00:00+00:00,5.41,5.41,10.0,False,99.544,184.0,-0.012991854087900873,-1.29403708,0,b434_stop,-0.0995090814
UNI/USDT:USDT,2026-09-27 08:00:00+00:00,2026-09-27 08:00:00+00:00,10.077,10.077,10.0,False,99.7623,99.0,-0.012992420761483646,-1.29693147,0,b434_stop,-0.09978386893200002
ARB/USDT:USDT,2026-09-27 08:00:00+00:00,2026-09-27 08:00:00+00:00,0.23477,0.23477,10.0,False,99.9979338,4259.4,-0.012992319616606338,-1.29998464,0,b434_stop,-0.10000943418
BR/USDT:USDT,2026-09-27 08:00:00+00:00,2026-09-27 08:00:00+00:00,0.90654,0.90654,10.0,True,99.991362,1103.0,-0.011506792235680699,-1.14988948,0,b434_stop,0.0500068670745
DOGE/USDT:USDT,2026-09-26 12:00:00+00:00,2026-09-27 12:00:00+00:00,0.0976,0.09784,10.0,True,99.9912,10245.0,-0.035412671348098446,-3.53883093,1440,b434_stop,0.1213387531526565
ZEC/USDT:USDT,2026-09-27 00:00:00+00:00,2026-09-27 12:00:00+00:00,1652.72,1660.34,10.0,False,99.98956,0.605,0.03205161402780093,3.20674968,720,b434_stop,-0.200709541131275
SOL/USDT:USDT,2026-09-27 08:00:00+00:00,2026-09-27 12:00:00+00:00,124.09,123.87,10.0,False,99.89245,8.05,-0.03036892221958092,-3.03544622,240,b434_stop,-0.06679941689323379
HYPE/USDT:USDT,2026-09-27 08:00:00+00:00,2026-09-27 12:00:00+00:00,93.339,93.164,10.0,False,99.966069,10.71,-0.029613428704150613,-2.96211426,240,b434_stop,0.1106040199383
1000SHIB/USDT:USDT,2026-09-27 08:00:00+00:00,2026-09-27 12:00:00+00:00,0.006,0.00596,10.0,False,99.9996,166666.0,-0.07957870948013873,-7.96261382,240,b434_stop,-0.099978600084
ORCA/USDT:USDT,2026-09-27 08:00:00+00:00,2026-09-27 12:00:00+00:00,1.716,1.778,10.0,False,99.99132,582.7,0.3482068210940258,34.83855027,240,b434_stop,-0.06727745235100001
BNB/USDT:USDT,2026-09-27 12:00:00+00:00,2026-09-27 12:00:00+00:00,780.26,780.26,10.0,False,99.87328,1.28,-0.011992804317409556,-1.19847936,0,b434_stop,0.0
ENA/USDT:USDT,2026-09-25 04:00:00+00:00,2026-09-27 16:00:00+00:00,0.22296,0.27385,10.0,False,99.99756,4485.0,2.2583440152469803,225.9643885,3600,b434_limit,-0.9403457915475
ENA/USDT:USDT,2026-09-27 16:00:00+00:00,2026-09-27 16:00:00+00:00,0.27385,0.27385,10.0,True,99.982635,3651.0,-0.011506941746573976,-1.14980406,0,b434_stop,0.049987560621
ARB/USDT:USDT,2026-09-27 16:00:00+00:00,2026-09-27 16:00:00+00:00,0.22077,0.22077,10.0,True,99.9999792,4529.6,-0.013693916396463487,-1.36856972,0,b434_stop,-0.16856996493743998
COLLECT/USDT:USDT,2026-09-27 16:00:00+00:00,2026-09-27 16:00:00+00:00,0.01824,0.01824,10.0,True,99.998976,54824.0,-0.01150690410246107,-1.14998822,0,b434_stop,0.049999488
ENA/USDT:USDT,2026-09-27 20:00:00+00:00,2026-09-27 20:00:00+00:00,0.28622,0.28622,10.0,False,99.976646,3493.0,-0.012492558327582516,-1.24971346,0,b434_stop,-0.049993703966500005
ARB/USDT:USDT,2026-09-27 20:00:00+00:00,2026-09-27 20:00:00+00:00,0.22769,0.22769,10.0,False,99.9991711,4391.9,-0.011992804285428477,-1.19999005,0,b434_stop,0.0
1000SHIB/USDT:USDT,2026-09-27 16:00:00+00:00,2026-09-28 00:00:00+00:00,0.005904,0.005922,10.0,True,99.9995904,169376.0,-0.040527238042792964,-4.05027558,480,b434_stop,0.2003167608
LIT/USDT:USDT,2026-09-16 20:00:00+00:00,2026-09-28 04:00:00+00:00,4.4804,4.4536,10.0,False,99.957724,223.1,-0.07464634151692194,-7.46595529,16320,b434_stop,-0.2909700475726156
LYN/USDT:USDT,2026-09-26 20:00:00+00:00,2026-09-28 04:00:00+00:00,0.04091,0.0414,10.0,True,99.996313,24443.0,-0.0669902777162102,-6.69476151,1920,b434_stop,6.4894504839848395
MUBARAK/USDT:USDT,2026-09-27 16:00:00+00:00,2026-09-28 04:00:00+00:00,0.05441,0.05414,10.0,True,99.994698,18378.0,0.039838756637508896,3.98127424,720,b434_stop,0.21617337609344162
US/USDT:USDT,2026-09-28 04:00:00+00:00,2026-09-28 04:00:00+00:00,0.025498,0.025498,10.0,True,99.9980564,39218.0,-0.011422935043982204,-1.14158594,0,b434_stop,0.05839073426184
DOT/USDT:USDT,2026-09-28 04:00:00+00:00,2026-09-28 04:00:00+00:00,1.2279,1.2279,10.0,True,99.987897,814.3,-0.012007204282564698,-1.19985476,0,b434_stop,0.0
XLM/USDT:USDT,2026-09-21 04:00:00+00:00,2026-09-28 12:00:00+00:00,0.19825,0.21243,10.0,False,99.9973,5044.0,0.6787732657148724,67.91621918,10560,b434_limit,-2.3648188720000003
BEAMX/USDT:USDT,2026-09-24 16:00:00+00:00,2026-09-28 12:00:00+00:00,0.002014,0.002034,10.0,False,99.9999336,496524.0,0.0734951943135014,7.35392426,5520,b434_stop,-1.3705982534276173
ZEC/USDT:USDT,2026-09-28 04:00:00+00:00,2026-09-28 12:00:00+00:00,1556.41,1567.67,10.0,True,99.921522,0.642,-0.08344954026064401,-8.33340203,480,b434_stop,0.09891358200000001
NEAR/USDT:USDT,2026-09-28 08:00:00+00:00,2026-09-28 12:00:00+00:00,5.119,5.144,10.0,True,99.8205,195.0,-0.05990290794910624,-5.9759505,240,b434_stop,0.0998205
SUI/USDT:USDT,2026-09-28 08:00:00+00:00,2026-09-28 12:00:00+00:00,1.1783,1.1848,10.0,True,99.990538,848.6,-0.06623706042650306,-6.61910546,240,b434_stop,0.099990538
ORCA/USDT:USDT,2026-09-28 08:00:00+00:00,2026-09-28 12:00:00+00:00,1.683,1.669,10.0,True,99.98703,594.1,0.07115133148959134,7.10994179,240,b434_stop,-0.012604289929898156
LINK/USDT:USDT,2026-09-25 00:00:00+00:00,2026-09-28 16:00:00+00:00,13.214,14.421,10.0,False,99.990338,75.67,0.8920592056515154,89.25081987,5280,b434_limit,-0.8281858554882982
MUBARAK/USDT:USDT,2026-09-28 16:00:00+00:00,2026-09-28 20:00:00+00:00,0.06008,0.05908,10.0,False,99.997152,16644.0,-0.1792290138966432,-17.93314438,240,b434_stop,-0.099164952
FET/USDT:USDT,2026-09-24 20:00:00+00:00,2026-09-29 00:00:00+00:00,0.2243,0.2246,10.0,False,99.99294,4458.0,-0.012448542468937207,-1.24551322,6000,b434_stop,-1.38219549972
BR/USDT:USDT,2026-09-28 12:00:00+00:00,2026-09-29 00:00:00+00:00,0.92515,0.89194,10.0,False,99.9162,1080.0,-0.3724799447097571,-37.23911072,720,b434_stop,-0.194836401
LINK/USDT:USDT,2026-09-28 20:00:00+00:00,2026-09-29 00:00:00+00:00,15.083,15.443,10.0,False,99.985207,66.29,0.225377271201044,22.54791375,240,b434_stop,-0.10234513100000002
XLM/USDT:USDT,2026-09-28 20:00:00+00:00,2026-09-29 00:00:00+00:00,0.22684,0.23234,10.0,False,99.991072,4408.0,0.22915416685923207,22.92711882,240,b434_stop,-0.10244192
AAVE/USDT:USDT,2026-09-27 20:00:00+00:00,2026-09-29 04:00:00+00:00,154.49,147.46,10.0,True,98.8736,6.4,0.44556580570696613,44.02826243,1920,b434_stop,0.19575042931367936
AVAX/USDT:USDT,2026-09-28 04:00:00+00:00,2026-09-29 04:00:00+00:00,10.713,10.418,10.0,True,99.6309,93.0,0.26584192888330255,26.47017899,1440,b434_stop,0.21428879208
US/USDT:USDT,2026-09-29 04:00:00+00:00,2026-09-29 04:00:00+00:00,0.031056,0.031056,10.0,False,99.9972144,32199.0,-0.014942309497014923,-1.49508584,0,b434_stop,-0.2951192712006
AVAX/USDT:USDT,2026-09-29 08:00:00+00:00,2026-09-29 08:00:00+00:00,11.451,11.451,10.0,False,99.6237,87.0,-0.012992466505949193,-1.2951342,0,b434_stop,-0.09964980000000001
MOVR/USDT:USDT,2026-09-28 04:00:00+00:00,2026-09-29 12:00:00+00:00,1.0201,1.0231,10.0,True,99.9993829,980.29,-0.03710221124711923,-3.70797211,1920,b434_stop,0.43465500324845
FIL/USDT:USDT,2026-09-28 04:00:00+00:00,2026-09-29 12:00:00+00:00,1.0884,1.0844,10.0,True,99.991308,918.7,0.024944096698019273,2.49269634,1920,b434_stop,0.015587160806041118
COLLECT/USDT:USDT,2026-09-29 12:00:00+00:00,2026-09-29 12:00:00+00:00,0.01854,0.01854,10.0,False,99.999198,53937.0,-0.01249266625154712,-1.25000616,0,b434_stop,-0.0500157801
AAVE/USDT:USDT,2026-09-29 12:00:00+00:00,2026-09-29 16:00:00+00:00,171.27,169.95,10.0,False,99.3366,5.8,-0.08996330467031861,-8.9420108,240,b434_stop,-0.0985652
COLLECT/USDT:USDT,2026-09-29 16:00:00+00:00,2026-09-29 16:00:00+00:00,0.018,0.018,10.0,True,99.999,55555.0,-0.011506772662283357,-1.14997536,0,b434_stop,0.0500126387575
MOVR/USDT:USDT,2026-09-29 20:00:00+00:00,2026-09-29 20:00:00+00:00,1.1613,1.1613,10.0,False,99.999543,861.1,-0.011864892119818633,-1.18719568,0,b434_stop,0.012798839296
LIT/USDT:USDT,2026-09-29 20:00:00+00:00,2026-09-29 20:00:00+00:00,4.4574,4.4574,10.0,False,99.979482,224.3,-0.01249248205615907,-1.24974128,0,b434_stop,-0.049987498000000005
QNT/USDT:USDT,2026-09-29 20:00:00+00:00,2026-09-30 00:00:00+00:00,265.74,266.64,10.0,True,98.3238,3.7,-0.04570953391795908,-4.49163847,240,b434_stop,0.0202451346
PENGU/USDT:USDT,2026-09-30 00:00:00+00:00,2026-09-30 04:00:00+00:00,0.009968,0.009826,10.0,False,99.9999728,100321.0,-0.15527022072640428,-15.53633406,240,b434_stop,-0.09929973221999999
QNT/USDT:USDT,2026-09-30 04:00:00+00:00,2026-09-30 04:00:00+00:00,295.95,295.95,10.0,False,97.6635,3.3,-0.011992804317409553,-1.171962,0,b434_stop,0.0
XLM/USDT:USDT,2026-09-30 04:00:00+00:00,2026-09-30 04:00:00+00:00,0.22126,0.22126,10.0,True,99.987394,4519.0,-0.012007204342608086,-1.19984873,0,b434_stop,0.0
WLD/USDT:USDT,2026-09-28 08:00:00+00:00,2026-09-30 08:00:00+00:00,0.5095,0.5014,10.0,True,99.9639,1962.0,0.15073928209996956,15.05944543,2880,b434_stop,0.3572769066001416
MUBARAK/USDT:USDT,2026-09-30 08:00:00+00:00,2026-09-30 08:00:00+00:00,0.05975,0.05975,10.0,True,99.9976,16736.0,-0.011506994698991448,-1.14998145,0,b434_stop,0.049989754192
ENA/USDT:USDT,2026-09-28 00:00:00+00:00,2026-09-30 12:00:00+00:00,0.27227,0.25594,10.0,True,99.977544,3672.0,0.5960186378228359,59.5527265,3600,b434_stop,0.7527187707840001
BNB/USDT:USDT,2026-09-28 04:00:00+00:00,2026-09-30 12:00:00+00:00,770.88,770.59,10.0,True,99.44352,1.29,-0.007621205662376255,-0.75742479,3360,b434_stop,0.061572985758443624
BNB/USDT:USDT,2026-09-30 12:00:00+00:00,2026-09-30 12:00:00+00:00,770.59,770.59,10.0,False,99.40611,1.29,-0.011992804317409553,-1.19287332,0,b434_stop,0.0
US/USDT:USDT,2026-09-29 08:00:00+00:00,2026-09-30 12:00:00+00:00,0.026445,0.020795,10.0,True,99.999123,37814.0,2.1471163597281855,214.5809271,1680,b434_stop,2.003627113156172
LIT/USDT:USDT,2026-09-30 00:00:00+00:00,2026-09-30 12:00:00+00:00,3.9287,3.9028,10.0,True,99.985415,254.5,0.05410116411886518,5.40608175,720,b434_stop,0.010401804907234004
ZRO/USDT:USDT,2026-09-30 04:00:00+00:00,2026-09-30 12:00:00+00:00,1.7837,1.7465,10.0,False,99.994222,560.6,-0.22174786995750678,-22.18680984,480,b434_stop,-0.14507176690734602
AXS/USDT:USDT,2026-09-30 08:00:00+00:00,2026-09-30 12:00:00+00:00,1.1703,1.1665,10.0,False,99.94362,854.0,-0.045421990589291646,-4.54236195,240,b434_stop,-0.09978563
NEAR/USDT:USDT,2026-09-30 12:00:00+00:00,2026-09-30 12:00:00+00:00,5.297,5.297,10.0,False,99.5836,188.0,-0.011992804317409553,-1.1950032,0,b434_stop,0.0
DOGE/USDT:USDT,2026-09-30 12:00:00+00:00,2026-09-30 12:00:00+00:00,0.0958,0.0958,10.0,False,99.99604,10438.0,-0.011992804317409556,-1.19995248,0,b434_stop,0.0
SAND/USDT:USDT,2026-09-30 12:00:00+00:00,2026-09-30 12:00:00+00:00,0.04521,0.04521,10.0,False,99.999999,22119.0,-0.011992804337397562,-1.19999999,0,b434_stop,0.0
NIL/USDT:USDT,2026-09-30 12:00:00+00:00,2026-09-30 12:00:00+00:00,0.09642,0.09642,10.0,False,99.9991104,10371.2,-0.012492504497301618,-1.24998888,0,b434_stop,-0.04999955520000001
COLLECT/USDT:USDT,2026-09-30 04:00:00+00:00,2026-09-30 16:00:00+00:00,0.01861,0.01869,10.0,False,99.998974,53734.0,0.028925466273584985,2.89425246,720,b434_stop,-0.201900615206
SAND/USDT:USDT,2026-09-30 20:00:00+00:00,2026-09-30 20:00:00+00:00,0.04282,0.04282,10.0,True,99.997546,23353.0,-0.012007204302581058,-1.19997055,0,b434_stop,0.0
AAVE/USDT:USDT,2026-09-30 20:00:00+00:00,2026-10-01 00:00:00+00:00,158.05,159.38,10.0,True,99.5715,6.3,-0.0960111319348817,-9.55423644,240,b434_stop,0.024648961049999998
ZEC/USDT:USDT,2026-10-01 00:00:00+00:00,2026-10-01 00:00:00+00:00,1438.1,1438.1,10.0,False,99.94795,0.695,-0.012081251913447853,-1.20822086,0,b434_stop,-0.008845455082499998
US/USDT:USDT,2026-10-01 00:00:00+00:00,2026-10-01 00:00:00+00:00,0.026903,0.026903,10.0,False,99.998451,37170.0,-0.01918865971484948,-1.91998755,0,b434_stop,-0.720006142401
PENGU/USDT:USDT,2026-10-01 00:00:00+00:00,2026-10-01 00:00:00+00:00,0.009605,0.009605,10.0,True,99.999576,104112.0,-0.012105783667926393,-1.20984689,0,b434_stop,-0.009851978477304
WLD/USDT:USDT,2026-09-30 16:00:00+00:00,2026-10-01 04:00:00+00:00,0.5354,0.5377,10.0,False,99.95918,1867.0,0.02891559797031755,2.89211369,720,b434_stop,-0.19989969000000002
AVAX/USDT:USDT,2026-09-30 16:00:00+00:00,2026-10-01 04:00:00+00:00,10.95,11.118,10.0,True,99.645,91.0,-0.16548592088666822,-16.47995068,720,b434_stop,0.012962122750212999
SAND/USDT:USDT,2026-10-01 04:00:00+00:00,2026-10-01 04:00:00+00:00,0.04467,0.04467,10.0,False,99.998262,22386.0,-0.011992804277432843,-1.19997914,0,b434_stop,0.0
ENA/USDT:USDT,2026-10-01 04:00:00+00:00,2026-10-01 04:00:00+00:00,0.26897,0.26897,10.0,False,99.976149,3717.0,-0.01249250447231065,-1.24970186,0,b434_stop,-0.0499880745
PENGU/USDT:USDT,2026-10-01 04:00:00+00:00,2026-10-01 04:00:00+00:00,0.009936,0.009936,10.0,False,99.9998784,100644.0,-0.012492504497301618,-1.24999848,0,b434_stop,-0.0499999392
BCH/USDT:USDT,2026-10-01 04:00:00+00:00,2026-10-01 04:00:00+00:00,308.12,308.12,10.0,False,99.98494,3.245,-0.011992804317409556,-1.19981928,0,b434_stop,0.0
1000SHIB/USDT:USDT,2026-09-30 00:00:00+00:00,2026-10-01 08:00:00+00:00,0.005758,0.005737,10.0,False,99.9997618,173671.0,-0.053429989552865535,-5.34619202,1920,b434_stop,-0.501292136937
DOT/USDT:USDT,2026-09-30 12:00:00+00:00,2026-10-01 08:00:00+00:00,1.2277,1.2296,10.0,False,99.996165,814.5,0.0004644292639903972,0.04646901,1200,b434_stop,-0.3001984804305
QNT/USDT:USDT,2026-10-01 00:00:00+00:00,2026-10-01 08:00:00+00:00,286.86,300.86,10.0,True,97.5324,3.4,-0.5020781805221688,-48.9395086,480,b434_stop,-0.14055980145503402
COLLECT/USDT:USDT,2026-10-01 00:00:00+00:00,2026-10-01 08:00:00+00:00,0.01832,0.01818,10.0,True,99.99972,54585.0,0.06600193735695552,6.59621515,480,b434_stop,0.14972665500000001
FET/USDT:USDT,2026-10-01 04:00:00+00:00,2026-10-01 08:00:00+00:00,0.2341,0.2357,10.0,False,99.98411,4271.0,0.055265720859562675,5.52900933,240,b434_stop,-0.10068119272300001
ORCA/USDT:USDT,2026-10-01 08:00:00+00:00,2026-10-01 08:00:00+00:00,1.679,1.679,10.0,False,99.98445,595.5,-0.01249250444732383,-1.24980562,0,b434_stop,-0.049992225
SAND/USDT:USDT,2026-10-01 12:00:00+00:00,2026-10-01 12:00:00+00:00,0.0431,0.0431,10.0,True,99.99631,23201.0,-0.012007204322593557,-1.19995572,0,b434_stop,0.0
US/USDT:USDT,2026-10-01 12:00:00+00:00,2026-10-01 12:00:00+00:00,0.02124,0.02124,10.0,True,99.99792,47080.0,-0.009056587316379799,-0.90509651,0,b434_stop,0.294878525994184
ZRO/USDT:USDT,2026-10-01 12:00:00+00:00,2026-10-01 12:00:00+00:00,1.655,1.655,10.0,True,99.9951,604.2,-0.011506779261441363,-1.14993117,0,b434_stop,0.05001002582370001
LIT/USDT:USDT,2026-10-01 12:00:00+00:00,2026-10-01 12:00:00+00:00,3.9749,3.9749,10.0,False,99.968735,251.5,-0.012492493925337491,-1.24960813,0,b434_stop,-0.049983311200000005
PUMP/USDT:USDT,2026-10-01 08:00:00+00:00,2026-10-01 16:00:00+00:00,0.005617,0.005512,10.0,True,99.999451,178030.0,0.17664584601143005,17.65388893,480,b434_stop,0.149516448155
AXS/USDT:USDT,2026-10-01 12:00:00+00:00,2026-10-01 16:00:00+00:00,1.1356,1.1418,10.0,True,99.9328,880.0,-0.06566593178873158,-6.55824312,240,b434_stop,0.10022407559999999
WLD/USDT:USDT,2026-10-01 16:00:00+00:00,2026-10-01 16:00:00+00:00,0.4878,0.4878,10.0,True,99.999,2050.0,-0.011108258671139843,-1.11014827,0,b434_stop,0.0898397325039
US/USDT:USDT,2026-10-01 16:00:00+00:00,2026-10-01 16:00:00+00:00,0.033274,0.033274,10.0,False,99.9983522,30053.0,-0.018869036988352877,-1.88800473,0,b434_stop,-0.6880245075113863
COLLECT/USDT:USDT,2026-10-01 16:00:00+00:00,2026-10-01 16:00:00+00:00,0.01866,0.01866,10.0,False,99.99894,53590.0,-0.012492903462154271,-1.25002667,0,b434_stop,-0.050039394550000005
GTC/USDT:USDT,2026-05-13 04:00:00+00:00,2026-10-01 20:00:00+00:00,0.13724,0.11917,10.0,True,99.999926,7286.5,1.5585245301342479,155.75882628,204000,b434_stop,25.212770156559888
AIN/USDT:USDT,2026-10-01 00:00:00+00:00,2026-10-01 20:00:00+00:00,0.02316,0.02359,10.0,True,99.997932,43177.0,-0.1874968084926348,-18.73804353,1200,b434_stop,1.0391813208057197
ZRO/USDT:USDT,2026-10-01 20:00:00+00:00,2026-10-01 20:00:00+00:00,1.8719,1.8719,10.0,False,99.996898,534.2,-0.012455751258475395,-1.24628381,0,b434_stop,-0.046321037568000004
BR/USDT:USDT,2026-10-01 16:00:00+00:00,2026-10-02 00:00:00+00:00,0.7332,0.72413,10.0,False,99.93516,1363.0,-0.13703061359208776,-13.7023928,480,b434_stop,-0.148178321468
DOT/USDT:USDT,2026-10-01 16:00:00+00:00,2026-10-02 00:00:00+00:00,1.1717,1.1754,10.0,True,99.992878,853.4,-0.044464074576098134,-4.44342313,480,b434_stop,-0.0840340436868
BTC/USDT:USDT,2026-09-23 12:00:00+00:00,2026-10-02 04:00:00+00:00,85622.7,85476.6,10.0,True,94.18497,0.011,0.012667736861303345,1.19239455,12480,b434_stop,0.7145499291449188
SOL/USDT:USDT,2026-09-28 00:00:00+00:00,2026-10-02 04:00:00+00:00,121.95,121.22,10.0,True,99.999,8.2,0.048735766625226794,4.87060381,6000,b434_stop,0.08100020891340402
PENGU/USDT:USDT,2026-10-01 08:00:00+00:00,2026-10-02 04:00:00+00:00,0.009638,0.009574,10.0,True,99.999069,103755.0,0.057053935414684245,5.70191722,1200,b434_stop,0.257601854785956
NEAR/USDT:USDT,2026-10-01 16:00:00+00:00,2026-10-02 04:00:00+00:00,4.914,4.92,10.0,True,99.7542,203.0,-0.02344184900220985,-2.33701984,720,b434_stop,0.0787613620730986
SAND/USDT:USDT,2026-10-01 20:00:00+00:00,2026-10-02 04:00:00+00:00,0.04427,0.04463,10.0,False,99.997076,22588.0,0.06885018207798477,6.88894778,480,b434_limit,-0.037888296446322405
ZEC/USDT:USDT,2026-10-01 16:00:00+00:00,2026-10-02 08:00:00+00:00,1378.04,1385.99,10.0,True,99.9079,0.725,-0.06679070004622947,-6.66891483,960,b434_stop,0.297188217046425
COLLECT/USDT:USDT,2026-10-01 20:00:00+00:00,2026-10-02 08:00:00+00:00,0.0184,0.01832,10.0,True,99.99848,54347.0,0.0335205343270107,3.34999128,720,b434_stop,0.1996043844455
SOL/USDT:USDT,2026-10-02 04:00:00+00:00,2026-10-02 12:00:00+00:00,121.22,121.8,10.0,False,99.88528,8.24,0.03479336057587307,3.47742977,480,b434_stop,-0.10027934984240001
MUBARAK/USDT:USDT,2026-10-02 08:00:00+00:00,2026-10-02 12:00:00+00:00,0.06414,0.06476,10.0,False,99.99426,15590.0,0.08355115751943183,8.35964895,240,b434_stop,-0.10042045162500002
PENGU/USDT:USDT,2026-10-02 12:00:00+00:00,2026-10-02 12:00:00+00:00,0.009883,0.009883,10.0,False,99.9991589,101183.0,-0.012492555104863,-1.24999455,0,b434_stop,-0.050004638600000005
MOVR/USDT:USDT,2026-10-02 12:00:00+00:00,2026-10-02 12:00:00+00:00,2.1364,2.1364,10.0,True,99.9984748,468.07,-0.01196588172315976,-1.19585198,0,b434_stop,0.004129721001394366
VIRTUAL/USDT:USDT,2026-09-25 08:00:00+00:00,2026-10-02 16:00:00+00:00,0.7705,0.8072,10.0,False,99.99549,1297.8,0.4427118336832714,44.29574825,10560,b434_stop,-2.1049883141687618
SUI/USDT:USDT,2026-10-02 04:00:00+00:00,2026-10-02 16:00:00+00:00,1.1849,1.1664,10.0,False,99.993711,843.9,-0.16903260597528097,-16.91233887,720,b434_stop,-0.10963163286808032
AIN/USDT:USDT,2026-10-02 08:00:00+00:00,2026-10-02 16:00:00+00:00,0.02361,0.02391,10.0,False,99.997794,42354.0,0.10616457954809035,10.62259349,480,b434_stop,-0.8760092638648103
AXS/USDT:USDT,2026-10-02 08:00:00+00:00,2026-10-02 16:00:00+00:00,1.2253,1.2155,10.0,False,99.98448,816.0,-0.09267905478670445,-9.27202698,480,b434_stop,-0.0802113034659552
ZEC/USDT:USDT,2026-10-02 12:00:00+00:00,2026-10-02 16:00:00+00:00,1377.82,1371.87,10.0,False,99.89195,0.725,-0.05612048927801128,-5.6093487,240,b434_stop,-0.09948355408380001
ONDO/USDT:USDT,2026-10-02 12:00:00+00:00,2026-10-02 16:00:00+00:00,0.5067,0.5075,10.0,False,99.997245,1973.5,0.0035569736692198295,0.35590098,240,b434_stop,-0.021984804828879004
COLLECT/USDT:USDT,2026-10-02 12:00:00+00:00,2026-10-02 16:00:00+00:00,0.01876,0.01864,10.0,False,99.998304,53304.0,-0.07687793716982239,-7.69227593,240,b434_stop,-0.099654173376
FIL/USDT:USDT,2026-10-02 16:00:00+00:00,2026-10-02 16:00:00+00:00,1.0454,1.0454,10.0,False,99.99251,956.5,-0.012577153701808466,-1.25837574,0,b434_stop,-0.05846562059700001
DOT/USDT:USDT,2026-10-02 16:00:00+00:00,2026-10-02 16:00:00+00:00,1.2144,1.2144,10.0,False,99.993696,823.4,-0.012992154024390298,-1.29991298,0,b434_stop,-0.0999886329134
WLD/USDT:USDT,2026-10-02 12:00:00+00:00,2026-10-02 20:00:00+00:00,0.5422,0.5408,10.0,False,99.98168,1844.0,-0.03884287565903421,-3.88590611,480,b434_stop,-0.10607491062
DOGE/USDT:USDT,2026-10-02 20:00:00+00:00,2026-10-02 20:00:00+00:00,0.09143,0.09143,10.0,True,99.996991,10937.0,-0.012007204302580947,-1.19996389,0,b434_stop,0.0
MUBARAK/USDT:USDT,2026-10-02 20:00:00+00:00,2026-10-02 20:00:00+00:00,0.06067,0.06067,10.0,True,99.996294,16482.0,-0.011506904132479116,-1.14995738,0,b434_stop,0.04999814700000001
ONDO/USDT:USDT,2026-10-02 20:00:00+00:00,2026-10-02 20:00:00+00:00,0.4804,0.4804,10.0,True,99.99526,2081.5,-0.012979387586389645,-1.29709851,0,b434_stop,-0.097155394616
COLLECT/USDT:USDT,2026-10-02 20:00:00+00:00,2026-10-02 20:00:00+00:00,0.01767,0.01767,10.0,True,99.999831,56593.0,-0.011507039458903889,-1.15001158,0,b434_stop,0.049986389772999996
FIL/USDT:USDT,2026-10-02 20:00:00+00:00,2026-10-02 20:00:00+00:00,0.9988,0.9988,10.0,True,99.999856,1001.2,-0.01200720430258152,-1.19999827,0,b434_stop,0.0
1000SHIB/USDT:USDT,2026-10-02 20:00:00+00:00,2026-10-02 20:00:00+00:00,0.005581,0.005581,10.0,True,99.9997999,179179.0,-0.012007204334600785,-1.1999976,0,b434_stop,0.0
SUI/USDT:USDT,2026-10-02 16:00:00+00:00,2026-10-03 00:00:00+00:00,1.1664,1.1456,10.0,True,99.995472,857.3,0.16651512265446364,16.64076783,480,b434_stop,-0.00182561017487776
ZEC/USDT:USDT,2026-10-02 20:00:00+00:00,2026-10-03 00:00:00+00:00,1279.64,1301.27,10.0,True,99.939884,0.781,-0.18022455812395896,-18.00081446,240,b434_stop,0.101629968
PENGU/USDT:USDT,2026-10-02 20:00:00+00:00,2026-10-03 00:00:00+00:00,0.008847,0.008922,10.0,True,99.9994104,113032.0,-0.09761910107752914,-9.75599544,240,b434_stop,-0.07351607383728001
DOT/USDT:USDT,2026-10-02 20:00:00+00:00,2026-10-03 00:00:00+00:00,1.1474,1.1536,10.0,True,99.99591,871.5,-0.06671774906812421,-6.66749913,240,b434_stop,-0.0610062307368318
VIRTUAL/USDT:USDT,2026-10-02 20:00:00+00:00,2026-10-03 00:00:00+00:00,0.7481,0.7596,10.0,True,99.998527,1336.7,-0.16651788166571133,-16.64155196,240,b434_stop,-0.06029640752354785
ZRO/USDT:USDT,2026-10-03 00:00:00+00:00,2026-10-03 00:00:00+00:00,1.7439,1.7439,10.0,True,99.995226,573.4,-0.011506857021964995,-1.14994039,0,b434_stop,0.050002321474100005
FIL/USDT:USDT,2026-10-03 04:00:00+00:00,2026-10-03 04:00:00+00:00,1.0616,1.0616,10.0,False,99.992104,941.9,-0.011992804337399141,-1.19990525,0,b434_stop,0.0
FET/USDT:USDT,2026-10-02 20:00:00+00:00,2026-10-03 08:00:00+00:00,0.2173,0.2169,10.0,True,99.97973,4601.0,0.008429570491028786,0.84228051,720,b434_stop,0.200533029862
BNB/USDT:USDT,2026-10-03 08:00:00+00:00,2026-10-03 08:00:00+00:00,765.56,765.56,10.0,True,99.5228,1.3,-0.012007204322593557,-1.1942736,0,b434_stop,0.0
STRK/USDT:USDT,2026-09-21 12:00:00+00:00,2026-10-03 12:00:00+00:00,0.04681,0.04402,10.0,True,99.9997349,21362.9,0.6130039283553833,61.26345019,17280,b434_stop,2.825194512908184
LYN/USDT:USDT,2026-10-02 20:00:00+00:00,2026-10-03 12:00:00+00:00,0.02585,0.028,10.0,False,99.99814,38684.0,0.8000200107939476,80.04851335,960,b434_stop,-1.872206606553111
GTC/USDT:USDT,2026-10-03 12:00:00+00:00,2026-10-03 12:00:00+00:00,0.12219,0.12219,10.0,True,99.9990741,8183.9,-0.012007204330598431,-1.19998889,0,b434_stop,0.0
AIN/USDT:USDT,2026-10-03 12:00:00+00:00,2026-10-03 12:00:00+00:00,0.02322,0.02322,10.0,True,99.999252,43066.0,-0.01080302277178944,-1.07964602,0,b434_stop,0.120345008512
LIT/USDT:USDT,2026-10-02 20:00:00+00:00,2026-10-03 16:00:00+00:00,3.5698,3.508,10.0,True,99.990098,280.1,0.16427774847166707,16.41629248,1200,b434_stop,0.2956075440713001
BTC/USDT:USDT,2026-10-03 08:00:00+00:00,2026-10-03 16:00:00+00:00,84509.4,84835.1,10.0,True,92.96034,0.011,-0.050102626176911344,-4.65476263,480,b434_stop,0.045611065479400394
AIN/USDT:USDT,2026-10-03 16:00:00+00:00,2026-10-03 16:00:00+00:00,0.04623,0.04623,10.0,False,99.99549,21630.0,-0.0356384767736155,-3.56582516,0,b434_stop,-2.365879279323
STRK/USDT:USDT,2026-10-03 12:00:00+00:00,2026-10-03 20:00:00+00:00,0.04402,0.05139,10.0,False,99.9997938,22716.9,1.6585964578032297,165.95881936,480,b434_limit,-0.1642819874652
ZEC/USDT:USDT,2026-10-03 20:00:00+00:00,2026-10-03 20:00:00+00:00,1320.23,1320.23,10.0,False,99.941411,0.757,-0.011992804297409829,-1.19929693,0,b434_stop,0.0
COLLECT/USDT:USDT,2026-10-03 20:00:00+00:00,2026-10-03 20:00:00+00:00,0.02054,0.02054,10.0,False,99.99899,48685.0,-0.012492504447331097,-1.24998737,0,b434_stop,-0.049999495000000005
AXS/USDT:USDT,2026-10-03 20:00:00+00:00,2026-10-04 00:00:00+00:00,1.1985,1.1963,10.0,True,99.9549,834.0,0.005535547762779456,0.55297314,240,b434_stop,-0.08346893507347558
AVAX/USDT:USDT,2026-10-03 20:00:00+00:00,2026-10-04 04:00:00+00:00,11.135,11.037,10.0,False,99.1015,89.0,-0.10089617536168916,-10.0049617,480,b434_stop,-0.09897690000000002
ONDO/USDT:USDT,2026-10-04 00:00:00+00:00,2026-10-04 04:00:00+00:00,0.5014,0.4955,10.0,False,99.999216,1994.4,-0.13051599806053574,-13.05932838,240,b434_stop,-0.0994379599296
MUBARAK/USDT:USDT,2026-10-04 04:00:00+00:00,2026-10-04 04:00:00+00:00,0.06684,0.06684,10.0,False,99.999324,14961.0,-0.01249219338186648,-1.24996042,0,b434_stop,-0.049968528159000006
BEAMX/USDT:USDT,2026-10-02 00:00:00+00:00,2026-10-04 08:00:00+00:00,0.002061,0.002411,10.0,False,99.9999261,485201.0,1.6763835827411313,167.73881733,3360,b434_limit,-0.779641345242
VIRTUAL/USDT:USDT,2026-10-04 00:00:00+00:00,2026-10-04 12:00:00+00:00,0.7974,0.7852,10.0,False,99.99396,1254.0,-0.16620631839391162,-16.62959973,720,b434_stop,-0.140051491116999
AVAX/USDT:USDT,2026-10-04 12:00:00+00:00,2026-10-04 16:00:00+00:00,10.983,11.079,10.0,True,99.9453,91.0,-0.09904063009758714,-9.8927063,240,b434_stop,0.04787889561
ADA/USDT:USDT,2026-09-21 04:00:00+00:00,2026-10-05 00:00:00+00:00,0.2319,0.2598,10.0,False,99.99528,4312.0,1.156653560468202,115.72929258,19920,b434_limit,-3.303381175103979
ZRO/USDT:USDT,2026-10-03 12:00:00+00:00,2026-10-05 00:00:00+00:00,1.9972,1.974,10.0,False,99.999804,500.7,-0.13304633022913226,-13.31258971,2160,b434_stop,-0.5033218048953
AVAX/USDT:USDT,2026-10-04 16:00:00+00:00,2026-10-05 00:00:00+00:00,11.079,11.099,10.0,False,99.711,90.0,0.004561806948084362,0.45513525,480,b434_stop,-0.1472527539
BTC/USDT:USDT,2026-10-04 16:00:00+00:00,2026-10-05 00:00:00+00:00,85204.2,86482.8,10.0,False,93.72462,0.011,0.1367519143558612,12.82471142,480,force_exit,-0.10675437507715121
ETH/USDT:USDT,2026-09-21 00:00:00+00:00,2026-10-05 00:00:00+00:00,2643.71,2725.71,10.0,False,99.932238,0.378,0.273846927236985,27.38255599,20160,force_exit,-2.3956595493969104
XRP/USDT:USDT,2026-09-26 04:00:00+00:00,2026-10-05 00:00:00+00:00,1.5579,1.5201,10.0,True,99.986022,641.8,0.24293445497667576,24.27547573,12720,force_exit,1.200711968191453
NEAR/USDT:USDT,2026-10-04 08:00:00+00:00,2026-10-05 00:00:00+00:00,4.802,4.913,10.0,False,99.8816,208.0,0.21585870563011245,21.57324908,960,force_exit,-0.302318917472
BNB/USDT:USDT,2026-10-03 16:00:00+00:00,2026-10-05 00:00:00+00:00,779.26,795.85,10.0,False,99.74528,1.28,0.197434449402895,19.70497033,1920,force_exit,-0.32054518697679746
SUI/USDT:USDT,2026-10-03 20:00:00+00:00,2026-10-05 00:00:00+00:00,1.1738,1.2076,10.0,False,99.996022,851.9,0.2738821788627773,27.40356066,1680,force_exit,-0.1734305423011
DOGE/USDT:USDT,2026-10-04 16:00:00+00:00,2026-10-05 00:00:00+00:00,0.09414,0.09589,10.0,False,99.995508,10622.0,0.17166001648463047,17.17552969,480,force_exit,-0.20187111
HYPE/USDT:USDT,2026-09-27 16:00:00+00:00,2026-10-05 00:00:00+00:00,91.353,90.555,10.0,True,99.940182,10.94,0.0835165954395495,8.34165575,10560,force_exit,0.8055798605444602
GTC/USDT:USDT,2026-10-04 20:00:00+00:00,2026-10-05 00:00:00+00:00,0.15942,0.17532,10.0,False,99.9993834,6272.7,1.0487549870110173,104.93777695,240,force_exit,6.4616811076057115
PUMP/USDT:USDT,2026-10-04 00:00:00+00:00,2026-10-05 00:00:00+00:00,0.006268,0.006516,10.0,False,99.999672,159540.0,0.3806709772636077,38.08981305,1440,force_exit,-0.252371331392898
WLD/USDT:USDT,2026-10-04 20:00:00+00:00,2026-10-05 00:00:00+00:00,0.5776,0.5834,10.0,True,99.98256,1731.0,-0.1117417726360703,-11.16552515,240,force_exit,0.0800894457026955
ENA/USDT:USDT,2026-10-01 16:00:00+00:00,2026-10-05 00:00:00+00:00,0.24947,0.24135,10.0,True,99.987576,4008.0,0.32055674882418617,32.03246127,4800,force_exit,0.6678252057714577
1000PEPE/USDT:USDT,2026-09-23 12:00:00+00:00,2026-10-05 00:00:00+00:00,0.0047347,0.0044004,10.0,True,99.99970482,211206.0,0.6991849963137476,69.87634227,16560,force_exit,0.42780923006076366
FET/USDT:USDT,2026-10-04 12:00:00+00:00,2026-10-05 00:00:00+00:00,0.2343,0.2534,10.0,False,99.99924,4268.0,0.8000966202106277,80.05705938,720,force_exit,-0.212838463508
UNI/USDT:USDT,2026-09-27 20:00:00+00:00,2026-10-05 00:00:00+00:00,9.73,9.077,10.0,True,99.246,102.0,0.6771395079152966,67.16306557,10320,force_exit,1.7080539672524215
TAO/USDT:USDT,2026-09-28 00:00:00+00:00,2026-10-05 00:00:00+00:00,319.81,304.43,10.0,True,99.972606,3.126,0.4861400989741662,48.57153216,10080,force_exit,1.6644767032318177
AAVE/USDT:USDT,2026-10-01 08:00:00+00:00,2026-10-05 00:00:00+00:00,164.7,179.02,10.0,False,98.82,6.0,0.8513778195337401,84.18363602,5280,force_exit,-0.4989719836024434
LINK/USDT:USDT,2026-09-30 00:00:00+00:00,2026-10-05 00:00:00+00:00,14.599,14.268,10.0,True,99.988551,68.49,0.22163981470588376,22.14814705,7200,force_exit,0.6642175443379115
LTC/USDT:USDT,2026-09-24 04:00:00+00:00,2026-10-05 00:00:00+00:00,66.54,70.65,10.0,False,99.996312,15.028,0.578909907463028,57.92358904,15600,force_exit,-2.604476169545271
PENGU/USDT:USDT,2026-10-04 08:00:00+00:00,2026-10-05 00:00:00+00:00,0.009286,0.009579,10.0,False,99.9990768,107688.0,0.30063925681283216,30.08168632,960,force_exit,-0.251977212816
ARB/USDT:USDT,2026-09-28 00:00:00+00:00,2026-10-05 00:00:00+00:00,0.22606,0.20398,10.0,True,99.9999016,4423.6,0.9680988870699813,96.75170757,10080,force_exit,0.22001453472064894
TRUMP/USDT:USDT,2026-08-29 20:00:00+00:00,2026-10-05 00:00:00+00:00,2.665,2.064,10.0,True,99.998795,375.23,2.1922975518663086,219.0955772,52080,force_exit,-5.352975195409707
XLM/USDT:USDT,2026-10-04 16:00:00+00:00,2026-10-05 00:00:00+00:00,0.21851,0.22403,10.0,False,99.990176,4576.0,0.23829967050366388,23.84192257,480,force_exit,-0.202559609824
BR/USDT:USDT,2026-10-02 08:00:00+00:00,2026-10-05 00:00:00+00:00,0.68312,0.43472,10.0,True,99.940456,1463.0,3.6327688841773584,362.84274248,3840,force_exit,0.4147824351979
AXS/USDT:USDT,2026-10-04 04:00:00+00:00,2026-10-05 00:00:00+00:00,1.3156,1.357,10.0,False,99.9856,760.0,0.3348843372762088,33.50370156,1200,force_exit,3.25840715748344
DOT/USDT:USDT,2026-10-04 00:00:00+00:00,2026-10-05 00:00:00+00:00,1.1849,1.2048,10.0,False,99.993711,843.9,0.15172187139073043,15.1803357,1440,force_exit,-0.4032736009977
1000SHIB/USDT:USDT,2026-10-04 20:00:00+00:00,2026-10-05 00:00:00+00:00,0.005817,0.005921,10.0,False,99.9994653,171909.0,0.16556267718848,16.5661129,240,force_exit,-0.10170239585400001
US/USDT:USDT,2026-10-03 00:00:00+00:00,2026-10-05 00:00:00+00:00,0.02441,0.013777,10.0,True,99.998006,40966.0,4.347843635765956,434.51482856,2880,force_exit,-0.1380282531472074
LIT/USDT:USDT,2026-10-03 20:00:00+00:00,2026-10-05 00:00:00+00:00,3.5651,3.6616,10.0,False,99.965404,280.4,0.254321149346187,25.43857043,1680,force_exit,-0.4042095662568
